Date,Open,High,Low,Close,Adj Close,Volume
2005-02-04,13.050000190734863,14.600000381469727,13.0,13.75,13.045660018920898,7476300
2005-02-07,13.850000381469727,14.0,13.630000114440918,13.800000190734863,13.093099594116211,323400
2005-02-08,13.75,14.199999809265137,13.75,13.899999618530273,13.187976837158203,90800
2005-02-09,13.899999618530273,13.930000305175781,13.109999656677246,13.109999656677246,12.438444137573242,368300
2005-02-10,13.119999885559082,13.210000038146973,13.0,13.0,12.334078788757324,554900
2005-02-11,13.029999732971191,13.300000190734863,13.020000457763672,13.300000190734863,12.618711471557617,273300
2005-02-14,13.380000114440918,13.550000190734863,13.380000114440918,13.520000457763672,12.82744312286377,63900
2005-02-15,13.520000457763672,13.600000381469727,13.199999809265137,13.260000228881836,12.580760955810547,105800
2005-02-16,13.239999771118164,13.239999771118164,13.0,13.199999809265137,12.523835182189941,73000
2005-02-17,13.149999618530273,13.34000015258789,13.050000190734863,13.149999618530273,12.476395606994629,56800
2005-02-18,13.149999618530273,13.289999961853027,13.0,13.100000381469727,12.42895793914795,107100
2005-02-22,13.199999809265137,13.420000076293945,13.199999809265137,13.350000381469727,12.666150093078613,48700
2005-02-23,13.25,13.680000305175781,13.199999809265137,13.649999618530273,12.95078182220459,73700
2005-02-24,13.600000381469727,14.050000190734863,13.600000381469727,14.050000190734863,13.330292701721191,41200
2005-02-25,14.100000381469727,14.300000190734863,14.020000457763672,14.300000190734863,13.567487716674805,126800
2005-02-28,14.279999732971191,14.449999809265137,14.050000190734863,14.449999809265137,13.709802627563477,56700
2005-03-01,14.5,14.699999809265137,14.300000190734863,14.699999809265137,13.94699764251709,45200
2005-03-02,14.600000381469727,14.600000381469727,14.350000381469727,14.380000114440918,13.643389701843262,37600
2005-03-03,14.449999809265137,14.449999809265137,14.079999923706055,14.149999618530273,13.4251708984375,74900
2005-03-04,14.180000305175781,14.829999923706055,14.149999618530273,14.399999618530273,13.662364959716797,156400
2005-03-07,14.25,14.600000381469727,14.220000267028809,14.600000381469727,13.852119445800781,91300
2005-03-08,14.550000190734863,14.75,14.350000381469727,14.390000343322754,13.652876853942871,37300
2005-03-09,14.350000381469727,14.350000381469727,14.050000190734863,14.100000381469727,13.37773323059082,25400
2005-03-10,14.100000381469727,14.25,13.850000381469727,13.949999809265137,13.2354154586792,57800
2005-03-11,13.899999618530273,13.960000038146973,13.699999809265137,13.819999694824219,13.112075805664062,57900
2005-03-14,13.920000076293945,13.930000305175781,13.5,13.819999694824219,13.112075805664062,40800
2005-03-15,13.800000190734863,14.109999656677246,13.65999984741211,14.109999656677246,13.38722038269043,69000
2005-03-16,14.109999656677246,14.25,13.930000305175781,14.25,13.520048141479492,54000
2005-03-17,14.25,14.369999885559082,14.25,14.350000381469727,13.6149263381958,23800
2005-03-18,14.350000381469727,15.0,14.350000381469727,15.0,14.231630325317383,405200
2005-03-21,15.0,15.0,14.75,14.949999809265137,14.18419075012207,59900
2005-03-22,14.899999618530273,15.0,14.75,14.760000228881836,14.003924369812012,189400
2005-03-23,14.75,14.970000267028809,14.739999771118164,14.949999809265137,14.18419075012207,135600
2005-03-24,14.979999542236328,15.640000343322754,14.979999542236328,15.229999542236328,14.449847221374512,271600
2005-03-28,15.25,15.3100004196167,15.100000381469727,15.220000267028809,14.440361022949219,111700
2005-03-29,15.149999618530273,15.390000343322754,15.100000381469727,15.199999809265137,14.421385765075684,173600
2005-03-30,15.210000038146973,15.350000381469727,15.149999618530273,15.270000457763672,14.487799644470215,111200
2005-03-31,15.300000190734863,15.390000343322754,14.34000015258789,14.350000381469727,13.6149263381958,824600
2005-04-01,14.649999618530273,14.850000381469727,13.850000381469727,14.75,13.994436264038086,439400
2005-04-04,14.75,14.850000381469727,14.720000267028809,14.760000228881836,14.003924369812012,57500
2005-04-05,14.760000228881836,14.880000114440918,14.609999656677246,14.880000114440918,14.117776870727539,42200
2005-04-06,14.949999809265137,15.399999618530273,14.90999984741211,15.119999885559082,14.345484733581543,353700
2005-04-07,15.079999923706055,15.25,15.0,15.149999618530273,14.373946189880371,13300
2005-04-08,15.100000381469727,15.199999809265137,14.850000381469727,15.149999618530273,14.373946189880371,20100
2005-04-11,15.140000343322754,15.180000305175781,14.949999809265137,15.010000228881836,14.241117477416992,44600
2005-04-12,15.010000228881836,15.050000190734863,14.899999618530273,15.0,14.231630325317383,342200
2005-04-13,15.0,15.0,14.630000114440918,14.729999542236328,13.975460052490234,54200
2005-04-14,14.59000015258789,14.59000015258789,14.119999885559082,14.430000305175781,13.690828323364258,61000
2005-04-15,14.430000305175781,14.550000190734863,14.149999618530273,14.34000015258789,13.605439186096191,28800
2005-04-18,14.300000190734863,14.59000015258789,14.260000228881836,14.579999923706055,13.833144187927246,100600
2005-04-19,14.649999618530273,15.149999618530273,14.649999618530273,14.899999618530273,14.136752128601074,79900
2005-04-20,14.899999618530273,15.180000305175781,14.789999961853027,14.9399995803833,14.174702644348145,45600
2005-04-21,14.970000267028809,15.449999809265137,14.899999618530273,15.350000381469727,14.563701629638672,62400
2005-04-22,15.300000190734863,15.3100004196167,13.770000457763672,14.25,13.520048141479492,79300
2005-04-25,14.300000190734863,14.930000305175781,14.300000190734863,14.899999618530273,14.136752128601074,43000
2005-04-26,14.880000114440918,14.90999984741211,14.449999809265137,14.489999771118164,13.747754096984863,98700
2005-04-27,14.420000076293945,14.600000381469727,14.25,14.489999771118164,13.747754096984863,23100
2005-04-28,14.479999542236328,14.479999542236328,13.949999809265137,13.989999771118164,13.27336597442627,98900
2005-04-29,14.0,14.050000190734863,13.800000190734863,14.050000190734863,13.330292701721191,54900
2005-05-02,14.100000381469727,14.199999809265137,13.960000038146973,13.989999771118164,13.27336597442627,30600
2005-05-03,14.0,14.010000228881836,13.420000076293945,13.699999809265137,12.998222351074219,34700
2005-05-04,13.699999809265137,14.399999618530273,13.649999618530273,14.350000381469727,13.6149263381958,53600
2005-05-05,14.350000381469727,15.100000381469727,14.350000381469727,15.010000228881836,14.241117477416992,28800
2005-05-06,15.0,15.0,14.5600004196167,14.729999542236328,13.975460052490234,27200
2005-05-09,14.6899995803833,14.6899995803833,14.199999809265137,14.539999961853027,13.795193672180176,21000
2005-05-10,14.5,14.609999656677246,14.470000267028809,14.569999694824219,13.82365608215332,12000
2005-05-11,14.600000381469727,14.670000076293945,14.470000267028809,14.510000228881836,13.766729354858398,11600
2005-05-12,14.550000190734863,15.100000381469727,14.550000190734863,15.079999923706055,14.30753231048584,56400
2005-05-13,15.0,15.029999732971191,14.819999694824219,14.850000381469727,14.089314460754395,52600
2005-05-16,14.850000381469727,14.949999809265137,14.729999542236328,14.739999771118164,13.98494815826416,22400
2005-05-17,14.699999809265137,14.800000190734863,14.600000381469727,14.640000343322754,13.890070915222168,17500
2005-05-18,14.649999618530273,15.050000190734863,14.649999618530273,14.850000381469727,14.089314460754395,152300
2005-05-19,14.890000343322754,14.9399995803833,14.770000457763672,14.899999618530273,14.136752128601074,17900
2005-05-20,14.949999809265137,14.949999809265137,14.600000381469727,14.8100004196167,14.051362991333008,24700
2005-05-23,14.850000381469727,14.850000381469727,14.399999618530273,14.510000228881836,13.766729354858398,34700
2005-05-24,14.449999809265137,14.699999809265137,14.449999809265137,14.600000381469727,13.852119445800781,11400
2005-05-25,14.600000381469727,14.770000457763672,14.5600004196167,14.649999618530273,13.899558067321777,8600
2005-05-26,14.75,14.899999618530273,14.649999618530273,14.789999961853027,14.032386779785156,6700
2005-05-27,14.800000190734863,14.899999618530273,14.800000190734863,14.859999656677246,14.09880256652832,6500
2005-05-31,14.869999885559082,14.899999618530273,14.8100004196167,14.899999618530273,14.136752128601074,12500
2005-06-01,14.899999618530273,14.899999618530273,14.770000457763672,14.779999732971191,14.02289867401123,8100
2005-06-02,14.779999732971191,15.050000190734863,14.779999732971191,15.0,14.231630325317383,25300
2005-06-03,15.0,15.199999809265137,14.880000114440918,15.130000114440918,14.354971885681152,71000
2005-06-06,15.130000114440918,15.399999618530273,15.069999694824219,15.380000114440918,14.592164993286133,33900
2005-06-07,15.380000114440918,15.380000114440918,15.199999809265137,15.300000190734863,14.516263961791992,28700
2005-06-08,15.25,15.300000190734863,15.199999809265137,15.25,14.468823432922363,75000
2005-06-09,15.25,15.369999885559082,15.220000267028809,15.369999885559082,14.582676887512207,4700
2005-06-10,15.369999885559082,15.399999618530273,15.25,15.300000190734863,14.516263961791992,24100
2005-06-13,15.25,15.449999809265137,15.220000267028809,15.449999809265137,14.658578872680664,80300
2005-06-14,15.449999809265137,15.550000190734863,15.390000343322754,15.550000190734863,14.753456115722656,60800
2005-06-15,15.550000190734863,15.550000190734863,15.300000190734863,15.479999542236328,14.687042236328125,40500
2005-06-16,15.479999542236328,15.720000267028809,15.470000267028809,15.630000114440918,14.82935905456543,13300
2005-06-17,15.699999809265137,15.800000190734863,15.550000190734863,15.579999923706055,14.781919479370117,45800
2005-06-20,15.550000190734863,15.5600004196167,15.449999809265137,15.449999809265137,14.658578872680664,5200
2005-06-21,15.460000038146973,15.600000381469727,15.329999923706055,15.399999618530273,14.611139297485352,16100
2005-06-22,15.449999809265137,15.5,15.300000190734863,15.5,14.706018447875977,21400
2005-06-23,15.5,15.5,15.149999618530273,15.149999618530273,14.373946189880371,27600
2005-06-24,15.149999618530273,16.75,14.649999618530273,15.5,14.706018447875977,247000
2005-06-27,15.5,15.5,15.319999694824219,15.5,14.706018447875977,152200
2005-06-28,15.550000190734863,16.200000762939453,15.550000190734863,16.139999389648438,15.313234329223633,110800
2005-06-29,16.149999618530273,16.149999618530273,16.0,16.100000381469727,15.275283813476562,91300
2005-06-30,16.100000381469727,16.149999618530273,16.079999923706055,16.09000015258789,15.265795707702637,11600
2005-07-01,16.0,16.0,15.850000381469727,15.960000038146973,15.142454147338867,43200
2005-07-05,15.949999809265137,16.399999618530273,15.949999809265137,16.399999618530273,15.559914588928223,44300
2005-07-06,16.399999618530273,16.649999618530273,16.399999618530273,16.450000762939453,15.607355117797852,52200
2005-07-07,16.399999618530273,16.670000076293945,16.25,16.549999237060547,15.702231407165527,135400
2005-07-08,16.549999237060547,16.889999389648438,16.549999237060547,16.850000381469727,15.986865043640137,93100
2005-07-11,16.799999237060547,16.899999618530273,16.719999313354492,16.889999389648438,16.024812698364258,77900
2005-07-12,16.889999389648438,17.100000381469727,16.84000015258789,17.0,16.129180908203125,17400
2005-07-13,16.989999771118164,17.049999237060547,16.940000534057617,17.049999237060547,16.176616668701172,39400
2005-07-14,17.049999237060547,17.049999237060547,16.700000762939453,16.75,15.891986846923828,9600
2005-07-15,16.75,16.93000030517578,16.75,16.93000030517578,16.06276512145996,11300
2005-07-18,16.93000030517578,17.0,16.8799991607666,16.899999618530273,16.034299850463867,24700
2005-07-19,17.0,17.110000610351562,16.979999542236328,17.049999237060547,16.176616668701172,19500
2005-07-20,17.049999237060547,17.200000762939453,16.899999618530273,17.049999237060547,16.176616668701172,59500
2005-07-21,17.06999969482422,17.329999923706055,17.040000915527344,17.25,16.366374969482422,84800
2005-07-22,17.229999542236328,17.5,17.200000762939453,17.5,16.603567123413086,87000
2005-07-25,17.5,17.59000015258789,17.450000762939453,17.540000915527344,16.64151954650879,80600
2005-07-26,17.56999969482422,17.600000381469727,17.5,17.530000686645508,16.632030487060547,52100
2005-07-27,17.549999237060547,17.700000762939453,17.5,17.700000762939453,16.793325424194336,223400
2005-07-28,17.799999237060547,17.899999618530273,17.75,17.850000381469727,16.935640335083008,33700
2005-07-29,17.8700008392334,18.049999237060547,17.639999389648438,17.799999237060547,16.888202667236328,64200
2005-08-01,17.850000381469727,18.059999465942383,17.299999237060547,17.3700008392334,16.480228424072266,38800
2005-08-02,17.399999618530273,17.68000030517578,17.3799991607666,17.40999984741211,16.518177032470703,30300
2005-08-03,17.450000762939453,18.399999618530273,17.399999618530273,17.809999465942383,16.897689819335938,52500
2005-08-04,17.850000381469727,17.899999618530273,17.399999618530273,17.399999618530273,16.508689880371094,97500
2005-08-05,17.0,17.18000030517578,17.0,17.1299991607666,16.252519607543945,118100
2005-08-08,17.110000610351562,17.25,17.049999237060547,17.18000030517578,16.29996109008789,94200
2005-08-09,17.18000030517578,17.280000686645508,17.100000381469727,17.209999084472656,16.32842445373535,103300
2005-08-10,17.209999084472656,17.309999465942383,17.09000015258789,17.149999618530273,16.271495819091797,571000
2005-08-11,17.18000030517578,17.200000762939453,16.950000762939453,17.200000762939453,16.318937301635742,19600
2005-08-12,17.149999618530273,17.149999618530273,17.0,17.100000381469727,16.224058151245117,46500
2005-08-15,17.049999237060547,17.299999237060547,17.0,17.280000686645508,16.394840240478516,135700
2005-08-16,17.200000762939453,17.209999084472656,16.600000381469727,16.93000030517578,16.06276512145996,48300
2005-08-17,16.899999618530273,16.899999618530273,16.700000762939453,16.760000228881836,15.901473045349121,34300
2005-08-18,16.770000457763672,17.020000457763672,16.6299991607666,17.020000457763672,16.148155212402344,40500
2005-08-19,17.020000457763672,18.0,17.0,17.600000381469727,16.69844627380371,248000
2005-08-22,17.600000381469727,17.690000534057617,17.350000381469727,17.360000610351562,16.470741271972656,37200
2005-08-23,17.329999923706055,17.360000610351562,17.200000762939453,17.200000762939453,16.318937301635742,24800
2005-08-24,17.200000762939453,17.200000762939453,17.0,17.040000915527344,16.167131423950195,36600
2005-08-25,17.079999923706055,17.200000762939453,17.0,17.09000015258789,16.214570999145508,71100
2005-08-26,17.049999237060547,17.100000381469727,16.75,16.760000228881836,15.901473045349121,34200
2005-08-29,16.760000228881836,17.040000915527344,16.75,17.0,16.129180908203125,32500
2005-08-30,17.0,17.0,16.8700008392334,16.940000534057617,16.072254180908203,9800
2005-08-31,16.940000534057617,17.049999237060547,16.850000381469727,16.989999771118164,16.119691848754883,49900
2005-09-01,17.0,17.020000457763672,16.899999618530273,17.0,16.129180908203125,39800
2005-09-02,16.979999542236328,17.049999237060547,16.959999084472656,17.0,16.129180908203125,12500
2005-09-06,16.979999542236328,17.030000686645508,16.700000762939453,16.989999771118164,16.119691848754883,29000
2005-09-07,17.0,17.450000762939453,16.979999542236328,17.450000762939453,16.556129455566406,123300
2005-09-08,17.399999618530273,17.399999618530273,17.100000381469727,17.1299991607666,16.252519607543945,26700
2005-09-09,17.149999618530273,17.350000381469727,17.1200008392334,17.299999237060547,16.413814544677734,45900
2005-09-12,17.280000686645508,17.299999237060547,17.149999618530273,17.25,16.366374969482422,40700
2005-09-13,17.200000762939453,17.280000686645508,17.149999618530273,17.270000457763672,16.385353088378906,18300
2005-09-14,17.299999237060547,17.299999237060547,17.0,17.040000915527344,16.167131423950195,62700
2005-09-15,17.040000915527344,17.040000915527344,16.799999237060547,16.860000610351562,15.99635124206543,38700
2005-09-16,16.950000762939453,17.0,16.93000030517578,17.0,16.129180908203125,58600
2005-09-19,17.0,17.0,16.8700008392334,16.8700008392334,16.00583839416504,10600
2005-09-20,16.8799991607666,17.0,16.780000686645508,16.799999237060547,15.939425468444824,89300
2005-09-21,16.780000686645508,16.8799991607666,16.700000762939453,16.850000381469727,15.986865043640137,24900
2005-09-22,16.850000381469727,16.940000534057617,16.799999237060547,16.850000381469727,15.986865043640137,30800
2005-09-23,16.850000381469727,16.979999542236328,16.850000381469727,16.920000076293945,16.053279876708984,26300
2005-09-26,16.950000762939453,17.0,16.850000381469727,16.959999084472656,16.091228485107422,19200
2005-09-27,16.950000762939453,17.059999465942383,16.899999618530273,16.989999771118164,16.119691848754883,487000
2005-09-28,17.0,17.049999237060547,16.799999237060547,16.799999237060547,15.939425468444824,16000
2005-09-29,16.809999465942383,16.809999465942383,16.149999618530273,16.719999313354492,15.86352252960205,63800
2005-09-30,16.719999313354492,17.149999618530273,16.700000762939453,17.100000381469727,16.224058151245117,24300
2005-10-03,17.100000381469727,17.81999969482422,17.100000381469727,17.75,16.840763092041016,51300
2005-10-04,17.799999237060547,17.799999237060547,17.5,17.510000228881836,16.613056182861328,71400
2005-10-05,17.5,17.510000228881836,17.25,17.34000015258789,16.451763153076172,36600
2005-10-06,17.450000762939453,17.510000228881836,17.309999465942383,17.43000030517578,16.537153244018555,25300
2005-10-07,17.459999084472656,17.479999542236328,17.299999237060547,17.399999618530273,16.508689880371094,10800
2005-10-10,17.399999618530273,17.40999984741211,17.1200008392334,17.1200008392334,16.24303436279297,9900
2005-10-11,17.149999618530273,17.200000762939453,17.059999465942383,17.18000030517578,16.29996109008789,22800
2005-10-12,17.149999618530273,17.18000030517578,16.899999618530273,17.020000457763672,16.148155212402344,14500
2005-10-13,17.0,17.040000915527344,16.850000381469727,17.040000915527344,16.167131423950195,19200
2005-10-14,17.100000381469727,17.100000381469727,16.950000762939453,17.09000015258789,16.214570999145508,7300
2005-10-17,17.079999923706055,17.09000015258789,16.700000762939453,17.059999465942383,16.186107635498047,17100
2005-10-18,17.059999465942383,17.18000030517578,17.020000457763672,17.059999465942383,16.186107635498047,15100
2005-10-19,17.059999465942383,17.5,17.0,17.479999542236328,16.584592819213867,19400
2005-10-20,17.489999771118164,17.5,17.350000381469727,17.5,16.603567123413086,19000
2005-10-21,17.5,17.5,17.290000915527344,17.420000076293945,16.527666091918945,24900
2005-10-24,17.450000762939453,17.489999771118164,17.25,17.469999313354492,16.575101852416992,15300
2005-10-25,17.43000030517578,17.43000030517578,16.549999237060547,17.1200008392334,16.24303436279297,67600
2005-10-26,17.149999618530273,17.25,16.889999389648438,17.149999618530273,16.271495819091797,41600
2005-10-27,17.1299991607666,17.1299991607666,16.950000762939453,17.049999237060547,16.176616668701172,12200
2005-10-28,17.149999618530273,17.149999618530273,16.739999771118164,16.799999237060547,15.939425468444824,227800
2005-10-31,16.81999969482422,17.0,16.75,16.850000381469727,15.986865043640137,56400
2005-11-01,18.0,18.979999542236328,17.950000762939453,18.549999237060547,17.599782943725586,370200
2005-11-02,18.5,19.649999618530273,18.399999618530273,19.479999542236328,18.482141494750977,126400
2005-11-03,19.479999542236328,20.18000030517578,19.31999969482422,19.6200008392334,18.614973068237305,204500
2005-11-04,19.600000381469727,19.969999313354492,19.5,19.950000762939453,18.928068161010742,65100
2005-11-07,19.950000762939453,21.0,19.81999969482422,20.950000762939453,19.87684440612793,33900
2005-11-08,20.950000762939453,20.950000762939453,20.209999084472656,20.6200008392334,19.56374740600586,110800
2005-11-09,20.6200008392334,20.75,20.5,20.65999984741211,19.60169792175293,49300
2005-11-10,20.649999618530273,21.399999618530273,20.600000381469727,21.399999618530273,20.303791046142578,103400
2005-11-11,21.200000762939453,21.799999237060547,21.200000762939453,21.450000762939453,20.35123062133789,35500
2005-11-14,21.43000030517578,21.43000030517578,21.100000381469727,21.190000534057617,20.10455322265625,33000
2005-11-15,21.200000762939453,21.25,20.850000381469727,20.899999618530273,19.829404830932617,50800
2005-11-16,20.829999923706055,21.40999984741211,20.739999771118164,21.40999984741211,20.313278198242188,41600
2005-11-17,21.649999618530273,21.68000030517578,21.149999618530273,21.5,20.398670196533203,53500
2005-11-18,21.600000381469727,21.989999771118164,21.350000381469727,21.829999923706055,20.711767196655273,33800
2005-11-21,21.780000686645508,21.950000762939453,21.579999923706055,21.75,20.635866165161133,33800
2005-11-22,21.700000762939453,21.8799991607666,21.43000030517578,21.459999084472656,20.360719680786133,181900
2005-11-23,21.399999618530273,21.399999618530273,21.0,21.229999542236328,20.142501831054688,55600
2005-11-25,21.18000030517578,21.31999969482422,21.1299991607666,21.15999984741211,20.076087951660156,3400
2005-11-28,21.25,21.6299991607666,21.100000381469727,21.420000076293945,20.322765350341797,97400
2005-11-29,21.399999618530273,21.440000534057617,19.899999618530273,20.84000015258789,19.772476196289062,148100
2005-11-30,20.8799991607666,21.8799991607666,20.8799991607666,21.510000228881836,20.408157348632812,227500
2005-12-01,21.450000762939453,22.059999465942383,21.260000228881836,22.059999465942383,20.929983139038086,55500
2005-12-02,22.09000015258789,22.09000015258789,21.610000610351562,21.75,20.635866165161133,37700
2005-12-05,21.799999237060547,22.0,21.510000228881836,21.899999618530273,20.778181076049805,63700
2005-12-06,21.899999618530273,22.420000076293945,21.899999618530273,22.290000915527344,21.148202896118164,42000
2005-12-07,22.350000381469727,22.8799991607666,22.25,22.8799991607666,21.707979202270508,54800
2005-12-08,22.950000762939453,23.200000762939453,22.81999969482422,23.06999969482422,21.888246536254883,68900
2005-12-09,23.0,24.299999237060547,23.0,23.8799991607666,22.656753540039062,165800
2005-12-12,23.8799991607666,24.299999237060547,23.850000381469727,24.0,22.770606994628906,68600
2005-12-13,24.149999618530273,24.209999084472656,23.579999923706055,23.639999389648438,22.429048538208008,65700
2005-12-14,23.600000381469727,23.8700008392334,23.43000030517578,23.850000381469727,22.628293991088867,28400
2005-12-15,23.799999237060547,23.899999618530273,23.469999313354492,23.510000228881836,22.305707931518555,28100
2005-12-16,23.549999237060547,23.559999465942383,23.200000762939453,23.559999465942383,22.353145599365234,174500
2005-12-19,23.5,23.950000762939453,23.389999389648438,23.700000762939453,22.485979080200195,206600
2005-12-20,23.700000762939453,24.149999618530273,23.579999923706055,24.049999237060547,22.818044662475586,126900
2005-12-21,24.059999465942383,25.030000686645508,24.049999237060547,25.0,23.719383239746094,69800
2005-12-22,25.149999618530273,25.850000381469727,24.959999084472656,25.850000381469727,24.525842666625977,186100
2005-12-23,25.75,25.760000228881836,25.34000015258789,25.5,24.193769454956055,37000
2005-12-27,25.5,25.56999969482422,25.010000228881836,25.309999465942383,24.01350212097168,135600
2005-12-28,25.299999237060547,25.639999389648438,25.25,25.420000076293945,24.117868423461914,32400
2005-12-29,25.450000762939453,25.950000762939453,25.450000762939453,25.75,24.430965423583984,35900
2005-12-30,25.549999237060547,25.549999237060547,25.25,25.40999984741211,24.108383178710938,79400
2006-01-03,25.5,26.010000228881836,25.459999084472656,25.860000610351562,24.535329818725586,242500
2006-01-04,25.81999969482422,26.729999542236328,25.68000030517578,26.350000381469727,25.00023078918457,104300
2006-01-05,26.450000762939453,26.799999237060547,26.399999618530273,26.6200008392334,25.25640106201172,107500
2006-01-06,26.579999923706055,26.6200008392334,26.329999923706055,26.450000762939453,25.095109939575195,70800
2006-01-09,26.450000762939453,26.799999237060547,26.030000686645508,26.600000381469727,25.237422943115234,90300
2006-01-10,26.450000762939453,26.8799991607666,26.329999923706055,26.799999237060547,25.42717933654785,40700
2006-01-11,26.950000762939453,27.299999237060547,26.799999237060547,27.06999969482422,25.683347702026367,117800
2006-01-12,27.049999237060547,27.610000610351562,27.0,27.56999969482422,26.157733917236328,65400
2006-01-13,27.520000457763672,27.549999237060547,27.149999618530273,27.170000076293945,25.778226852416992,48800
2006-01-17,26.899999618530273,26.899999618530273,25.450000762939453,25.649999618530273,24.336088180541992,84800
2006-01-18,25.0,26.649999618530273,24.979999542236328,26.649999618530273,25.28486442565918,99900
2006-01-19,26.450000762939453,26.56999969482422,26.25,26.540000915527344,25.18049430847168,141300
2006-01-20,26.649999618530273,27.299999237060547,26.530000686645508,26.979999542236328,25.597957611083984,94800
2006-01-23,26.899999618530273,27.75,26.850000381469727,27.75,26.328516006469727,66600
2006-01-24,27.6200008392334,28.450000762939453,27.6200008392334,27.790000915527344,26.36646842956543,167800
2006-01-25,27.75,27.75,27.299999237060547,27.440000534057617,26.034395217895508,58300
2006-01-26,27.299999237060547,27.450000762939453,27.100000381469727,27.139999389648438,25.749759674072266,50700
2006-01-27,27.09000015258789,27.1299991607666,26.649999618530273,26.950000762939453,25.569496154785156,62100
2006-01-30,27.200000762939453,27.59000015258789,26.850000381469727,27.5,26.091320037841797,90600
2006-01-31,27.450000762939453,27.59000015258789,26.90999984741211,27.299999237060547,25.90156364440918,62000
2006-02-01,27.149999618530273,27.829999923706055,26.860000610351562,27.700000762939453,26.281078338623047,73000
2006-02-02,27.700000762939453,27.700000762939453,27.149999618530273,27.270000457763672,25.87310218811035,53700
2006-02-03,27.25,27.450000762939453,26.799999237060547,26.860000610351562,25.48410415649414,99700
2006-02-06,26.899999618530273,27.0,26.3799991607666,26.84000015258789,25.465129852294922,129500
2006-02-07,26.700000762939453,28.899999618530273,26.700000762939453,28.149999618530273,26.708026885986328,676200
2006-02-08,28.0,28.200000762939453,27.399999618530273,27.540000915527344,26.1292724609375,195100
2006-02-09,27.520000457763672,28.299999237060547,27.350000381469727,27.459999084472656,26.053369522094727,509700
2006-02-10,28.010000228881836,28.540000915527344,26.799999237060547,27.09000015258789,25.70232391357422,410100
2006-02-13,27.100000381469727,27.559999465942383,26.75,27.31999969482422,25.920541763305664,79100
2006-02-14,27.299999237060547,27.3799991607666,26.799999237060547,26.860000610351562,25.48410415649414,183900
2006-02-15,26.850000381469727,26.899999618530273,26.5,26.5,25.14254379272461,161600
2006-02-16,26.549999237060547,26.600000381469727,25.850000381469727,25.959999084472656,24.630205154418945,334100
2006-02-17,26.0,26.100000381469727,25.889999389648438,25.950000762939453,24.62071990966797,534800
2006-02-21,25.950000762939453,26.06999969482422,25.850000381469727,26.0,24.66815757751465,115700
2006-02-22,26.049999237060547,26.18000030517578,25.84000015258789,26.030000686645508,24.69662094116211,135200
2006-02-23,25.93000030517578,26.25,25.93000030517578,26.030000686645508,24.69662094116211,766800
2006-02-24,26.25,27.989999771118164,26.190000534057617,27.950000762939453,26.51827049255371,114300
2006-02-27,27.950000762939453,27.989999771118164,27.43000030517578,27.84000015258789,26.413904190063477,51200
2006-02-28,27.899999618530273,28.700000762939453,27.719999313354492,28.700000762939453,27.2298526763916,126900
2006-03-01,28.5,29.149999618530273,28.270000457763672,28.799999237060547,27.324729919433594,84600
2006-03-02,28.75,30.0,28.729999542236328,30.0,28.463260650634766,126700
2006-03-03,32.0,33.209999084472656,31.65999984741211,32.63999938964844,30.96802520751953,306600
2006-03-06,32.70000076293945,33.54999923706055,32.279998779296875,32.58000183105469,30.911100387573242,194700
2006-03-07,32.599998474121094,33.0099983215332,32.040000915527344,32.97999954223633,31.290613174438477,158900
2006-03-08,32.91999816894531,32.91999816894531,32.2599983215332,32.650001525878906,30.97751808166504,153900
2006-03-09,32.75,33.09000015258789,32.0,32.29999923706055,30.645442962646484,187800
2006-03-10,32.25,32.970001220703125,31.899999618530273,32.900001525878906,31.214710235595703,89900
2006-03-13,33.0,34.349998474121094,33.0,33.970001220703125,32.22990798950195,199900
2006-03-14,33.849998474121094,34.5,33.54999923706055,34.470001220703125,32.70428466796875,177300
2006-03-15,34.470001220703125,35.0,34.29999923706055,34.79999923706055,33.01737976074219,79200
2006-03-16,34.91999816894531,35.0,34.5,34.599998474121094,32.82762908935547,119900
2006-03-17,34.599998474121094,35.400001525878906,34.5099983215332,34.619998931884766,32.84660339355469,210800
2006-03-20,34.54999923706055,35.599998474121094,34.5,35.25,33.444332122802734,354900
2006-03-21,35.20000076293945,35.25,34.59000015258789,34.68000030517578,32.903526306152344,111000
2006-03-22,34.66999816894531,34.9900016784668,34.36000061035156,34.66999816894531,32.894039154052734,56200
2006-03-23,34.65999984741211,34.95000076293945,34.36000061035156,34.59000015258789,32.818138122558594,151400
2006-03-24,34.59000015258789,34.88999938964844,34.11000061035156,34.599998474121094,32.82762908935547,60700
2006-03-27,34.75,35.2599983215332,34.599998474121094,35.150001525878906,33.349456787109375,51900
2006-03-28,35.0,35.79999923706055,34.869998931884766,34.95000076293945,33.159698486328125,80900
2006-03-29,34.75,34.849998474121094,34.13999938964844,34.54999923706055,32.78018569946289,131200
2006-03-30,34.5,34.650001525878906,33.75,34.119998931884766,32.372215270996094,101600
2006-03-31,34.04999923706055,34.81999969482422,33.90999984741211,34.689998626708984,32.91301727294922,107400
2006-04-03,34.7599983215332,36.22999954223633,34.7599983215332,36.0099983215332,34.165401458740234,290400
2006-04-04,35.900001525878906,37.29999923706055,35.619998931884766,36.0,34.15591049194336,384900
2006-04-05,35.599998474121094,35.70000076293945,34.59000015258789,34.75,32.96994400024414,450600
2006-04-06,34.75,35.25,34.52000045776367,34.689998626708984,32.91301727294922,2738600
2006-04-07,34.900001525878906,34.939998626708984,34.45000076293945,34.5,32.732749938964844,910600
2006-04-10,34.470001220703125,34.75,34.45000076293945,34.66999816894531,32.894039154052734,395600
2006-04-11,34.5,34.5,34.31999969482422,34.400001525878906,32.637874603271484,152900
2006-04-12,34.459999084472656,34.54999923706055,34.20000076293945,34.27000045776367,32.51453399658203,137900
2006-04-13,34.279998779296875,34.279998779296875,33.54999923706055,34.040000915527344,32.29631042480469,93300
2006-04-17,34.0,34.04999923706055,33.16999816894531,33.5099983215332,31.793458938598633,169300
2006-04-18,33.599998474121094,34.150001525878906,33.56999969482422,33.9900016784668,32.248878479003906,190200
2006-04-19,34.099998474121094,34.5099983215332,34.099998474121094,34.5,32.732749938964844,406000
2006-04-20,34.70000076293945,35.459999084472656,34.5,35.099998474121094,33.3020133972168,187000
2006-04-21,35.5,35.779998779296875,34.5099983215332,34.72999954223633,32.95096206665039,114800
2006-04-24,34.880001068115234,35.220001220703125,34.5099983215332,34.9900016784668,33.197654724121094,85100
2006-04-25,34.95000076293945,35.65999984741211,34.529998779296875,35.650001525878906,33.82383728027344,188600
2006-04-26,36.29999923706055,36.709999084472656,35.810001373291016,36.709999084472656,34.82953643798828,314200
2006-04-27,36.4900016784668,36.79999923706055,35.619998931884766,35.959999084472656,34.11796188354492,166500
2006-04-28,35.7400016784668,35.79999923706055,34.45000076293945,35.470001220703125,33.6530647277832,250900
2006-05-01,35.619998931884766,36.25,35.619998931884766,36.099998474121094,34.25078582763672,312200
2006-05-02,36.5,37.150001525878906,36.150001525878906,37.150001525878906,35.247005462646484,152000
2006-05-03,37.400001525878906,37.400001525878906,36.70000076293945,37.06999969482422,35.17110061645508,213400
2006-05-04,37.099998474121094,37.349998474121094,36.83000183105469,37.15999984741211,35.256492614746094,141100
2006-05-05,37.5,39.0,37.13999938964844,38.099998474121094,36.148338317871094,490200
2006-05-08,38.0,38.369998931884766,37.5,37.93000030517578,35.98704528808594,140900
2006-05-09,37.900001525878906,37.900001525878906,37.20000076293945,37.2400016784668,35.3323974609375,112100
2006-05-10,37.13999938964844,37.58000183105469,36.93000030517578,37.0099983215332,35.11417007446289,105200
2006-05-11,36.93000030517578,37.20000076293945,35.540000915527344,35.70000076293945,33.871280670166016,261500
2006-05-12,35.70000076293945,35.790000915527344,34.20000076293945,34.599998474121094,32.82762908935547,252800
2006-05-15,34.5,34.970001220703125,34.220001220703125,34.52000045776367,32.75172424316406,247900
2006-05-16,34.5,36.400001525878906,34.459999084472656,36.0,34.15591049194336,375900
2006-05-17,36.0,37.31999969482422,36.0,36.63999938964844,34.76313018798828,611200
2006-05-18,37.04999923706055,37.11000061035156,36.13999938964844,36.2599983215332,34.402587890625,453200
2006-05-19,36.2599983215332,36.2599983215332,34.75,35.41999816894531,33.605621337890625,433300
2006-05-22,35.599998474121094,35.900001525878906,34.45000076293945,34.810001373291016,33.02687072753906,191700
2006-05-23,34.810001373291016,35.5,34.130001068115234,34.189998626708984,32.43862533569336,222600
2006-05-24,34.099998474121094,34.400001525878906,30.059999465942383,32.97999954223633,31.290613174438477,824500
2006-05-25,33.08000183105469,33.75,33.08000183105469,33.720001220703125,31.99270248413086,173800
2006-05-26,33.650001525878906,34.20000076293945,33.439998626708984,33.54999923706055,31.83141326904297,96600
2006-05-30,33.599998474121094,34.04999923706055,33.52000045776367,33.52000045776367,31.802946090698242,232900
2006-05-31,33.52000045776367,34.66999816894531,33.52000045776367,34.66999816894531,32.894039154052734,257000
2006-06-01,34.65999984741211,34.66999816894531,33.93000030517578,34.25,32.49555206298828,118100
2006-06-02,34.349998474121094,34.4900016784668,33.41999816894531,33.880001068115234,32.144508361816406,231800
2006-06-05,33.95000076293945,34.08000183105469,33.349998474121094,33.400001525878906,31.689098358154297,141400
2006-06-06,33.400001525878906,33.400001525878906,32.5,33.290000915527344,31.58473014831543,166400
2006-06-07,33.540000915527344,34.7400016784668,33.369998931884766,34.290000915527344,32.53350830078125,295000
2006-06-08,34.31999969482422,34.95000076293945,33.880001068115234,34.79999923706055,33.01737976074219,866800
2006-06-09,34.95000076293945,36.9900016784668,34.900001525878906,35.72999954223633,33.89973831176758,388500
2006-06-12,35.72999954223633,35.72999954223633,34.040000915527344,34.5,32.732749938964844,196200
2006-06-13,34.5,34.70000076293945,31.940000534057617,31.940000534057617,30.303882598876953,422300
2006-06-14,31.700000762939453,31.829999923706055,30.6200008392334,30.969999313354492,29.38357162475586,299700
2006-06-15,30.969999313354492,31.920000076293945,30.93000030517578,31.780000686645508,30.152080535888672,216400
2006-06-16,31.780000686645508,32.75,31.520000457763672,32.5099983215332,30.844684600830078,318000
2006-06-19,32.5,32.70000076293945,32.029998779296875,32.25,30.598007202148438,142700
2006-06-20,32.0,32.38999938964844,31.68000030517578,32.11000061035156,30.465177536010742,280000
2006-06-21,32.0,33.650001525878906,32.0,33.439998626708984,31.7270450592041,160100
2006-06-22,33.4900016784668,33.4900016784668,32.709999084472656,32.970001220703125,31.2811222076416,123000
2006-06-23,33.0099983215332,34.29999923706055,32.529998779296875,34.2599983215332,32.50503921508789,166300
2006-06-26,34.27000045776367,34.31999969482422,33.849998474121094,34.2400016784668,32.48606872558594,362900
2006-06-27,34.29999923706055,34.29999923706055,33.119998931884766,33.16999816894531,31.470874786376953,204100
2006-06-28,33.349998474121094,33.77000045776367,33.11000061035156,33.619998931884766,31.897825241088867,90700
2006-06-29,33.79999923706055,35.29999923706055,33.709999084472656,35.290000915527344,33.48228454589844,178900
2006-06-30,35.540000915527344,36.400001525878906,35.380001068115234,36.25,34.39310836791992,824600
2006-07-03,36.79999923706055,38.18000030517578,36.79999923706055,38.0,36.05345916748047,284500
2006-07-05,37.75,38.0,36.56999969482422,36.7599983215332,34.876983642578125,404000
2006-07-06,36.849998474121094,37.13999938964844,36.709999084472656,36.84000015258789,34.952884674072266,140000
2006-07-07,36.66999816894531,37.880001068115234,36.650001525878906,37.33000183105469,35.41778564453125,247500
2006-07-10,37.34000015258789,38.59000015258789,37.20000076293945,37.77000045776367,35.835243225097656,429000
2006-07-11,37.70000076293945,37.79999923706055,36.290000915527344,37.68000030517578,35.749855041503906,169500
2006-07-12,37.599998474121094,37.599998474121094,36.70000076293945,36.81999969482422,34.93391036987305,142500
2006-07-13,36.59000015258789,36.720001220703125,35.25,35.52000045776367,33.70050048828125,223500
2006-07-14,35.599998474121094,35.70000076293945,35.25,35.369998931884766,33.55817794799805,154800
2006-07-17,35.20000076293945,35.43000030517578,34.11000061035156,34.2400016784668,32.48606872558594,85600
2006-07-18,34.400001525878906,34.599998474121094,33.279998779296875,34.220001220703125,32.46709060668945,126900
2006-07-19,34.349998474121094,36.029998779296875,34.349998474121094,35.5,33.68152618408203,172000
2006-07-20,35.619998931884766,35.77000045776367,34.38999938964844,34.439998626708984,32.67582321166992,86000
2006-07-21,34.439998626708984,34.439998626708984,33.029998779296875,33.20000076293945,31.499340057373047,141300
2006-07-24,33.70000076293945,34.900001525878906,33.4900016784668,34.61000061035156,32.83711624145508,159600
2006-07-25,34.5,34.790000915527344,33.54999923706055,33.93000030517578,32.19194793701172,142300
2006-07-26,33.93000030517578,33.93000030517578,32.790000915527344,33.04999923706055,31.35702133178711,123700
2006-07-27,33.099998474121094,33.29999923706055,32.22999954223633,32.27000045776367,30.616981506347656,184800
2006-07-28,31.899999618530273,32.189998626708984,31.43000030517578,32.11000061035156,30.465177536010742,190200
2006-07-31,32.099998474121094,32.290000915527344,31.8700008392334,31.979999542236328,30.341833114624023,350800
2006-08-01,31.729999542236328,32.060001373291016,31.729999542236328,31.950000762939453,30.313373565673828,391400
2006-08-02,31.899999618530273,33.20000076293945,31.899999618530273,33.13999938964844,31.442415237426758,240900
2006-08-03,33.09000015258789,34.650001525878906,33.09000015258789,34.5,32.732749938964844,280700
2006-08-04,35.0,35.400001525878906,31.5,32.06999969482422,30.42722511291504,824700
2006-08-07,32.0,32.41999816894531,31.799999237060547,32.36000061035156,30.702369689941406,92700
2006-08-08,32.4900016784668,32.7599983215332,31.850000381469727,32.0099983215332,30.370296478271484,166900
2006-08-09,32.25,32.5,31.299999237060547,31.420000076293945,29.810522079467773,220300
2006-08-10,31.309999465942383,32.22999954223633,31.139999389648438,32.0,30.360809326171875,285100
2006-08-11,32.0,32.0099983215332,31.559999465942383,31.84000015258789,30.20900535583496,153700
2006-08-14,32.0,32.060001373291016,29.489999771118164,29.950000762939453,28.415821075439453,369100
2006-08-15,30.350000381469727,30.420000076293945,29.950000762939453,30.31999969482422,28.766870498657227,318800
2006-08-16,30.350000381469727,31.139999389648438,30.309999465942383,30.780000686645508,29.203306198120117,96100
2006-08-17,30.899999618530273,31.700000762939453,30.68000030517578,31.209999084472656,29.611276626586914,144100
2006-08-18,31.3700008392334,31.3700008392334,31.010000228881836,31.170000076293945,29.573328018188477,70300
2006-08-21,31.0,31.290000915527344,30.81999969482422,31.100000381469727,29.506912231445312,145000
2006-08-22,31.0,31.559999465942383,30.950000762939453,31.260000228881836,29.65871810913086,87600
2006-08-23,31.299999237060547,31.520000457763672,30.979999542236328,31.049999237060547,29.45947265625,162300
2006-08-24,31.049999237060547,31.200000762939453,29.719999313354492,30.170000076293945,28.624553680419922,744800
2006-08-25,29.950000762939453,30.079999923706055,29.450000762939453,29.559999465942383,28.04579734802246,391400
2006-08-28,29.559999465942383,29.790000915527344,29.389999389648438,29.530000686645508,28.017335891723633,253200
2006-08-29,29.56999969482422,29.6299991607666,29.190000534057617,29.56999969482422,28.055286407470703,258500
2006-08-30,29.700000762939453,30.68000030517578,29.56999969482422,30.350000381469727,28.795333862304688,134900
2006-08-31,30.200000762939453,30.739999771118164,30.110000610351562,30.520000457763672,28.956621170043945,128400
2006-09-01,30.770000457763672,31.170000076293945,30.739999771118164,30.739999771118164,29.165353775024414,89900
2006-09-05,30.75,31.5,30.709999084472656,31.25,29.649227142333984,105700
2006-09-06,31.100000381469727,31.100000381469727,29.729999542236328,29.770000457763672,28.245038986206055,173500
2006-09-07,29.649999618530273,29.739999771118164,28.829999923706055,28.920000076293945,27.438583374023438,214600
2006-09-08,28.979999542236328,29.420000076293945,28.760000228881836,29.100000381469727,27.60936164855957,168200
2006-09-11,28.90999984741211,29.239999771118164,28.3799991607666,28.940000534057617,27.45755958557129,123700
2006-09-12,29.0,29.6299991607666,28.739999771118164,29.479999542236328,27.96989631652832,167500
2006-09-13,29.799999237060547,30.709999084472656,29.75,30.579999923706055,29.013547897338867,161400
2006-09-14,30.700000762939453,30.84000015258789,30.34000015258789,30.59000015258789,29.02303695678711,160400
2006-09-15,30.690000534057617,30.8799991607666,30.40999984741211,30.850000381469727,29.26972007751465,284600
2006-09-18,30.780000686645508,31.260000228881836,30.600000381469727,31.030000686645508,29.440500259399414,167000
2006-09-19,31.280000686645508,31.31999969482422,30.3700008392334,31.299999237060547,29.696666717529297,211000
2006-09-20,31.489999771118164,31.75,31.25,31.420000076293945,29.810522079467773,222800
2006-09-21,31.510000228881836,31.559999465942383,30.860000610351562,31.31999969482422,29.71564483642578,274800
2006-09-22,31.329999923706055,31.799999237060547,31.139999389648438,31.440000534057617,29.829496383666992,279200
2006-09-25,31.540000915527344,31.540000915527344,30.649999618530273,31.25,29.649227142333984,137500
2006-09-26,31.25,31.989999771118164,31.25,31.8799991607666,30.24695587158203,108300
2006-09-27,31.8700008392334,32.09000015258789,31.489999771118164,31.899999618530273,30.265932083129883,93800
2006-09-28,32.099998474121094,32.4900016784668,31.989999771118164,32.20000076293945,30.550567626953125,154500
2006-09-29,32.209999084472656,32.36000061035156,32.040000915527344,32.060001373291016,30.41773796081543,128300
2006-10-02,31.950000762939453,31.950000762939453,30.059999465942383,30.399999618530273,28.842771530151367,457800
2006-10-03,30.200000762939453,30.920000076293945,29.5,30.350000381469727,28.795333862304688,347300
2006-10-04,30.149999618530273,30.8799991607666,30.06999969482422,30.8700008392334,29.2886962890625,133200
2006-10-05,31.0,31.760000228881836,30.75,31.760000228881836,30.133102416992188,213800
2006-10-06,31.760000228881836,33.439998626708984,31.649999618530273,33.38999938964844,31.679611206054688,400000
2006-10-09,33.45000076293945,33.45000076293945,32.5,33.08000183105469,31.385488510131836,259200
2006-10-10,33.09000015258789,33.279998779296875,32.849998474121094,33.08000183105469,31.385488510131836,404100
2006-10-11,33.08000183105469,33.099998474121094,32.810001373291016,33.0,31.309585571289062,377600
2006-10-12,33.08000183105469,34.0099983215332,33.02000045776367,33.97999954223633,32.239383697509766,213300
2006-10-13,34.04999923706055,34.43000030517578,33.65999984741211,34.0099983215332,32.267845153808594,119900
2006-10-16,34.0,35.38999938964844,34.0,35.29999923706055,33.491764068603516,227300
2006-10-17,35.04999923706055,35.540000915527344,34.70000076293945,35.540000915527344,33.71947479248047,107200
2006-10-18,36.0,36.040000915527344,35.150001525878906,35.40999984741211,33.59613037109375,132700
2006-10-19,35.40999984741211,36.099998474121094,35.29999923706055,35.599998474121094,33.776405334472656,214500
2006-10-20,35.599998474121094,35.7400016784668,35.25,35.52000045776367,33.70050048828125,191200
2006-10-23,35.400001525878906,36.13999938964844,35.25,35.400001525878906,33.58665084838867,137700
2006-10-24,35.43000030517578,35.93000030517578,35.279998779296875,35.47999954223633,33.66254806518555,188400
2006-10-25,35.45000076293945,35.849998474121094,35.349998474121094,35.650001525878906,33.82383728027344,105500
2006-10-26,35.7400016784668,36.25,35.11000061035156,36.25,34.39310836791992,125100
2006-10-27,36.27000045776367,36.27000045776367,35.189998626708984,35.33000183105469,33.52022933959961,181100
2006-10-30,35.29999923706055,35.540000915527344,35.0099983215332,35.400001525878906,33.58665084838867,298300
2006-10-31,35.40999984741211,35.58000183105469,35.25,35.5,33.68152618408203,120100
2006-11-01,35.5,35.650001525878906,34.88999938964844,34.91999816894531,33.131229400634766,248500
2006-11-02,34.66999816894531,34.70000076293945,34.20000076293945,34.5,32.732749938964844,704600
2006-11-03,33.02000045776367,33.290000915527344,30.850000381469727,31.06999969482422,29.47844696044922,1027800
2006-11-06,31.31999969482422,32.720001220703125,31.270000457763672,32.43000030517578,30.768787384033203,196100
2006-11-07,32.439998626708984,32.75,32.349998474121094,32.54999923706055,30.88263702392578,130400
2006-11-08,32.400001525878906,32.599998474121094,32.150001525878906,32.40999984741211,30.74980926513672,118900
2006-11-09,32.209999084472656,32.5,31.829999923706055,31.950000762939453,30.313373565673828,191100
2006-11-10,32.0,32.29999923706055,31.829999923706055,32.25,30.598007202148438,98700
2006-11-13,32.15999984741211,32.709999084472656,32.099998474121094,32.599998474121094,30.930072784423828,134300
2006-11-14,32.689998626708984,32.88999938964844,32.22999954223633,32.880001068115234,31.195730209350586,202100
2006-11-15,32.75,32.7599983215332,31.899999618530273,32.09000015258789,30.44620132446289,191100
2006-11-16,31.899999618530273,31.950000762939453,30.690000534057617,31.040000915527344,29.449987411499023,274800
2006-11-17,31.0,31.0,30.18000030517578,30.489999771118164,28.928157806396484,283300
2006-11-20,31.389999389648438,31.389999389648438,30.479999542236328,30.799999237060547,29.222278594970703,127300
2006-11-21,30.8799991607666,31.079999923706055,30.690000534057617,30.989999771118164,29.402549743652344,224900
2006-11-22,30.690000534057617,30.969999313354492,30.649999618530273,30.799999237060547,29.222278594970703,145300
2006-11-24,30.559999465942383,31.059999465942383,30.5,30.959999084472656,29.37408447265625,27900
2006-11-27,30.770000457763672,30.979999542236328,29.329999923706055,29.420000076293945,27.9129695892334,172900
2006-11-28,29.420000076293945,29.8700008392334,29.15999984741211,29.700000762939453,28.17862892150879,195700
2006-11-29,29.950000762939453,30.459999084472656,29.889999389648438,30.440000534057617,28.880722045898438,321500
2006-11-30,30.459999084472656,31.489999771118164,30.399999618530273,31.260000228881836,29.65871810913086,470600
2006-12-01,31.100000381469727,31.549999237060547,30.739999771118164,31.549999237060547,29.933860778808594,305000
2006-12-04,31.950000762939453,33.459999084472656,31.850000381469727,33.099998474121094,31.404462814331055,460400
2006-12-05,31.489999771118164,33.619998931884766,31.489999771118164,33.29999923706055,31.59421730041504,391800
2006-12-06,33.349998474121094,33.369998931884766,32.79999923706055,33.15999984741211,31.461387634277344,220200
2006-12-07,33.650001525878906,33.650001525878906,32.849998474121094,32.97999954223633,31.290613174438477,204600
2006-12-08,32.9900016784668,33.25,32.560001373291016,33.0099983215332,31.319068908691406,138700
2006-12-11,32.91999816894531,33.27000045776367,32.849998474121094,33.0,31.309585571289062,218600
2006-12-12,33.0,33.0,32.25,32.52000045776367,30.854171752929688,394800
2006-12-13,32.59000015258789,33.2599983215332,32.58000183105469,33.02000045776367,31.328561782836914,177100
2006-12-14,33.25,33.560001373291016,33.150001525878906,33.2400016784668,31.53729248046875,101200
2006-12-15,33.2400016784668,33.34000015258789,32.380001068115234,32.900001525878906,31.214710235595703,440800
2006-12-18,32.90999984741211,33.08000183105469,32.75,32.880001068115234,31.195730209350586,125400
2006-12-19,32.77000045776367,33.470001220703125,32.75,33.099998474121094,31.404462814331055,223000
2006-12-20,33.099998474121094,33.5099983215332,32.83000183105469,33.459999084472656,31.746023178100586,235700
2006-12-21,33.459999084472656,33.709999084472656,33.09000015258789,33.290000915527344,31.58473014831543,198000
2006-12-22,33.22999954223633,33.29999923706055,32.58000183105469,32.93000030517578,31.2431697845459,184900
2006-12-26,32.93000030517578,33.36000061035156,32.79999923706055,33.29999923706055,31.59421730041504,101100
2006-12-27,33.5,33.7400016784668,33.27000045776367,33.7400016784668,32.01167678833008,146200
2006-12-28,33.7400016784668,34.09000015258789,33.58000183105469,33.70000076293945,31.973730087280273,147900
2006-12-29,33.599998474121094,33.790000915527344,33.060001373291016,33.310001373291016,31.60370635986328,119700
2007-01-03,33.70000076293945,34.619998931884766,33.310001373291016,33.7599983215332,32.03065490722656,214000
2007-01-04,33.68000030517578,34.02000045776367,33.310001373291016,33.900001525878906,32.16348648071289,195500
2007-01-05,33.0,33.900001525878906,32.959999084472656,33.40999984741211,31.69858741760254,159500
2007-01-08,33.40999984741211,34.06999969482422,33.20000076293945,33.56999969482422,31.850385665893555,102600
2007-01-09,33.630001068115234,33.84000015258789,32.869998931884766,33.540000915527344,31.821928024291992,174300
2007-01-10,33.34000015258789,33.400001525878906,32.86000061035156,33.25,31.546781539916992,84500
2007-01-11,33.34000015258789,33.4900016784668,32.5,32.75,31.0723934173584,156100
2007-01-12,32.689998626708984,32.900001525878906,32.470001220703125,32.709999084472656,31.034439086914062,108200
2007-01-16,32.86000061035156,32.95000076293945,32.52000045776367,32.65999984741211,30.987001419067383,169900
2007-01-17,32.459999084472656,32.4900016784668,31.84000015258789,31.84000015258789,30.20900535583496,178400
2007-01-18,31.850000381469727,31.850000381469727,31.049999237060547,31.440000534057617,29.829496383666992,226600
2007-01-19,31.440000534057617,31.469999313354492,31.0,31.1299991607666,29.535375595092773,151600
2007-01-22,30.979999542236328,31.0,30.030000686645508,30.200000762939453,28.653017044067383,286300
2007-01-23,30.049999237060547,31.440000534057617,29.989999771118164,30.850000381469727,29.26972007751465,493600
2007-01-24,30.850000381469727,31.139999389648438,30.6299991607666,30.940000534057617,29.3551082611084,272300
2007-01-25,31.0,31.299999237060547,30.739999771118164,30.81999969482422,29.241256713867188,232300
2007-01-26,30.81999969482422,31.18000030517578,30.799999237060547,30.969999313354492,29.38357162475586,184700
2007-01-29,30.920000076293945,31.219999313354492,30.709999084472656,31.0,29.412036895751953,609400
2007-01-30,31.0,31.290000915527344,30.90999984741211,31.200000762939453,29.601791381835938,288100
2007-01-31,31.100000381469727,31.510000228881836,31.030000686645508,31.31999969482422,29.71564483642578,145500
2007-02-01,31.360000610351562,31.75,30.940000534057617,31.200000762939453,29.601791381835938,182100
2007-02-02,31.350000381469727,31.899999618530273,31.139999389648438,31.639999389648438,30.019250869750977,102200
2007-02-05,31.670000076293945,32.189998626708984,31.549999237060547,32.0,30.360809326171875,124300
2007-02-06,32.029998779296875,32.34000015258789,31.950000762939453,32.060001373291016,30.41773796081543,123800
2007-02-07,32.150001525878906,32.72999954223633,31.959999084472656,32.59000015258789,30.920591354370117,205700
2007-02-08,32.5,32.5,32.130001068115234,32.38999938964844,30.7308292388916,160600
2007-02-09,32.349998474121094,32.36000061035156,32.040000915527344,32.22999954223633,30.579029083251953,232900
2007-02-12,32.22999954223633,32.279998779296875,31.850000381469727,31.989999771118164,30.3513240814209,233600
2007-02-13,32.0,32.060001373291016,31.31999969482422,31.649999618530273,30.02873992919922,127700
2007-02-14,31.600000381469727,32.060001373291016,31.600000381469727,31.719999313354492,30.095151901245117,154100
2007-02-15,31.719999313354492,31.829999923706055,31.299999237060547,31.40999984741211,29.80103302001953,134000
2007-02-16,31.40999984741211,31.40999984741211,30.579999923706055,30.649999618530273,29.0799617767334,255700
2007-02-20,30.6299991607666,30.969999313354492,30.40999984741211,30.770000457763672,29.193815231323242,425800
2007-02-21,30.700000762939453,31.43000030517578,30.510000228881836,30.899999618530273,29.317157745361328,249100
2007-02-22,31.100000381469727,31.209999084472656,30.530000686645508,31.190000534057617,29.592302322387695,183700
2007-02-23,32.29999923706055,35.0,32.20000076293945,34.81999969482422,33.036354064941406,1469400
2007-02-26,34.56999969482422,35.34000015258789,34.31999969482422,35.04999923706055,33.25457763671875,315500
2007-02-27,34.75,34.81999969482422,33.599998474121094,33.7400016784668,32.01167678833008,377500
2007-02-28,33.86000061035156,34.25,33.029998779296875,33.11000061035156,31.413955688476562,223900
2007-03-01,32.400001525878906,34.040000915527344,31.75,33.56999969482422,31.850385665893555,496800
2007-03-02,33.31999969482422,33.400001525878906,32.5,32.5,30.83519744873047,730400
2007-03-05,32.349998474121094,32.75,31.8799991607666,31.90999984741211,30.275419235229492,428200
2007-03-06,32.2599983215332,33.04999923706055,31.950000762939453,32.75,31.0723934173584,194900
2007-03-07,32.849998474121094,32.970001220703125,32.349998474121094,32.61000061035156,30.93956756591797,245300
2007-03-08,32.849998474121094,33.5099983215332,32.34000015258789,32.66999816894531,30.996488571166992,396300
2007-03-09,32.619998931884766,32.619998931884766,31.479999542236328,32.150001525878906,30.503129959106445,3919700
2007-03-12,32.20000076293945,32.2400016784668,31.479999542236328,31.8700008392334,30.237470626831055,284200
2007-03-13,31.75,32.040000915527344,30.850000381469727,30.850000381469727,29.26972007751465,233900
2007-03-14,31.0,31.350000381469727,30.25,30.780000686645508,29.203306198120117,546400
2007-03-15,30.889999389648438,31.700000762939453,30.68000030517578,31.690000534057617,30.06669044494629,205000
2007-03-16,31.690000534057617,31.790000915527344,30.93000030517578,31.170000076293945,29.573328018188477,350800
2007-03-19,31.600000381469727,31.68000030517578,31.079999923706055,31.200000762939453,29.601791381835938,114200
2007-03-20,30.950000762939453,31.329999923706055,30.8700008392334,30.979999542236328,29.39305877685547,208700
2007-03-21,31.100000381469727,31.739999771118164,30.81999969482422,31.739999771118164,30.1141300201416,283900
2007-03-22,31.799999237060547,31.989999771118164,31.420000076293945,31.809999465942383,30.1805419921875,493900
2007-03-23,31.719999313354492,32.31999969482422,31.56999969482422,32.290000915527344,30.635957717895508,527500
2007-03-26,32.130001068115234,33.16999816894531,32.02000045776367,32.25,30.598007202148438,304600
2007-03-27,32.209999084472656,32.209999084472656,31.8799991607666,31.940000534057617,30.303882598876953,236300
2007-03-28,31.700000762939453,31.709999084472656,31.239999771118164,31.399999618530273,29.79154396057129,470200
2007-03-29,31.56999969482422,31.600000381469727,30.59000015258789,30.790000915527344,29.212793350219727,248700
2007-03-30,30.75,31.0,30.559999465942383,30.790000915527344,29.212793350219727,276100
2007-04-02,30.940000534057617,31.040000915527344,30.6200008392334,30.899999618530273,29.317157745361328,238500
2007-04-03,31.0,31.5,30.84000015258789,31.25,29.649227142333984,324800
2007-04-04,31.200000762939453,31.440000534057617,30.549999237060547,31.440000534057617,29.829496383666992,359200
2007-04-05,31.440000534057617,31.579999923706055,31.1200008392334,31.420000076293945,29.810522079467773,181900
2007-04-09,31.420000076293945,31.729999542236328,31.110000610351562,31.600000381469727,29.98130226135254,179200
2007-04-10,31.600000381469727,32.06999969482422,31.479999542236328,32.06999969482422,30.42722511291504,266500
2007-04-11,32.130001068115234,32.130001068115234,31.399999618530273,31.739999771118164,30.1141300201416,250700
2007-04-12,31.549999237060547,31.989999771118164,31.15999984741211,31.979999542236328,30.341833114624023,166900
2007-04-13,31.940000534057617,32.54999923706055,31.799999237060547,32.47999954223633,30.816221237182617,361800
2007-04-16,32.599998474121094,33.15999984741211,32.43000030517578,33.09000015258789,31.394975662231445,266800
2007-04-17,33.099998474121094,33.150001525878906,32.65999984741211,32.95000076293945,31.26214599609375,306900
2007-04-18,32.75,33.119998931884766,32.529998779296875,33.040000915527344,31.3475399017334,272800
2007-04-19,32.790000915527344,33.13999938964844,32.29999923706055,33.040000915527344,31.3475399017334,192300
2007-04-20,33.5,33.70000076293945,32.83000183105469,33.099998474121094,31.404462814331055,362100
2007-04-23,33.0,33.38999938964844,32.959999084472656,33.38999938964844,31.679611206054688,171300
2007-04-24,33.45000076293945,33.5,32.869998931884766,33.04999923706055,31.35702133178711,153900
2007-04-25,33.25,33.25,32.650001525878906,32.869998931884766,31.186243057250977,158000
2007-04-26,32.810001373291016,33.349998474121094,32.689998626708984,33.2599983215332,31.5562686920166,184200
2007-04-27,33.15999984741211,33.63999938964844,33.11000061035156,33.209999084472656,31.508827209472656,195700
2007-04-30,33.310001373291016,33.79999923706055,32.95000076293945,33.20000076293945,31.499340057373047,280900
2007-05-01,33.20000076293945,33.20000076293945,32.33000183105469,32.91999816894531,31.233680725097656,293500
2007-05-02,32.97999954223633,33.209999084472656,32.619998931884766,32.91999816894531,31.233680725097656,476500
2007-05-03,32.91999816894531,33.2400016784668,32.529998779296875,33.20000076293945,31.499340057373047,538300
2007-05-04,32.220001220703125,32.220001220703125,29.479999542236328,30.850000381469727,29.26972007751465,4698900
2007-05-07,30.700000762939453,30.780000686645508,30.0,30.690000534057617,29.117916107177734,666800
2007-05-08,30.5,31.31999969482422,30.219999313354492,31.239999771118164,29.639741897583008,396600
2007-05-09,31.010000228881836,31.940000534057617,30.700000762939453,31.90999984741211,30.275419235229492,887100
2007-05-10,31.90999984741211,32.0,31.459999084472656,31.899999618530273,30.265932083129883,906600
2007-05-11,32.0,32.0,31.360000610351562,31.510000228881836,29.895910263061523,271200
2007-05-14,31.549999237060547,31.829999923706055,31.530000686645508,31.65999984741211,30.038227081298828,595700
2007-05-15,31.600000381469727,31.600000381469727,30.350000381469727,30.43000030517578,28.871232986450195,652100
2007-05-16,30.639999389648438,30.799999237060547,30.010000228881836,30.049999237060547,28.510696411132812,600900
2007-05-17,30.09000015258789,30.139999389648438,29.649999618530273,29.850000381469727,28.32094383239746,678500
2007-05-18,29.850000381469727,30.100000381469727,29.530000686645508,29.6200008392334,28.102725982666016,539300
2007-05-21,29.75,30.40999984741211,29.75,30.389999389648438,28.833284378051758,762000
2007-05-22,30.450000762939453,30.530000686645508,30.020000457763672,30.520000457763672,28.956621170043945,335100
2007-05-23,30.520000457763672,30.520000457763672,29.950000762939453,30.030000686645508,28.491724014282227,446200
2007-05-24,30.020000457763672,30.440000534057617,29.75,29.8700008392334,28.339920043945312,622200
2007-05-25,29.979999542236328,30.239999771118164,29.8799991607666,29.940000534057617,28.406333923339844,155200
2007-05-29,30.010000228881836,30.010000228881836,29.6299991607666,29.770000457763672,28.245038986206055,351400
2007-05-30,29.950000762939453,30.530000686645508,29.739999771118164,30.479999542236328,28.918670654296875,238600
2007-05-31,31.0,31.520000457763672,30.729999542236328,30.799999237060547,29.222278594970703,515300
2007-06-01,30.600000381469727,31.100000381469727,30.600000381469727,30.799999237060547,29.222278594970703,586900
2007-06-04,30.799999237060547,30.799999237060547,30.260000228881836,30.690000534057617,29.117916107177734,279800
2007-06-05,30.5,30.600000381469727,30.270000457763672,30.489999771118164,28.928157806396484,700600
2007-06-06,29.950000762939453,30.200000762939453,29.690000534057617,29.969999313354492,28.434795379638672,315300
2007-06-07,29.93000030517578,29.93000030517578,29.06999969482422,29.420000076293945,27.9129695892334,417500
2007-06-08,29.600000381469727,30.1299991607666,29.510000228881836,30.0,28.463260650634766,852800
2007-06-11,30.049999237060547,30.049999237060547,29.8700008392334,29.920000076293945,28.38735580444336,318400
2007-06-12,29.81999969482422,30.09000015258789,29.649999618530273,29.940000534057617,28.406333923339844,277600
2007-06-13,29.950000762939453,30.110000610351562,29.860000610351562,29.93000030517578,28.3968448638916,409600
2007-06-14,30.079999923706055,30.329999923706055,29.920000076293945,30.030000686645508,28.491724014282227,338900
2007-06-15,30.489999771118164,30.559999465942383,30.270000457763672,30.3799991607666,28.823795318603516,396000
2007-06-18,30.56999969482422,30.729999542236328,30.290000915527344,30.68000030517578,29.108428955078125,210400
2007-06-19,30.969999313354492,32.47999954223633,30.790000915527344,31.709999084472656,30.085668563842773,865300
2007-06-20,31.709999084472656,31.770000457763672,30.790000915527344,30.81999969482422,29.241256713867188,430600
2007-06-21,30.81999969482422,31.18000030517578,30.81999969482422,30.950000762939453,29.364595413208008,590600
2007-06-22,30.950000762939453,31.100000381469727,30.700000762939453,30.760000228881836,29.184329986572266,499400
2007-06-25,30.75,31.100000381469727,30.75,31.020000457763672,29.431011199951172,327200
2007-06-26,31.079999923706055,31.190000534057617,30.90999984741211,31.190000534057617,29.592302322387695,537400
2007-06-27,31.0,32.310001373291016,31.0,31.90999984741211,30.275419235229492,571100
2007-06-28,31.950000762939453,32.13999938964844,30.84000015258789,31.149999618530273,29.554351806640625,569000
2007-06-29,31.299999237060547,31.989999771118164,30.399999618530273,30.790000915527344,29.212793350219727,1727800
2007-07-02,31.149999618530273,31.270000457763672,30.729999542236328,31.0,29.412036895751953,452300
2007-07-03,30.979999542236328,31.25,30.950000762939453,31.079999923706055,29.48793601989746,85900
2007-07-05,31.100000381469727,31.100000381469727,30.770000457763672,31.020000457763672,29.431011199951172,204000
2007-07-06,31.06999969482422,31.15999984741211,30.850000381469727,30.989999771118164,29.402549743652344,141700
2007-07-09,31.049999237060547,31.049999237060547,30.530000686645508,30.829999923706055,29.250743865966797,165900
2007-07-10,30.5,30.790000915527344,30.110000610351562,30.170000076293945,28.624553680419922,329600
2007-07-11,30.170000076293945,30.530000686645508,30.0,30.469999313354492,28.909183502197266,419100
2007-07-12,30.75,31.190000534057617,30.65999984741211,31.100000381469727,29.506912231445312,247700
2007-07-13,31.0,31.5,31.0,31.360000610351562,29.75359535217285,256700
2007-07-16,31.209999084472656,31.229999542236328,30.84000015258789,30.920000076293945,29.33613395690918,363100
2007-07-17,31.0,31.149999618530273,30.770000457763672,30.850000381469727,29.26972007751465,236400
2007-07-18,30.549999237060547,30.8799991607666,30.420000076293945,30.719999313354492,29.146379470825195,404300
2007-07-19,30.75,30.889999389648438,30.139999389648438,30.209999084472656,28.66250228881836,489100
2007-07-20,30.1200008392334,30.260000228881836,29.299999237060547,29.459999084472656,27.95092010498047,843200
2007-07-23,29.68000030517578,30.170000076293945,29.5,29.90999984741211,28.37786865234375,243900
2007-07-24,29.649999618530273,29.649999618530273,28.600000381469727,28.940000534057617,27.45755958557129,359400
2007-07-25,29.280000686645508,29.469999313354492,28.90999984741211,29.270000457763672,27.770654678344727,307100
2007-07-26,28.540000915527344,29.239999771118164,28.25,28.81999969482422,27.343706130981445,736900
2007-07-27,28.649999618530273,29.399999618530273,27.8700008392334,27.8700008392334,26.442367553710938,611200
2007-07-30,27.709999084472656,27.860000610351562,26.520000457763672,26.84000015258789,25.465129852294922,657600
2007-07-31,26.25,26.25,24.389999389648438,24.920000076293945,23.64348030090332,1959300
2007-08-01,24.799999237060547,25.020000457763672,23.770000457763672,24.299999237060547,23.055240631103516,1401400
2007-08-02,24.5,25.420000076293945,24.5,25.229999542236328,23.93760108947754,1030500
2007-08-03,25.1200008392334,25.1200008392334,23.510000228881836,23.510000228881836,22.305707931518555,398400
2007-08-06,23.540000915527344,23.6299991607666,22.549999237060547,23.389999389648438,22.19185447692871,1127600
2007-08-07,23.18000030517578,24.65999984741211,23.18000030517578,24.399999618530273,23.150117874145508,604700
2007-08-08,25.010000228881836,25.43000030517578,23.0,24.5,23.244997024536133,1467400
2007-08-09,24.25,24.25,21.440000534057617,22.959999084472656,21.78388023376465,3091000
2007-08-10,22.549999237060547,24.190000534057617,22.389999389648438,23.59000015258789,22.381607055664062,1079300
2007-08-13,23.75,24.079999923706055,23.420000076293945,24.0,22.770606994628906,783200
2007-08-14,23.850000381469727,24.049999237060547,22.969999313354492,23.040000915527344,21.859783172607422,478400
2007-08-15,22.860000610351562,23.209999084472656,21.760000228881836,22.0,20.873056411743164,421400
2007-08-16,21.860000610351562,22.0,20.100000381469727,21.40999984741211,20.313278198242188,858000
2007-08-17,21.420000076293945,22.389999389648438,20.649999618530273,20.790000915527344,19.725040435791016,935800
2007-08-20,20.84000015258789,21.200000762939453,20.600000381469727,21.020000457763672,19.94325828552246,814300
2007-08-21,21.149999618530273,21.600000381469727,21.010000228881836,21.149999618530273,20.066598892211914,703200
2007-08-22,21.59000015258789,22.229999542236328,21.3799991607666,22.209999084472656,21.072301864624023,693100
2007-08-23,22.709999084472656,23.329999923706055,22.540000915527344,23.079999923706055,21.897733688354492,1079700
2007-08-24,23.25,24.229999542236328,23.0,24.170000076293945,22.931901931762695,520800
2007-08-27,24.139999389648438,24.350000381469727,23.950000762939453,24.170000076293945,22.931901931762695,325100
2007-08-28,23.959999084472656,24.06999969482422,23.610000610351562,23.760000228881836,22.54290199279785,203800
2007-08-29,23.84000015258789,24.139999389648438,23.649999618530273,24.09000015258789,22.855998992919922,263000
2007-08-30,23.799999237060547,24.690000534057617,23.770000457763672,24.309999465942383,23.064727783203125,276700
2007-08-31,24.739999771118164,24.739999771118164,24.0,24.43000030517578,23.17858123779297,142600
2007-09-04,24.3700008392334,24.520000457763672,23.920000076293945,24.020000457763672,22.78958511352539,182400
2007-09-05,23.899999618530273,24.3700008392334,23.600000381469727,24.170000076293945,22.931901931762695,249400
2007-09-06,24.200000762939453,24.299999237060547,23.770000457763672,24.280000686645508,23.036266326904297,172100
2007-09-07,23.780000686645508,24.010000228881836,23.299999237060547,23.360000610351562,22.163393020629883,268900
2007-09-10,23.459999084472656,23.510000228881836,22.0,22.1299991607666,20.996395111083984,486700
2007-09-11,22.149999618530273,22.360000610351562,21.3799991607666,21.649999618530273,20.540987014770508,555900
2007-09-12,21.549999237060547,22.399999618530273,21.399999618530273,22.059999465942383,20.929983139038086,350300
2007-09-13,22.200000762939453,22.200000762939453,21.649999618530273,21.649999618530273,20.540987014770508,559400
2007-09-14,21.5,21.6299991607666,21.079999923706055,21.280000686645508,20.189937591552734,705400
2007-09-17,21.260000228881836,21.260000228881836,20.5,20.649999618530273,19.59221076965332,629600
2007-09-18,20.68000030517578,20.81999969482422,20.350000381469727,20.68000030517578,19.62067413330078,424200
2007-09-19,20.950000762939453,22.18000030517578,20.920000076293945,21.940000534057617,20.816131591796875,587400
2007-09-20,21.809999465942383,21.850000381469727,21.049999237060547,21.260000228881836,20.170963287353516,207500
2007-09-21,21.459999084472656,21.6200008392334,21.0,21.059999465942383,19.9812068939209,302000
2007-09-24,21.020000457763672,21.1299991607666,20.219999313354492,20.25,19.21270179748535,268800
2007-09-25,20.1299991607666,20.170000076293945,19.329999923706055,19.600000381469727,18.59599494934082,802600
2007-09-26,19.649999618530273,19.739999771118164,19.1200008392334,19.229999542236328,18.244951248168945,822300
2007-09-27,19.239999771118164,19.600000381469727,18.670000076293945,19.010000228881836,18.036218643188477,779300
2007-09-28,19.020000457763672,19.139999389648438,18.700000762939453,18.719999313354492,17.761075973510742,472200
2007-10-01,18.700000762939453,18.799999237060547,18.290000915527344,18.399999618530273,17.457468032836914,485200
2007-10-02,18.34000015258789,19.190000534057617,18.25,19.0,18.026729583740234,767300
2007-10-03,19.049999237060547,19.059999465942383,18.5,18.90999984741211,17.941341400146484,548900
2007-10-04,19.309999465942383,19.979999542236328,18.799999237060547,19.0,18.026729583740234,1149900
2007-10-05,19.110000610351562,20.100000381469727,18.850000381469727,20.0,18.97550392150879,740600
2007-10-08,20.8700008392334,21.299999237060547,20.459999084472656,20.610000610351562,19.55426025390625,631300
2007-10-09,20.690000534057617,21.440000534057617,20.600000381469727,20.979999542236328,19.905305862426758,578400
2007-10-10,20.959999084472656,21.25,20.649999618530273,20.889999389648438,19.819917678833008,493900
2007-10-11,20.84000015258789,21.040000915527344,20.1299991607666,20.299999237060547,19.26013946533203,496800
2007-10-12,20.25,20.56999969482422,19.559999465942383,20.399999618530273,19.355016708374023,541500
2007-10-15,20.5,20.790000915527344,20.43000030517578,20.600000381469727,19.544769287109375,430400
2007-10-16,20.510000228881836,20.68000030517578,20.25,20.34000015258789,19.298091888427734,278100
2007-10-17,20.559999465942383,20.860000610351562,19.719999313354492,20.229999542236328,19.1937255859375,220600
2007-10-18,20.190000534057617,20.399999618530273,19.709999084472656,20.09000015258789,19.060894012451172,245400
2007-10-19,20.0,20.350000381469727,19.389999389648438,19.459999084472656,18.463165283203125,261600
2007-10-22,19.25,19.93000030517578,19.0,19.8799991607666,18.861652374267578,354200
2007-10-23,20.110000610351562,20.200000762939453,19.780000686645508,19.899999618530273,18.880630493164062,289100
2007-10-24,19.799999237060547,19.899999618530273,19.079999923706055,19.489999771118164,18.491628646850586,387200
2007-10-25,19.6299991607666,23.0,19.270000457763672,20.600000381469727,19.544769287109375,2268800
2007-10-26,21.18000030517578,21.200000762939453,20.18000030517578,20.610000610351562,19.55426025390625,600600
2007-10-29,20.799999237060547,21.520000457763672,20.469999313354492,20.600000381469727,19.544769287109375,530900
2007-10-30,20.709999084472656,20.940000534057617,20.3799991607666,20.469999313354492,19.421432495117188,587300
2007-10-31,20.600000381469727,20.709999084472656,20.059999465942383,20.280000686645508,19.241165161132812,501800
2007-11-01,20.0,20.790000915527344,18.799999237060547,18.93000030517578,17.960315704345703,820900
2007-11-02,16.5,16.899999618530273,15.470000267028809,16.489999771118164,15.645306587219238,2478000
2007-11-05,16.65999984741211,16.65999984741211,16.020000457763672,16.399999618530273,15.559914588928223,1470900
2007-11-06,16.68000030517578,16.68000030517578,16.100000381469727,16.3799991607666,15.540939331054688,897300
2007-11-07,16.43000030517578,16.43000030517578,16.1200008392334,16.229999542236328,15.398622512817383,839200
2007-11-08,16.479999542236328,16.479999542236328,15.670000076293945,15.800000190734863,14.99065113067627,1296700
2007-11-09,15.960000038146973,15.960000038146973,15.619999885559082,15.729999542236328,14.924235343933105,393500
2007-11-12,15.90999984741211,16.18000030517578,15.789999961853027,15.859999656677246,15.047575950622559,359800
2007-11-13,16.1200008392334,16.260000228881836,15.5,16.0,15.180404663085938,440400
2007-11-14,16.389999389648438,16.389999389648438,15.779999732971191,16.06999969482422,15.246820449829102,539100
2007-11-15,16.1299991607666,16.139999389648438,15.520000457763672,15.989999771118164,15.170916557312012,409800
2007-11-16,16.149999618530273,16.200000762939453,15.800000190734863,16.18000030517578,15.351184844970703,424900
2007-11-19,16.34000015258789,16.34000015258789,15.109999656677246,15.199999809265137,14.421385765075684,711000
2007-11-20,15.25,15.25,14.329999923706055,14.84000015258789,14.079827308654785,566900
2007-11-21,14.899999618530273,15.109999656677246,14.569999694824219,15.0,14.231630325317383,372800
2007-11-23,15.430000305175781,15.449999809265137,15.010000228881836,15.180000305175781,14.402410507202148,125900
2007-11-26,15.420000076293945,15.4399995803833,14.850000381469727,14.850000381469727,14.089314460754395,270700
2007-11-27,15.119999885559082,15.199999809265137,14.800000190734863,15.010000228881836,14.241117477416992,228500
2007-11-28,15.210000038146973,15.489999771118164,14.859999656677246,15.399999618530273,14.611139297485352,281000
2007-11-29,15.390000343322754,15.5,15.0,15.170000076293945,14.392921447753906,239400
2007-11-30,15.420000076293945,15.930000305175781,15.270000457763672,15.479999542236328,14.687042236328125,497800
2007-12-03,15.529999732971191,15.930000305175781,15.300000190734863,15.319999694824219,14.535238265991211,354800
2007-12-04,15.300000190734863,15.300000190734863,15.0,15.039999961853027,14.269580841064453,204900
2007-12-05,15.3100004196167,15.319999694824219,15.010000228881836,15.149999618530273,14.373946189880371,292500
2007-12-06,15.270000457763672,16.059999465942383,15.199999809265137,15.9399995803833,15.123477935791016,475400
2007-12-07,16.020000457763672,16.34000015258789,15.75,15.880000114440918,15.066551208496094,493500
2007-12-10,15.899999618530273,17.450000762939453,15.899999618530273,17.420000076293945,16.527666091918945,868100
2007-12-11,17.40999984741211,18.15999984741211,17.219999313354492,17.299999237060547,16.413814544677734,671800
2007-12-12,17.639999389648438,18.170000076293945,17.18000030517578,17.25,16.366374969482422,431800
2007-12-13,17.139999389648438,17.440000534057617,16.670000076293945,17.389999389648438,16.499202728271484,280600
2007-12-14,17.399999618530273,17.399999618530273,16.200000762939453,16.520000457763672,15.6737699508667,516700
2007-12-17,16.5,17.059999465942383,16.450000762939453,16.639999389648438,15.78762149810791,301000
2007-12-18,16.8700008392334,17.09000015258789,16.600000381469727,16.90999984741211,16.043792724609375,614500
2007-12-19,17.149999618530273,17.149999618530273,16.729999542236328,17.079999923706055,16.205081939697266,223800
2007-12-20,17.0,17.229999542236328,16.559999465942383,16.950000762939453,16.081743240356445,242700
2007-12-21,17.43000030517578,17.43000030517578,16.770000457763672,17.010000228881836,16.1386661529541,358900
2007-12-24,17.020000457763672,17.18000030517578,16.809999465942383,17.020000457763672,16.148155212402344,123400
2007-12-26,17.149999618530273,17.360000610351562,16.8700008392334,17.219999313354492,16.33791160583496,191500
2007-12-27,17.309999465942383,17.479999542236328,16.299999237060547,16.309999465942383,15.474526405334473,334400
2007-12-28,16.56999969482422,17.030000686645508,16.399999618530273,16.600000381469727,15.749670028686523,256900
2007-12-31,16.600000381469727,16.860000610351562,16.229999542236328,16.479999542236328,15.635818481445312,273800
2008-01-02,16.489999771118164,16.84000015258789,16.350000381469727,16.6200008392334,15.768646240234375,317700
2008-01-03,16.639999389648438,16.729999542236328,15.6899995803833,15.819999694824219,15.009625434875488,241900
2008-01-04,15.819999694824219,15.819999694824219,15.279999732971191,15.329999923706055,14.54472541809082,243000
2008-01-07,15.369999885559082,15.899999618530273,15.319999694824219,15.829999923706055,15.019113540649414,284200
2008-01-08,15.859999656677246,16.15999984741211,14.75,14.819999694824219,14.060851097106934,465900
2008-01-09,14.8100004196167,15.710000038146973,14.640000343322754,15.550000190734863,14.753456115722656,414000
2008-01-10,15.40999984741211,15.760000228881836,14.869999885559082,15.489999771118164,14.696529388427734,450900
2008-01-11,15.390000343322754,15.880000114440918,14.9399995803833,15.149999618530273,14.373946189880371,176000
2008-01-14,15.279999732971191,15.779999732971191,15.0,15.680000305175781,14.876797676086426,171000
2008-01-15,15.489999771118164,15.649999618530273,14.960000038146973,15.020000457763672,14.250605583190918,223400
2008-01-16,15.020000457763672,15.680000305175781,14.970000267028809,15.479999542236328,14.687042236328125,256500
2008-01-17,15.569999694824219,15.569999694824219,14.8100004196167,14.819999694824219,14.060851097106934,259200
2008-01-18,14.920000076293945,15.140000343322754,14.229999542236328,14.5,13.757243156433105,329600
2008-01-22,14.0,14.970000267028809,13.510000228881836,14.569999694824219,13.82365608215332,320200
2008-01-23,14.25,16.0,13.489999771118164,15.720000267028809,14.914748191833496,565000
2008-01-24,15.789999961853027,16.780000686645508,15.369999885559082,16.5,15.654792785644531,460200
2008-01-25,16.709999084472656,16.799999237060547,15.789999961853027,16.0,15.180404663085938,315900
2008-01-28,16.0,16.3799991607666,15.880000114440918,16.219999313354492,15.389134407043457,355000
2008-01-29,16.040000915527344,16.149999618530273,15.569999694824219,15.729999542236328,14.924235343933105,317700
2008-01-30,15.729999542236328,16.3700008392334,15.529999732971191,15.75,14.943211555480957,222600
2008-01-31,15.520000457763672,16.0,15.15999984741211,15.649999618530273,14.848333358764648,296900
2008-02-01,15.760000228881836,16.950000762939453,15.520000457763672,16.90999984741211,16.043792724609375,304700
2008-02-04,16.829999923706055,16.989999771118164,16.100000381469727,16.209999084472656,15.379646301269531,221700
2008-02-05,15.960000038146973,16.18000030517578,15.369999885559082,15.390000343322754,14.601653099060059,243200
2008-02-06,15.550000190734863,15.729999542236328,15.109999656677246,15.220000267028809,14.440361022949219,143000
2008-02-07,15.15999984741211,15.710000038146973,15.0600004196167,15.380000114440918,14.592164993286133,120900
2008-02-08,15.350000381469727,15.420000076293945,14.65999984741211,14.75,13.994436264038086,267900
2008-02-11,14.779999732971191,15.0,14.520000457763672,14.859999656677246,14.09880256652832,181800
2008-02-12,14.75,15.210000038146973,14.720000267028809,14.84000015258789,14.079827308654785,158900
2008-02-13,15.75,16.5,15.75,16.149999618530273,15.322721481323242,2231800
2008-02-14,16.040000915527344,16.450000762939453,15.390000343322754,15.449999809265137,14.658578872680664,341100
2008-02-15,15.329999923706055,15.619999885559082,15.229999542236328,15.369999885559082,14.582676887512207,373600
2008-02-19,15.489999771118164,16.200000762939453,15.489999771118164,16.059999465942383,15.237330436706543,383700
2008-02-20,15.880000114440918,16.329999923706055,15.640000343322754,16.209999084472656,15.379646301269531,468400
2008-02-21,16.25,16.43000030517578,16.030000686645508,16.219999313354492,15.389134407043457,471200
2008-02-22,16.280000686645508,16.43000030517578,16.020000457763672,16.3700008392334,15.531453132629395,308700
2008-02-25,16.40999984741211,16.8799991607666,16.280000686645508,16.829999923706055,15.967887878417969,208700
2008-02-26,16.670000076293945,17.059999465942383,16.670000076293945,16.799999237060547,15.939425468444824,322300
2008-02-27,16.600000381469727,16.850000381469727,16.309999465942383,16.489999771118164,15.645306587219238,186700
2008-02-28,16.440000534057617,17.049999237060547,16.40999984741211,16.5,15.654792785644531,202000
2008-02-29,16.5,16.5,16.0,16.18000030517578,15.351184844970703,221600
2008-03-03,16.1299991607666,16.260000228881836,15.989999771118164,16.200000762939453,15.370161056518555,219500
2008-03-04,16.06999969482422,16.399999618530273,16.0,16.25,15.417598724365234,191800
2008-03-05,16.350000381469727,16.5,16.040000915527344,16.200000762939453,15.370161056518555,114500
2008-03-06,16.100000381469727,16.270000457763672,15.600000381469727,15.699999809265137,14.895771980285645,352900
2008-03-07,15.5,16.059999465942383,15.350000381469727,15.529999732971191,14.734479904174805,264000
2008-03-10,15.609999656677246,15.609999656677246,15.25,15.34000015258789,14.554214477539062,187000
2008-03-11,15.789999961853027,15.789999961853027,14.859999656677246,15.260000228881836,14.478310585021973,306300
2008-03-12,15.279999732971191,15.329999923706055,14.899999618530273,14.960000038146973,14.19367790222168,185600
2008-03-13,14.819999694824219,15.25,14.640000343322754,15.239999771118164,14.459335327148438,217600
2008-03-14,15.34000015258789,15.359999656677246,14.699999809265137,14.84000015258789,14.079827308654785,254400
2008-03-17,14.260000228881836,14.829999923706055,14.239999771118164,14.350000381469727,13.6149263381958,141100
2008-03-18,14.510000228881836,15.0,14.329999923706055,14.850000381469727,14.089314460754395,234700
2008-03-19,14.930000305175781,15.0,14.020000457763672,14.119999885559082,13.396708488464355,781600
2008-03-20,14.109999656677246,15.010000228881836,14.109999656677246,14.670000076293945,13.918533325195312,561800
2008-03-24,14.760000228881836,15.220000267028809,14.510000228881836,15.140000343322754,14.364459991455078,500800
2008-03-25,15.170000076293945,15.390000343322754,14.920000076293945,15.119999885559082,14.345484733581543,247100
2008-03-26,15.079999923706055,15.229999542236328,14.970000267028809,15.119999885559082,14.345484733581543,207200
2008-03-27,15.170000076293945,15.170000076293945,14.569999694824219,14.789999961853027,14.032386779785156,205400
2008-03-28,14.779999732971191,15.069999694824219,14.720000267028809,14.880000114440918,14.117776870727539,204000
2008-03-31,14.760000228881836,14.970000267028809,14.649999618530273,14.84000015258789,14.079827308654785,222700
2008-04-01,14.819999694824219,15.40999984741211,14.789999961853027,15.40999984741211,14.620628356933594,436100
2008-04-02,15.359999656677246,15.710000038146973,15.239999771118164,15.420000076293945,14.63011646270752,382500
2008-04-03,15.25,15.789999961853027,15.25,15.479999542236328,14.687042236328125,259900
2008-04-04,15.399999618530273,15.850000381469727,15.010000228881836,15.739999771118164,14.933723449707031,265000
2008-04-07,15.819999694824219,16.100000381469727,15.770000457763672,15.800000190734863,14.99065113067627,499500
2008-04-08,15.630000114440918,15.800000190734863,15.5,15.600000381469727,14.800895690917969,203200
2008-04-09,15.640000343322754,15.649999618530273,15.069999694824219,15.140000343322754,14.364459991455078,401300
2008-04-10,15.09000015258789,15.100000381469727,14.569999694824219,15.0,14.231630325317383,400200
2008-04-11,14.819999694824219,15.010000228881836,14.75,14.84000015258789,14.079827308654785,164300
2008-04-14,14.850000381469727,15.0600004196167,14.729999542236328,14.789999961853027,14.032386779785156,207500
2008-04-15,14.670000076293945,15.029999732971191,14.670000076293945,15.020000457763672,14.250605583190918,152100
2008-04-16,15.100000381469727,15.390000343322754,14.9399995803833,15.390000343322754,14.601653099060059,503300
2008-04-17,15.279999732971191,15.399999618530273,15.0600004196167,15.279999732971191,14.49728775024414,204700
2008-04-18,15.529999732971191,15.850000381469727,15.289999961853027,15.5600004196167,14.762945175170898,186800
2008-04-21,15.40999984741211,15.899999618530273,15.34000015258789,15.699999809265137,14.895771980285645,147500
2008-04-22,15.579999923706055,15.579999923706055,14.970000267028809,15.34000015258789,14.554214477539062,232500
2008-04-23,15.390000343322754,15.630000114440918,15.119999885559082,15.390000343322754,14.601653099060059,153500
2008-04-24,15.399999618530273,15.850000381469727,15.149999618530273,15.699999809265137,14.895771980285645,195400
2008-04-25,15.800000190734863,15.869999885559082,15.569999694824219,15.729999542236328,14.924235343933105,104700
2008-04-28,15.6899995803833,16.020000457763672,15.600000381469727,15.930000305175781,15.113991737365723,179500
2008-04-29,15.970000267028809,16.260000228881836,15.949999809265137,16.170000076293945,15.34169864654541,200700
2008-04-30,16.190000534057617,16.299999237060547,15.720000267028809,15.869999885559082,15.0570650100708,151500
2008-05-01,15.829999923706055,16.489999771118164,15.829999923706055,16.3700008392334,15.531453132629395,192600
2008-05-02,16.489999771118164,16.700000762939453,16.270000457763672,16.440000534057617,15.597865104675293,168500
2008-05-05,16.350000381469727,16.690000534057617,16.350000381469727,16.389999389648438,15.550427436828613,240600
2008-05-06,16.299999237060547,16.889999389648438,16.18000030517578,16.799999237060547,15.939425468444824,271400
2008-05-07,16.8799991607666,16.899999618530273,16.1200008392334,16.1200008392334,15.294259071350098,335000
2008-05-08,16.09000015258789,16.670000076293945,16.0,16.18000030517578,15.351184844970703,257000
2008-05-09,16.549999237060547,19.600000381469727,16.549999237060547,19.18000030517578,18.197511672973633,1628800
2008-05-12,19.15999984741211,19.350000381469727,18.920000076293945,19.190000534057617,18.207000732421875,326500
2008-05-13,19.299999237060547,19.360000610351562,19.09000015258789,19.170000076293945,18.188024520874023,345500
2008-05-14,19.239999771118164,19.510000228881836,18.93000030517578,19.280000686645508,18.292388916015625,317700
2008-05-15,19.31999969482422,19.969999313354492,19.25,19.799999237060547,18.785751342773438,427800
2008-05-16,19.90999984741211,19.90999984741211,18.889999389648438,19.209999084472656,18.22597312927246,481000
2008-05-19,19.239999771118164,19.600000381469727,19.0,19.1299991607666,18.150070190429688,278400
2008-05-20,19.030000686645508,19.670000076293945,18.959999084472656,19.420000076293945,18.425216674804688,220700
2008-05-21,19.43000030517578,19.649999618530273,18.440000534057617,18.5,17.552343368530273,188400
2008-05-22,18.489999771118164,19.350000381469727,18.489999771118164,19.200000762939453,18.216487884521484,212300
2008-05-23,19.149999618530273,19.149999618530273,18.549999237060547,18.690000534057617,17.73261260986328,127800
2008-05-27,18.75,19.290000915527344,18.489999771118164,18.739999771118164,17.78005027770996,325700
2008-05-28,18.81999969482422,18.940000534057617,18.420000076293945,18.5,17.552343368530273,231200
2008-05-29,18.479999542236328,18.860000610351562,18.350000381469727,18.56999969482422,17.618757247924805,398100
2008-05-30,18.579999923706055,18.690000534057617,18.139999389648438,18.290000915527344,17.35310173034668,333000
2008-06-02,18.31999969482422,18.389999389648438,17.920000076293945,18.190000534057617,17.258224487304688,306200
2008-06-03,18.200000762939453,18.520000457763672,18.020000457763672,18.1299991607666,17.2012939453125,335400
2008-06-04,18.209999084472656,19.25,18.1299991607666,18.959999084472656,17.988779067993164,198900
2008-06-05,18.979999542236328,19.329999923706055,18.90999984741211,19.18000030517578,18.197511672973633,287700
2008-06-06,19.020000457763672,19.040000915527344,18.469999313354492,18.600000381469727,17.6472225189209,224500
2008-06-09,18.600000381469727,18.600000381469727,18.209999084472656,18.420000076293945,17.476442337036133,184800
2008-06-10,18.25,19.049999237060547,18.25,18.979999542236328,18.007755279541016,176000
2008-06-11,18.969999313354492,18.969999313354492,18.549999237060547,18.600000381469727,17.6472225189209,203000
2008-06-12,18.860000610351562,19.31999969482422,18.719999313354492,18.81999969482422,17.8559513092041,159800
2008-06-13,19.059999465942383,19.299999237060547,18.639999389648438,19.190000534057617,18.207000732421875,133500
2008-06-16,19.09000015258789,19.350000381469727,18.829999923706055,19.350000381469727,18.358802795410156,141600
2008-06-17,19.399999618530273,19.399999618530273,18.920000076293945,18.969999313354492,17.998268127441406,156500
2008-06-18,18.969999313354492,19.020000457763672,18.389999389648438,18.729999542236328,17.77056121826172,227900
2008-06-19,18.719999313354492,18.920000076293945,18.25,18.649999618530273,17.694658279418945,202200
2008-06-20,18.5,18.5,17.459999084472656,17.729999542236328,16.821786880493164,525800
2008-06-23,17.799999237060547,17.940000534057617,17.459999084472656,17.8700008392334,16.954618453979492,368100
2008-06-24,17.770000457763672,17.770000457763672,16.979999542236328,17.030000686645508,16.157644271850586,274900
2008-06-25,17.030000686645508,17.479999542236328,16.899999618530273,17.030000686645508,16.157644271850586,267600
2008-06-26,16.979999542236328,17.1200008392334,16.440000534057617,17.079999923706055,16.205081939697266,492800
2008-06-27,17.06999969482422,17.280000686645508,16.56999969482422,17.209999084472656,16.32842445373535,933000
2008-06-30,17.18000030517578,17.200000762939453,16.639999389648438,16.649999618530273,15.79710865020752,252800
2008-07-01,16.5,16.639999389648438,16.040000915527344,16.5,15.654792785644531,338400
2008-07-02,16.5,17.549999237060547,16.469999313354492,16.709999084472656,15.854034423828125,466700
2008-07-03,16.790000915527344,16.940000534057617,16.600000381469727,16.690000534057617,15.835060119628906,155300
2008-07-07,16.81999969482422,17.040000915527344,16.079999923706055,16.25,15.417598724365234,252800
2008-07-08,16.1299991607666,16.520000457763672,16.06999969482422,16.450000762939453,15.607355117797852,330800
2008-07-09,16.3700008392334,16.530000686645508,16.149999618530273,16.149999618530273,15.322721481323242,261700
2008-07-10,16.15999984741211,17.030000686645508,15.90999984741211,16.209999084472656,15.379646301269531,325600
2008-07-11,16.09000015258789,16.670000076293945,15.9399995803833,16.399999618530273,15.559914588928223,267600
2008-07-14,16.56999969482422,16.56999969482422,15.59000015258789,15.979999542236328,15.161428451538086,214800
2008-07-15,15.770000457763672,16.200000762939453,15.300000190734863,15.989999771118164,15.170916557312012,356000
2008-07-16,16.040000915527344,16.950000762939453,15.819999694824219,16.8799991607666,16.01532745361328,299300
2008-07-17,16.979999542236328,17.290000915527344,16.700000762939453,17.079999923706055,16.205081939697266,556600
2008-07-18,16.959999084472656,17.1299991607666,16.780000686645508,16.979999542236328,16.110204696655273,186500
2008-07-21,17.010000228881836,17.200000762939453,16.829999923706055,17.0,16.129180908203125,237100
2008-07-22,16.899999618530273,17.100000381469727,16.729999542236328,17.020000457763672,16.148155212402344,698000
2008-07-23,17.049999237060547,17.209999084472656,16.360000610351562,17.030000686645508,16.157644271850586,465100
2008-07-24,17.110000610351562,17.110000610351562,16.3700008392334,16.5,15.654792785644531,240400
2008-07-25,16.729999542236328,17.0,16.579999923706055,16.790000915527344,15.929939270019531,166200
2008-07-28,16.6200008392334,16.6200008392334,15.829999923706055,15.949999809265137,15.132966041564941,289300
2008-07-29,16.079999923706055,17.209999084472656,15.989999771118164,16.860000610351562,15.99635124206543,210400
2008-07-30,16.969999313354492,17.239999771118164,15.760000228881836,16.139999389648438,15.313234329223633,273400
2008-07-31,15.869999885559082,16.31999969482422,15.859999656677246,16.010000228881836,15.18989372253418,165200
2008-08-01,15.930000305175781,16.700000762939453,15.449999809265137,16.510000228881836,15.664280891418457,234000
2008-08-04,16.540000915527344,17.010000228881836,16.219999313354492,16.899999618530273,16.034299850463867,282700
2008-08-05,17.139999389648438,17.219999313354492,16.850000381469727,17.010000228881836,16.1386661529541,470500
2008-08-06,16.93000030517578,17.270000457763672,16.829999923706055,17.139999389648438,16.262006759643555,380100
2008-08-07,15.399999618530273,17.299999237060547,15.279999732971191,17.010000228881836,16.1386661529541,255200
2008-08-08,15.460000038146973,16.549999237060547,14.829999923706055,15.90999984741211,15.095014572143555,1881800
2008-08-11,15.859999656677246,17.209999084472656,15.819999694824219,17.010000228881836,16.1386661529541,478200
2008-08-12,17.09000015258789,17.09000015258789,16.100000381469727,16.40999984741211,15.569403648376465,292600
2008-08-13,16.360000610351562,16.93000030517578,16.299999237060547,16.860000610351562,15.99635124206543,221000
2008-08-14,16.700000762939453,17.15999984741211,16.700000762939453,16.979999542236328,16.110204696655273,500400
2008-08-15,17.1200008392334,17.309999465942383,16.65999984741211,17.25,16.366374969482422,285400
2008-08-18,17.309999465942383,17.59000015258789,16.81999969482422,17.280000686645508,16.394840240478516,318200
2008-08-19,17.1200008392334,17.309999465942383,16.670000076293945,16.790000915527344,15.929939270019531,235900
2008-08-20,16.8700008392334,16.8799991607666,16.229999542236328,16.56999969482422,15.721207618713379,253200
2008-08-21,16.34000015258789,16.489999771118164,16.040000915527344,16.190000534057617,15.360671997070312,137200
2008-08-22,16.25,16.559999465942383,16.1200008392334,16.3799991607666,15.540939331054688,239400
2008-08-25,16.31999969482422,16.489999771118164,16.010000228881836,16.350000381469727,15.512476921081543,146100
2008-08-26,16.299999237060547,16.770000457763672,16.280000686645508,16.700000762939453,15.844549179077148,216700
2008-08-27,16.700000762939453,17.469999313354492,16.700000762939453,17.190000534057617,16.3094482421875,172600
2008-08-28,17.190000534057617,18.09000015258789,17.139999389648438,18.0,17.07795524597168,120100
2008-08-29,17.93000030517578,18.0,17.579999923706055,17.709999084472656,16.802810668945312,84600
2008-09-02,17.709999084472656,18.469999313354492,17.709999084472656,18.209999084472656,17.277196884155273,228000
2008-09-03,18.1200008392334,18.790000915527344,18.049999237060547,18.540000915527344,17.590295791625977,219200
2008-09-04,18.399999618530273,18.579999923706055,18.200000762939453,18.260000228881836,17.32464027404785,219500
2008-09-05,18.149999618530273,18.690000534057617,18.1299991607666,18.389999389648438,17.447978973388672,213500
2008-09-08,18.690000534057617,18.690000534057617,18.200000762939453,18.649999618530273,17.694658279418945,299500
2008-09-09,18.459999084472656,18.8799991607666,18.059999465942383,18.1200008392334,17.191810607910156,283300
2008-09-10,18.299999237060547,18.719999313354492,18.1299991607666,18.469999313354492,17.523880004882812,182100
2008-09-11,18.290000915527344,18.969999313354492,17.93000030517578,18.600000381469727,17.6472225189209,218800
2008-09-12,18.31999969482422,18.600000381469727,18.209999084472656,18.540000915527344,17.590295791625977,277500
2008-09-15,17.8799991607666,18.489999771118164,17.75,17.780000686645508,16.869226455688477,205600
2008-09-16,17.56999969482422,18.5,17.309999465942383,18.479999542236328,17.533369064331055,280300
2008-09-17,18.270000457763672,18.479999542236328,17.34000015258789,17.690000534057617,16.783838272094727,325000
2008-09-18,18.040000915527344,19.049999237060547,17.459999084472656,18.860000610351562,17.893901824951172,472800
2008-09-19,19.290000915527344,21.829999923706055,18.209999084472656,19.3799991607666,18.387264251708984,1076400
2008-09-22,19.3799991607666,19.3799991607666,18.6299991607666,18.81999969482422,17.8559513092041,95100
2008-09-23,18.760000228881836,19.15999984741211,18.489999771118164,18.510000228881836,17.561832427978516,144000
2008-09-24,18.5,19.0,18.170000076293945,18.260000228881836,17.32464027404785,118200
2008-09-25,18.329999923706055,18.770000457763672,18.329999923706055,18.610000610351562,17.656707763671875,162600
2008-09-26,15.789999961853027,17.020000457763672,15.420000076293945,17.010000228881836,16.1386661529541,553300
2008-09-29,16.700000762939453,17.25,16.270000457763672,16.559999465942383,15.711719512939453,344800
2008-09-30,16.600000381469727,17.25,16.43000030517578,17.25,16.366374969482422,375300
2008-10-01,17.079999923706055,17.149999618530273,16.479999542236328,16.56999969482422,15.721207618713379,139100
2008-10-02,16.510000228881836,16.799999237060547,16.219999313354492,16.399999618530273,15.559914588928223,203500
2008-10-03,16.5,16.979999542236328,16.15999984741211,16.200000762939453,15.370161056518555,224800
2008-10-06,14.960000038146973,16.100000381469727,14.819999694824219,15.770000457763672,14.962186813354492,455500
2008-10-07,15.970000267028809,16.149999618530273,15.270000457763672,15.34000015258789,14.554214477539062,329400
2008-10-08,14.9399995803833,15.569999694824219,14.15999984741211,14.1899995803833,13.46312141418457,639100
2008-10-09,14.319999694824219,14.569999694824219,13.40999984741211,13.40999984741211,12.723075866699219,450700
2008-10-10,12.819999694824219,13.359999656677246,10.699999809265137,11.5,10.910916328430176,1142700
2008-10-13,11.899999618530273,12.020000457763672,11.329999923706055,11.989999771118164,11.375815391540527,248000
2008-10-14,12.100000381469727,12.100000381469727,11.010000228881836,11.34000015258789,10.759112358093262,272400
2008-10-15,11.34000015258789,11.34000015258789,10.039999961853027,10.050000190734863,9.535191535949707,150200
2008-10-16,10.260000228881836,11.020000457763672,10.0,11.010000228881836,10.446015357971191,460600
2008-10-17,10.539999961853027,11.0600004196167,10.220000267028809,10.25,9.724947929382324,306100
2008-10-20,10.350000381469727,10.619999885559082,10.119999885559082,10.600000381469727,10.057019233703613,237800
2008-10-21,10.359999656677246,10.699999809265137,10.25,10.270000457763672,9.74392318725586,185500
2008-10-22,10.149999618530273,10.319999694824219,9.869999885559082,10.010000228881836,9.497241020202637,292900
2008-10-23,10.029999732971191,10.039999961853027,8.699999809265137,9.329999923706055,8.852073669433594,242800
2008-10-24,8.619999885559082,9.220000267028809,8.59000015258789,9.0,8.53897762298584,174600
2008-10-27,8.8100004196167,9.319999694824219,8.75,8.84000015258789,8.387174606323242,362000
2008-10-28,9.0600004196167,9.470000267028809,8.630000114440918,9.470000267028809,8.984902381896973,220000
2008-10-29,9.399999618530273,10.0,9.369999885559082,9.6899995803833,9.193632125854492,211100
2008-10-30,9.890000343322754,10.170000076293945,9.720000267028809,10.140000343322754,9.620582580566406,151000
2008-10-31,10.0,10.699999809265137,9.899999618530273,10.640000343322754,10.094968795776367,287300
2008-11-03,10.529999732971191,11.109999656677246,10.529999732971191,10.710000038146973,10.161382675170898,198800
2008-11-04,11.050000190734863,11.34000015258789,10.699999809265137,11.220000267028809,10.645258903503418,246100
2008-11-05,11.069999694824219,11.5,10.779999732971191,10.869999885559082,10.313188552856445,286900
2008-11-06,10.779999732971191,10.859999656677246,10.100000381469727,10.119999885559082,9.601605415344238,176900
2008-11-07,10.5600004196167,11.149999618530273,10.199999809265137,10.8100004196167,10.256261825561523,281200
2008-11-10,11.020000457763672,11.270000457763672,10.319999694824219,10.4399995803833,9.905213356018066,167800
2008-11-11,10.239999771118164,10.960000038146973,10.109999656677246,10.460000038146973,9.924189567565918,129700
2008-11-12,10.229999542236328,10.460000038146973,9.829999923706055,9.84000015258789,9.335948944091797,184400
2008-11-13,9.829999923706055,10.359999656677246,9.100000381469727,10.329999923706055,9.800848960876465,328000
2008-11-14,10.119999885559082,10.119999885559082,9.1899995803833,9.220000267028809,8.747710227966309,144200
2008-11-17,9.220000267028809,9.420000076293945,9.029999732971191,9.100000381469727,8.633856773376465,177200
2008-11-18,9.210000038146973,9.5,8.640000343322754,9.010000228881836,8.548465728759766,254700
2008-11-19,8.84000015258789,9.140000343322754,7.800000190734863,7.800000190734863,7.400447845458984,207100
2008-11-20,7.840000152587891,8.140000343322754,7.210000038146973,7.239999771118164,6.869133472442627,240300
2008-11-21,7.389999866485596,7.389999866485596,5.360000133514404,6.869999885559082,6.5180864334106445,532200
2008-11-24,7.039999961853027,7.690000057220459,6.449999809265137,7.369999885559082,6.99247407913208,393500
2008-11-25,7.369999885559082,7.46999979019165,6.900000095367432,7.269999980926514,6.897596836090088,337200
2008-11-26,7.21999979019165,7.840000152587891,6.980000019073486,7.840000152587891,7.438398838043213,671800
2008-11-28,7.730000019073486,7.840000152587891,7.440000057220459,7.829999923706055,7.428911209106445,195200
2008-12-01,7.670000076293945,7.849999904632568,7.170000076293945,7.179999828338623,6.812206745147705,478900
2008-12-02,7.400000095367432,7.820000171661377,7.090000152587891,7.789999961853027,7.390959739685059,688800
2008-12-03,7.559999942779541,7.980000019073486,7.440000057220459,7.840000152587891,7.438398838043213,471800
2008-12-04,7.730000019073486,7.920000076293945,7.230000019073486,7.489999771118164,7.106327533721924,372200
2008-12-05,7.409999847412109,7.619999885559082,6.949999809265137,7.579999923706055,7.191717624664307,292000
2008-12-08,7.769999980926514,7.869999885559082,7.5,7.630000114440918,7.239155292510986,623500
2008-12-09,7.519999980926514,7.610000133514404,7.119999885559082,7.429999828338623,7.04940128326416,612100
2008-12-10,7.5,7.599999904632568,7.269999980926514,7.489999771118164,7.106327533721924,266100
2008-12-11,7.389999866485596,7.550000190734863,6.960000038146973,7.130000114440918,6.764768123626709,199100
2008-12-12,7.0,7.570000171661377,6.820000171661377,7.570000171661377,7.182229995727539,346600
2008-12-15,7.559999942779541,7.619999885559082,7.190000057220459,7.260000228881836,6.88810920715332,315600
2008-12-16,7.409999847412109,7.590000152587891,7.300000190734863,7.510000228881836,7.125302791595459,411300
2008-12-17,7.480000019073486,7.5,7.239999771118164,7.380000114440918,7.001962184906006,477100
2008-12-18,7.409999847412109,7.909999847412109,7.400000095367432,7.539999961853027,7.15376615524292,382800
2008-12-19,7.690000057220459,7.949999809265137,7.349999904632568,7.510000228881836,7.125302791595459,323500
2008-12-22,7.5,7.690000057220459,6.550000190734863,6.929999828338623,6.575013160705566,196900
2008-12-23,6.96999979019165,7.119999885559082,6.519999980926514,6.679999828338623,6.337819576263428,184200
2008-12-24,6.670000076293945,6.829999923706055,6.510000228881836,6.610000133514404,6.2714056968688965,104100
2008-12-26,6.639999866485596,6.789999961853027,6.5,6.699999809265137,6.356794834136963,208200
2008-12-29,6.710000038146973,6.71999979019165,6.300000190734863,6.550000190734863,6.214478969573975,502900
2008-12-30,6.599999904632568,6.820000171661377,6.400000095367432,6.809999942779541,6.461159706115723,373200
2008-12-31,6.800000190734863,6.989999771118164,6.699999809265137,6.900000095367432,6.5465497970581055,438800
2009-01-02,6.949999809265137,7.090000152587891,6.889999866485596,6.96999979019165,6.612963676452637,296200
2009-01-05,7.03000020980835,7.059999942779541,6.849999904632568,7.0,6.641427516937256,321000
2009-01-06,7.039999961853027,7.070000171661377,6.789999961853027,7.0,6.641427516937256,532100
2009-01-07,6.909999847412109,7.110000133514404,6.860000133514404,7.099999904632568,6.736305236816406,541400
2009-01-08,7.099999904632568,7.099999904632568,6.920000076293945,7.019999980926514,6.660402774810791,208100
2009-01-09,7.0,7.099999904632568,6.880000114440918,6.929999828338623,6.575013160705566,421300
2009-01-12,7.059999942779541,7.059999942779541,6.599999904632568,6.679999828338623,6.337819576263428,204000
2009-01-13,6.699999809265137,6.849999904632568,6.559999942779541,6.630000114440918,6.290380477905273,219700
2009-01-14,6.420000076293945,6.599999904632568,6.03000020980835,6.309999942779541,5.986772060394287,462300
2009-01-15,6.309999942779541,6.480000019073486,5.849999904632568,6.420000076293945,6.091137886047363,526300
2009-01-16,6.420000076293945,6.829999923706055,6.380000114440918,6.730000019073486,6.385258197784424,727200
2009-01-20,6.630000114440918,6.940000057220459,6.590000152587891,6.679999828338623,6.337819576263428,760300
2009-01-21,6.739999771118164,6.860000133514404,6.559999942779541,6.829999923706055,6.480135440826416,964100
2009-01-22,6.679999828338623,6.730000019073486,5.989999771118164,6.480000019073486,6.148064136505127,661600
2009-01-23,6.440000057220459,6.460000038146973,6.139999866485596,6.340000152587891,6.015235424041748,310400
2009-01-26,6.460000038146973,6.460000038146973,6.210000038146973,6.460000038146973,6.129088878631592,418600
2009-01-27,6.579999923706055,6.710000038146973,6.340000152587891,6.559999942779541,6.223966121673584,299300
2009-01-28,6.579999923706055,6.800000190734863,6.539999961853027,6.599999904632568,6.261917591094971,397400
2009-01-29,6.559999942779541,6.679999828338623,6.440000057220459,6.460000038146973,6.129088878631592,175500
2009-01-30,6.440000057220459,6.46999979019165,6.019999980926514,6.079999923706055,5.768554210662842,221300
2009-02-02,6.019999980926514,6.440000057220459,5.989999771118164,6.409999847412109,6.0816497802734375,214800
2009-02-03,6.369999885559082,6.429999828338623,5.989999771118164,6.260000228881836,5.939333438873291,244000
2009-02-04,6.239999771118164,6.269999980926514,5.809999942779541,5.900000095367432,5.597774505615234,167700
2009-02-05,5.880000114440918,5.900000095367432,5.699999809265137,5.829999923706055,5.531359672546387,210100
2009-02-06,5.809999942779541,6.429999828338623,5.769999980926514,6.329999923706055,6.0057477951049805,315000
2009-02-09,6.389999866485596,6.429999828338623,6.25,6.380000114440918,6.053186416625977,394400
2009-02-10,6.329999923706055,6.489999771118164,6.079999923706055,6.159999847412109,5.844455718994141,354900
2009-02-11,6.170000076293945,6.420000076293945,6.159999847412109,6.320000171661377,5.996260166168213,168000
2009-02-12,6.25,6.46999979019165,6.110000133514404,6.440000057220459,6.110113143920898,287700
2009-02-13,6.440000057220459,6.559999942779541,6.170000076293945,6.329999923706055,6.0057477951049805,211700
2009-02-17,6.150000095367432,6.289999961853027,6.079999923706055,6.199999809265137,5.882406711578369,373400
2009-02-18,6.199999809265137,6.289999961853027,6.130000114440918,6.210000038146973,5.891895294189453,222500
2009-02-19,6.199999809265137,6.369999885559082,6.179999828338623,6.199999809265137,5.882406711578369,237600
2009-02-20,6.099999904632568,6.230000019073486,6.03000020980835,6.150000095367432,5.834968090057373,383800
2009-02-23,6.190000057220459,6.25,5.550000190734863,5.570000171661377,5.284678936004639,224900
2009-02-24,5.420000076293945,5.420000076293945,4.300000190734863,4.340000152587891,4.117685317993164,1237700
2009-02-25,4.329999923706055,4.329999923706055,3.609999895095825,3.8499999046325684,3.652784824371338,850600
2009-02-26,3.9100000858306885,4.0,3.8499999046325684,3.890000104904175,3.6907362937927246,611300
2009-02-27,3.890000104904175,4.0,3.8499999046325684,3.9000000953674316,3.700223922729492,632100
2009-03-02,3.8399999141693115,3.9600000381469727,3.6600000858306885,3.690000057220459,3.500981092453003,293100
2009-03-03,3.8399999141693115,3.8399999141693115,3.559999942779541,3.559999942779541,3.3776402473449707,296300
2009-03-04,3.559999942779541,3.6500000953674316,3.380000114440918,3.430000066757202,3.2542994022369385,688800
2009-03-05,3.4700000286102295,3.4700000286102295,3.1500000953674316,3.1600000858306885,2.9981300830841064,285600
2009-03-06,3.200000047683716,3.259999990463257,2.680000066757202,2.859999895095825,2.7134974002838135,443600
2009-03-09,2.8399999141693115,3.0,2.8399999141693115,2.9100000858306885,2.7609362602233887,371600
2009-03-10,2.9200000762939453,3.0899999141693115,2.869999885559082,2.9600000381469727,2.808375120162964,495600
2009-03-11,2.9200000762939453,3.009999990463257,2.799999952316284,2.809999942779541,2.6660587787628174,406200
2009-03-12,2.809999942779541,2.9200000762939453,2.5399999618530273,2.9200000762939453,2.7704241275787354,514400
2009-03-13,2.950000047683716,3.0299999713897705,2.8499999046325684,2.940000057220459,2.7893993854522705,544500
2009-03-16,2.9700000286102295,3.0,2.799999952316284,2.930000066757202,2.779911518096924,808100
2009-03-17,2.990000009536743,3.190000057220459,2.930000066757202,3.1700000762939453,3.007617712020874,708500
2009-03-18,3.0999999046325684,3.319999933242798,2.9000000953674316,3.2799999713897705,3.111983060836792,712500
2009-03-19,3.4700000286102295,3.619999885559082,3.309999942779541,3.509999990463257,3.3302013874053955,640300
2009-03-20,3.5299999713897705,3.619999885559082,3.3499999046325684,3.359999895095825,3.187885046005249,393500
2009-03-23,3.450000047683716,3.7300000190734863,3.430000066757202,3.7300000190734863,3.5389320850372314,415300
2009-03-24,3.75,3.799999952316284,3.4600000381469727,3.4800000190734863,3.3017380237579346,299100
2009-03-25,3.509999990463257,3.700000047683716,3.450000047683716,3.640000104904175,3.453542470932007,182300
2009-03-26,3.75,3.799999952316284,3.5299999713897705,3.799999952316284,3.605346441268921,470200
2009-03-27,3.8299999237060547,3.8299999237060547,3.5399999618530273,3.700000047683716,3.5104689598083496,309900
2009-03-30,3.7100000381469727,3.7100000381469727,3.4000000953674316,3.5399999618530273,3.3586647510528564,276500
2009-03-31,3.630000114440918,3.680000066757202,3.4800000190734863,3.5399999618530273,3.3586647510528564,156700
2009-04-01,3.440000057220459,3.619999885559082,3.259999990463257,3.619999885559082,3.4345667362213135,371900
2009-04-02,3.700000047683716,4.449999809265137,3.690000057220459,4.039999961853027,3.833052635192871,669800
2009-04-03,4.010000228881836,4.449999809265137,4.0,4.449999809265137,4.222050666809082,326900
2009-04-06,4.329999923706055,4.449999809265137,4.139999866485596,4.21999979019165,4.00383186340332,274000
2009-04-07,4.230000019073486,4.300000190734863,4.119999885559082,4.150000095367432,3.937417507171631,166600
2009-04-08,4.170000076293945,4.289999961853027,4.110000133514404,4.239999771118164,4.0228071212768555,95200
2009-04-09,4.409999847412109,4.820000171661377,4.28000020980835,4.760000228881836,4.516170024871826,209100
2009-04-13,4.730000019073486,4.940000057220459,4.5,4.78000020980835,4.535146236419678,159800
2009-04-14,4.730000019073486,4.760000228881836,4.440000057220459,4.449999809265137,4.222050666809082,173800
2009-04-15,4.429999828338623,4.739999771118164,4.429999828338623,4.730000019073486,4.487707138061523,162700
2009-04-16,4.789999961853027,5.139999866485596,4.630000114440918,5.110000133514404,4.848242282867432,248300
2009-04-17,5.119999885559082,5.179999828338623,4.809999942779541,5.0,4.743875980377197,239500
2009-04-20,4.989999771118164,4.989999771118164,4.599999904632568,4.630000114440918,4.3928303718566895,222500
2009-04-21,4.570000171661377,4.980000019073486,4.53000020980835,4.849999904632568,4.601560115814209,264600
2009-04-22,4.789999961853027,5.480000019073486,4.710000038146973,5.170000076293945,4.905168533325195,895000
2009-04-23,5.289999961853027,5.510000228881836,5.110000133514404,5.440000057220459,5.1613383293151855,678400
2009-04-24,5.590000152587891,5.670000076293945,5.369999885559082,5.440000057220459,5.1613383293151855,579000
2009-04-27,5.53000020980835,5.710000038146973,5.260000228881836,5.559999942779541,5.275191307067871,269300
2009-04-28,5.670000076293945,5.849999904632568,5.389999866485596,5.739999771118164,5.445970058441162,197500
2009-04-29,5.769999980926514,6.369999885559082,5.670000076293945,6.340000152587891,6.015235424041748,618300
2009-04-30,6.380000114440918,6.769999980926514,6.159999847412109,6.449999809265137,6.119601249694824,991100
2009-05-01,6.579999923706055,6.800000190734863,6.309999942779541,6.710000038146973,6.3662824630737305,381700
2009-05-04,6.659999847412109,7.0,6.550000190734863,6.940000057220459,6.58450174331665,669800
2009-05-05,7.070000171661377,7.070000171661377,6.590000152587891,6.639999866485596,6.299867630004883,583100
2009-05-06,6.690000057220459,6.739999771118164,6.03000020980835,6.260000228881836,5.939333438873291,616600
2009-05-07,6.429999828338623,6.960000038146973,6.289999961853027,6.400000095367432,6.07216215133667,569600
2009-05-08,7.400000095367432,8.579999923706055,7.019999980926514,8.149999618530273,7.732518196105957,1235000
2009-05-11,8.130000114440918,8.25,7.860000133514404,8.130000114440918,7.713542938232422,527300
2009-05-12,8.180000305175781,8.199999809265137,7.920000076293945,8.170000076293945,7.751494884490967,478600
2009-05-13,8.210000038146973,8.229999542236328,7.710000038146973,7.760000228881836,7.362496852874756,509700
2009-05-14,7.820000171661377,8.109999656677246,7.730000019073486,8.0,7.590202331542969,359600
2009-05-15,8.039999961853027,8.229999542236328,7.619999885559082,7.849999904632568,7.447885990142822,295300
2009-05-18,7.909999847412109,8.199999809265137,7.820000171661377,8.09000015258789,7.675592422485352,266700
2009-05-19,8.140000343322754,8.319999694824219,7.800000190734863,8.210000038146973,7.789445400238037,385200
2009-05-20,8.279999732971191,8.5600004196167,8.119999885559082,8.180000305175781,7.760982513427734,475800
2009-05-21,8.0,8.210000038146973,7.730000019073486,8.199999809265137,7.779957294464111,422400
2009-05-22,8.220000267028809,8.369999885559082,8.0,8.119999885559082,7.704055309295654,363300
2009-05-26,8.1899995803833,8.680000305175781,8.079999923706055,8.600000381469727,8.159468650817871,574600
2009-05-27,8.5,8.829999923706055,8.369999885559082,8.510000228881836,8.074077606201172,446300
2009-05-28,8.420000076293945,8.699999809265137,8.100000381469727,8.65999984741211,8.216394424438477,338200
2009-05-29,8.699999809265137,8.8100004196167,8.449999809265137,8.710000038146973,8.263833045959473,415100
2009-06-01,8.680000305175781,9.84000015258789,8.680000305175781,9.5600004196167,9.070292472839355,567600
2009-06-02,9.489999771118164,9.989999771118164,9.319999694824219,9.880000114440918,9.373900413513184,794000
2009-06-03,9.789999961853027,9.869999885559082,9.3100004196167,9.579999923706055,9.08926773071289,335300
2009-06-04,9.65999984741211,9.720000267028809,9.380000114440918,9.65999984741211,9.165168762207031,204000
2009-06-05,9.760000228881836,10.260000228881836,9.760000228881836,10.109999656677246,9.592119216918945,328100
2009-06-08,10.0,10.130000114440918,9.8100004196167,9.920000076293945,9.41185188293457,259800
2009-06-09,9.9399995803833,10.079999923706055,9.800000190734863,9.989999771118164,9.478264808654785,139100
2009-06-10,9.970000267028809,10.010000228881836,9.510000228881836,9.699999809265137,9.203120231628418,285800
2009-06-11,9.6899995803833,9.9399995803833,9.609999656677246,9.670000076293945,9.174656867980957,607700
2009-06-12,9.630000114440918,9.800000190734863,9.460000038146973,9.760000228881836,9.260046005249023,709700
2009-06-15,9.5600004196167,9.680000305175781,9.359999656677246,9.470000267028809,8.984902381896973,353000
2009-06-16,9.5,9.739999771118164,8.920000076293945,8.920000076293945,8.463077545166016,323900
2009-06-17,8.869999885559082,9.15999984741211,8.739999771118164,9.079999923706055,8.614880561828613,292300
2009-06-18,9.050000190734863,9.25,8.800000190734863,9.09000015258789,8.624367713928223,180400
2009-06-19,9.109999656677246,9.34000015258789,8.920000076293945,8.979999542236328,8.520003318786621,334800
2009-06-22,8.880000114440918,8.890000343322754,8.15999984741211,8.180000305175781,7.760982513427734,154500
2009-06-23,8.40999984741211,8.40999984741211,7.71999979019165,7.920000076293945,7.51430082321167,262000
2009-06-24,7.960000038146973,8.40999984741211,7.960000038146973,8.210000038146973,7.789445400238037,343800
2009-06-25,7.309999942779541,8.010000228881836,6.909999847412109,8.0,7.590202331542969,503100
2009-06-26,7.980000019073486,8.430000305175781,7.900000095367432,8.430000305175781,7.998175621032715,706500
2009-06-29,8.4399995803833,8.609999656677246,8.239999771118164,8.329999923706055,7.903298854827881,211100
2009-06-30,8.489999771118164,8.5,8.210000038146973,8.319999694824219,7.893810749053955,238200
2009-07-01,8.399999618530273,8.800000190734863,8.319999694824219,8.710000038146973,8.263833045959473,282700
2009-07-02,8.609999656677246,8.609999656677246,8.020000457763672,8.069999694824219,7.656617164611816,297100
2009-07-06,8.020000457763672,8.100000381469727,7.639999866485596,7.860000133514404,7.457374095916748,171100
2009-07-07,7.840000152587891,7.880000114440918,7.550000190734863,7.75,7.353009223937988,233200
2009-07-08,7.760000228881836,7.900000095367432,7.699999809265137,7.860000133514404,7.457374095916748,307900
2009-07-09,7.880000114440918,7.909999847412109,7.599999904632568,7.690000057220459,7.296082496643066,179100
2009-07-10,7.630000114440918,7.829999923706055,7.579999923706055,7.75,7.353009223937988,140200
2009-07-13,7.739999771118164,7.760000228881836,7.199999809265137,7.440000057220459,7.0588884353637695,362200
2009-07-14,7.400000095367432,7.53000020980835,7.300000190734863,7.53000020980835,7.1442790031433105,270800
2009-07-15,7.619999885559082,8.210000038146973,7.570000171661377,8.210000038146973,7.789445400238037,657600
2009-07-16,8.199999809265137,8.270000457763672,7.96999979019165,8.210000038146973,7.789445400238037,223700
2009-07-17,8.1899995803833,8.329999923706055,7.949999809265137,7.989999771118164,7.580714225769043,127500
2009-07-20,8.100000381469727,8.199999809265137,7.769999980926514,7.920000076293945,7.51430082321167,373900
2009-07-21,7.929999828338623,7.989999771118164,7.519999980926514,7.820000171661377,7.419423580169678,278300
2009-07-22,7.809999942779541,7.900000095367432,7.590000152587891,7.730000019073486,7.334033489227295,184900
2009-07-23,7.679999828338623,7.880000114440918,7.590000152587891,7.760000228881836,7.362496852874756,247700
2009-07-24,7.690000057220459,7.820000171661377,7.599999904632568,7.820000171661377,7.419423580169678,368400
2009-07-27,7.820000171661377,8.180000305175781,7.820000171661377,8.15999984741211,7.742006301879883,135500
2009-07-28,8.15999984741211,8.510000228881836,8.09000015258789,8.449999809265137,8.017149925231934,178700
2009-07-29,8.350000381469727,8.449999809265137,8.25,8.34000015258789,7.91278600692749,119800
2009-07-30,8.449999809265137,8.75,8.40999984741211,8.630000114440918,8.187931060791016,150600
2009-07-31,8.569999694824219,8.8100004196167,8.510000228881836,8.649999618530273,8.206907272338867,223800
2009-08-03,8.829999923706055,9.229999542236328,8.609999656677246,9.220000267028809,8.747710227966309,321600
2009-08-04,9.1899995803833,9.600000381469727,9.069999694824219,9.569999694824219,9.079779624938965,276000
2009-08-05,9.510000228881836,9.75,9.25,9.539999961853027,9.051316261291504,175400
2009-08-06,9.539999961853027,9.970000267028809,9.5,9.699999809265137,9.203120231628418,371900
2009-08-07,9.40999984741211,10.210000038146973,9.40999984741211,10.109999656677246,9.592119216918945,824900
2009-08-10,10.079999923706055,10.1899995803833,9.65999984741211,9.770000457763672,9.269535064697266,282800
2009-08-11,9.670000076293945,9.760000228881836,9.34000015258789,9.520000457763672,9.032340049743652,232500
2009-08-12,9.539999961853027,9.890000343322754,9.449999809265137,9.710000038146973,9.212608337402344,204600
2009-08-13,9.710000038146973,9.789999961853027,9.399999618530273,9.75,9.250558853149414,233200
2009-08-14,9.710000038146973,9.75,8.989999771118164,9.109999656677246,8.643342018127441,219700
2009-08-17,8.890000343322754,9.050000190734863,8.65999984741211,8.720000267028809,8.273320198059082,262300
2009-08-18,8.739999771118164,9.279999732971191,8.59000015258789,9.029999732971191,8.567440032958984,252800
2009-08-19,8.960000038146973,9.0600004196167,8.84000015258789,8.960000038146973,8.50102710723877,188300
2009-08-20,8.970000267028809,9.289999961853027,8.890000343322754,9.279999732971191,8.804636001586914,177400
2009-08-21,9.399999618530273,9.880000114440918,9.399999618530273,9.630000114440918,9.13670825958252,183400
2009-08-24,9.680000305175781,9.880000114440918,9.180000305175781,9.3100004196167,8.833099365234375,179400
2009-08-25,9.380000114440918,9.380000114440918,9.260000228881836,9.319999694824219,8.842584609985352,249900
2009-08-26,9.319999694824219,9.380000114440918,9.25,9.350000381469727,8.871049880981445,237700
2009-08-27,9.329999923706055,9.390000343322754,8.989999771118164,9.329999923706055,8.852073669433594,158300
2009-08-28,9.369999885559082,9.430000305175781,9.239999771118164,9.300000190734863,8.82361125946045,142200
2009-08-31,9.199999809265137,9.239999771118164,9.020000457763672,9.140000343322754,8.671807289123535,437500
2009-09-01,8.949999809265137,8.970000267028809,8.5600004196167,8.75,8.301783561706543,672100
2009-09-02,8.699999809265137,8.729999542236328,8.430000305175781,8.529999732971191,8.093053817749023,865200
2009-09-03,8.609999656677246,8.729999542236328,8.239999771118164,8.529999732971191,8.093053817749023,190300
2009-09-04,8.529999732971191,8.800000190734863,8.399999618530273,8.789999961853027,8.339734077453613,163800
2009-09-08,8.869999885559082,8.869999885559082,8.649999618530273,8.710000038146973,8.263833045959473,166200
2009-09-09,8.710000038146973,9.239999771118164,8.579999923706055,9.140000343322754,8.671807289123535,180300
2009-09-10,9.15999984741211,9.399999618530273,8.930000305175781,9.390000343322754,8.909000396728516,131100
2009-09-11,9.420000076293945,9.600000381469727,9.25,9.3100004196167,8.833099365234375,94300
2009-09-14,9.25,9.569999694824219,9.210000038146973,9.5,9.013364791870117,65300
2009-09-15,9.489999771118164,9.5600004196167,9.3100004196167,9.539999961853027,9.051316261291504,114000
2009-09-16,9.539999961853027,9.600000381469727,9.380000114440918,9.510000228881836,9.02285385131836,149300
2009-09-17,9.529999732971191,9.649999618530273,9.319999694824219,9.430000305175781,8.946950912475586,104000
2009-09-18,9.449999809265137,9.649999618530273,9.279999732971191,9.630000114440918,9.13670825958252,247900
2009-09-21,9.550000190734863,9.800000190734863,9.520000457763672,9.5600004196167,9.070292472839355,108300
2009-09-22,9.609999656677246,10.119999885559082,9.569999694824219,9.899999618530273,9.392875671386719,522000
2009-09-23,9.890000343322754,9.890000343322754,9.520000457763672,9.520000457763672,9.032340049743652,128400
2009-09-24,9.510000228881836,9.579999923706055,9.0600004196167,9.140000343322754,8.671807289123535,102400
2009-09-25,9.140000343322754,9.260000228881836,9.0,9.15999984741211,8.69078254699707,128100
2009-09-28,9.1899995803833,9.640000343322754,9.0600004196167,9.609999656677246,9.117731094360352,122900
2009-09-29,9.59000015258789,9.859999656677246,9.460000038146973,9.529999732971191,9.041828155517578,283200
2009-09-30,9.510000228881836,9.5600004196167,9.100000381469727,9.520000457763672,9.032340049743652,281900
2009-10-01,9.520000457763672,9.5600004196167,9.289999961853027,9.34000015258789,8.861562728881836,381100
2009-10-02,9.25,9.489999771118164,9.25,9.359999656677246,8.880537986755371,258100
2009-10-05,9.369999885559082,9.739999771118164,9.34000015258789,9.729999542236328,9.231582641601562,176400
2009-10-06,8.880000114440918,8.899999618530273,7.550000190734863,7.96999979019165,7.561738967895508,1044300
2009-10-07,7.800000190734863,7.949999809265137,7.309999942779541,7.409999847412109,7.030425548553467,1303500
2009-10-08,7.480000019073486,7.590000152587891,7.329999923706055,7.340000152587891,6.9640116691589355,479200
2009-10-09,7.320000171661377,7.400000095367432,6.96999979019165,7.019999980926514,6.660402774810791,528500
2009-10-12,7.210000038146973,7.239999771118164,7.010000228881836,7.130000114440918,6.764768123626709,350600
2009-10-13,7.090000152587891,7.159999847412109,6.929999828338623,7.090000152587891,6.726818084716797,467600
2009-10-14,7.050000190734863,7.260000228881836,7.050000190734863,7.25,6.878621578216553,324800
2009-10-15,7.179999828338623,7.369999885559082,7.019999980926514,7.300000190734863,6.926059722900391,271200
2009-10-16,7.230000019073486,7.369999885559082,7.099999904632568,7.239999771118164,6.869133472442627,244500
2009-10-19,7.25,7.449999809265137,7.199999809265137,7.300000190734863,6.926059722900391,347100
2009-10-20,7.329999923706055,7.429999828338623,7.190000057220459,7.199999809265137,6.831182479858398,283800
2009-10-21,7.190000057220459,7.369999885559082,6.960000038146973,7.03000020980835,6.669891357421875,423600
2009-10-22,7.019999980926514,7.199999809265137,6.849999904632568,6.989999771118164,6.631938934326172,327700
2009-10-23,6.989999771118164,7.090000152587891,6.71999979019165,6.78000020980835,6.432697296142578,422700
2009-10-26,6.769999980926514,6.929999828338623,6.570000171661377,6.590000152587891,6.252429485321045,356900
2009-10-27,6.71999979019165,6.71999979019165,6.480000019073486,6.510000228881836,6.176527500152588,275800
2009-10-28,6.480000019073486,6.519999980926514,6.090000152587891,6.110000133514404,5.797017574310303,316000
2009-10-29,6.150000095367432,6.170000076293945,5.909999847412109,6.010000228881836,5.702139377593994,477600
2009-10-30,5.949999809265137,6.099999904632568,5.929999828338623,6.0,5.692651748657227,393500
2009-11-02,6.0,6.0,5.690000057220459,5.75,5.455458164215088,290500
2009-11-03,5.699999809265137,5.809999942779541,5.599999904632568,5.75,5.455458164215088,853000
2009-11-04,5.78000020980835,5.800000190734863,5.53000020980835,5.559999942779541,5.275191307067871,348300
2009-11-05,5.579999923706055,5.829999923706055,5.579999923706055,5.699999809265137,5.408019065856934,594400
2009-11-06,6.289999961853027,6.630000114440918,6.21999979019165,6.260000228881836,5.939333438873291,751500
2009-11-09,6.289999961853027,6.289999961853027,6.170000076293945,6.21999979019165,5.9013824462890625,247600
2009-11-10,6.119999885559082,6.230000019073486,6.010000228881836,6.099999904632568,5.787529468536377,430600
2009-11-11,6.159999847412109,6.360000133514404,6.090000152587891,6.170000076293945,5.853943824768066,374700
2009-11-12,6.150000095367432,6.599999904632568,6.039999961853027,6.099999904632568,5.787529468536377,312800
2009-11-13,6.139999866485596,6.210000038146973,6.03000020980835,6.150000095367432,5.834968090057373,237700
2009-11-16,6.199999809265137,6.300000190734863,6.179999828338623,6.28000020980835,5.958309173583984,335200
2009-11-17,6.25,6.25,6.130000114440918,6.190000057220459,5.872919082641602,179700
2009-11-18,6.210000038146973,6.230000019073486,5.789999961853027,5.949999809265137,5.6452131271362305,464700
2009-11-19,5.900000095367432,6.019999980926514,5.820000171661377,5.889999866485596,5.588286399841309,435600
2009-11-20,5.869999885559082,5.949999809265137,5.75,5.920000076293945,5.616750240325928,241000
2009-11-23,6.019999980926514,6.239999771118164,5.989999771118164,6.090000152587891,5.778041839599609,208400
2009-11-24,6.059999942779541,6.099999904632568,5.949999809265137,6.0,5.692651748657227,201700
2009-11-25,6.010000228881836,6.03000020980835,5.849999904632568,5.869999885559082,5.569310665130615,109700
2009-11-27,5.769999980926514,5.809999942779541,5.650000095367432,5.690000057220459,5.398531436920166,67300
2009-11-30,5.679999828338623,5.71999979019165,5.429999828338623,5.559999942779541,5.275191307067871,180700
2009-12-01,5.610000133514404,5.760000228881836,5.53000020980835,5.690000057220459,5.398531436920166,359000
2009-12-02,5.679999828338623,5.800000190734863,5.599999904632568,5.699999809265137,5.408019065856934,168700
2009-12-03,5.710000038146973,5.820000171661377,5.539999961853027,5.570000171661377,5.284678936004639,147100
2009-12-04,5.570000171661377,5.699999809265137,5.110000133514404,5.650000095367432,5.3605804443359375,298300
2009-12-07,5.630000114440918,5.760000228881836,5.559999942779541,5.75,5.455458164215088,245500
2009-12-08,5.690000057220459,5.730000019073486,5.590000152587891,5.619999885559082,5.332117557525635,240500
2009-12-09,5.610000133514404,5.670000076293945,5.510000228881836,5.650000095367432,5.3605804443359375,160200
2009-12-10,5.679999828338623,5.75,5.510000228881836,5.539999961853027,5.2562150955200195,147000
2009-12-11,5.550000190734863,5.860000133514404,5.510000228881836,5.860000133514404,5.559823036193848,470400
2009-12-14,5.940000057220459,6.179999828338623,5.900000095367432,6.159999847412109,5.844455718994141,259100
2009-12-15,6.170000076293945,6.230000019073486,6.059999942779541,6.130000114440918,5.81599235534668,271700
2009-12-16,6.239999771118164,6.519999980926514,6.230000019073486,6.340000152587891,6.015235424041748,381900
2009-12-17,6.380000114440918,6.449999809265137,6.260000228881836,6.380000114440918,6.053186416625977,212400
2009-12-18,6.480000019073486,6.650000095367432,6.170000076293945,6.360000133514404,6.034211158752441,405700
2009-12-21,6.420000076293945,6.679999828338623,6.340000152587891,6.650000095367432,6.309355735778809,174900
2009-12-22,6.679999828338623,6.769999980926514,6.550000190734863,6.739999771118164,6.394745349884033,148600
2009-12-23,6.800000190734863,6.96999979019165,6.769999980926514,6.909999847412109,6.556037902832031,119100
2009-12-24,6.989999771118164,7.059999942779541,6.900000095367432,7.059999942779541,6.698354244232178,60100
2009-12-28,7.059999942779541,7.260000228881836,6.880000114440918,6.909999847412109,6.556037902832031,171900
2009-12-29,6.949999809265137,7.210000038146973,6.909999847412109,7.199999809265137,6.831182479858398,147300
2009-12-30,7.179999828338623,7.260000228881836,7.0,7.059999942779541,6.698354244232178,190100
2009-12-31,7.079999923706055,7.150000095367432,7.010000228881836,7.010000228881836,6.650915622711182,152000
2010-01-04,7.130000114440918,7.360000133514404,7.019999980926514,7.349999904632568,6.973498821258545,275900
2010-01-05,7.389999866485596,7.5,7.25,7.340000152587891,6.9640116691589355,352500
2010-01-06,7.329999923706055,7.449999809265137,7.25,7.400000095367432,7.020937919616699,219600
2010-01-07,7.400000095367432,7.46999979019165,7.230000019073486,7.340000152587891,6.9640116691589355,279300
2010-01-08,7.400000095367432,7.400000095367432,7.289999961853027,7.389999866485596,7.011449337005615,232400
2010-01-11,7.449999809265137,7.5,7.320000171661377,7.449999809265137,7.068376064300537,216300
2010-01-12,7.420000076293945,7.460000038146973,7.269999980926514,7.309999942779541,6.935547828674316,287200
2010-01-13,7.360000133514404,7.440000057220459,7.199999809265137,7.349999904632568,6.973498821258545,173400
2010-01-14,7.300000190734863,7.489999771118164,7.199999809265137,7.21999979019165,6.850157737731934,265600
2010-01-15,7.179999828338623,7.269999980926514,6.730000019073486,6.78000020980835,6.432697296142578,276900
2010-01-19,6.809999942779541,7.110000133514404,6.769999980926514,7.099999904632568,6.736305236816406,247700
2010-01-20,7.03000020980835,7.070000171661377,6.78000020980835,6.889999866485596,6.53706169128418,106800
2010-01-21,6.889999866485596,7.0,6.559999942779541,6.590000152587891,6.252429485321045,246900
2010-01-22,6.559999942779541,6.71999979019165,6.5,6.53000020980835,6.195503234863281,138000
2010-01-25,6.590000152587891,6.710000038146973,6.429999828338623,6.570000171661377,6.233454704284668,115700
2010-01-26,6.53000020980835,6.769999980926514,6.5,6.599999904632568,6.261917591094971,154200
2010-01-27,6.590000152587891,6.739999771118164,6.53000020980835,6.71999979019165,6.375770092010498,138100
2010-01-28,7.090000152587891,7.730000019073486,6.860000133514404,7.210000038146973,6.840670108795166,586900
2010-01-29,7.269999980926514,7.400000095367432,7.0,7.03000020980835,6.669891357421875,253000
2010-02-01,7.079999923706055,7.21999979019165,6.989999771118164,7.110000133514404,6.745792865753174,243600
2010-02-02,7.099999904632568,7.110000133514404,6.820000171661377,7.0,6.641427516937256,186900
2010-02-03,6.960000038146973,7.070000171661377,6.820000171661377,7.0,6.641427516937256,114200
2010-02-04,6.96999979019165,7.03000020980835,6.75,6.789999961853027,6.442184925079346,236500
2010-02-05,6.800000190734863,6.860000133514404,6.559999942779541,6.78000020980835,6.432697296142578,194300
2010-02-08,6.820000171661377,6.820000171661377,6.590000152587891,6.670000076293945,6.328331470489502,104600
2010-02-09,6.769999980926514,6.849999904632568,6.670000076293945,6.840000152587891,6.489623069763184,97500
2010-02-10,6.78000020980835,6.909999847412109,6.550000190734863,6.75,6.404232978820801,199600
2010-02-11,6.730000019073486,6.940000057220459,6.630000114440918,6.849999904632568,6.499111175537109,134200
2010-02-12,6.820000171661377,6.920000076293945,6.690000057220459,6.869999885559082,6.5180864334106445,143700
2010-02-16,6.949999809265137,7.179999828338623,6.869999885559082,7.170000076293945,6.802719593048096,115600
2010-02-17,7.25,7.25,7.070000171661377,7.170000076293945,6.802719593048096,156500
2010-02-18,7.170000076293945,7.28000020980835,7.090000152587891,7.260000228881836,6.88810920715332,99500
2010-02-19,7.260000228881836,7.269999980926514,7.079999923706055,7.139999866485596,6.774255275726318,136600
2010-02-22,7.179999828338623,7.340000152587891,7.170000076293945,7.320000171661377,6.945035457611084,156200
2010-02-23,7.329999923706055,7.389999866485596,7.110000133514404,7.139999866485596,6.774255275726318,246300
2010-02-24,7.210000038146973,7.449999809265137,7.170000076293945,7.21999979019165,6.850157737731934,215600
2010-02-25,7.139999866485596,7.360000133514404,6.980000019073486,7.289999961853027,6.916572093963623,202300
2010-02-26,7.269999980926514,7.329999923706055,7.159999847412109,7.159999847412109,6.793231964111328,130500
2010-03-01,7.210000038146973,7.400000095367432,7.170000076293945,7.28000020980835,6.907084941864014,283800
2010-03-02,7.300000190734863,7.320000171661377,7.190000057220459,7.239999771118164,6.869133472442627,172100
2010-03-03,7.25,7.329999923706055,7.159999847412109,7.21999979019165,6.850157737731934,205500
2010-03-04,7.260000228881836,7.360000133514404,7.190000057220459,7.300000190734863,6.926059722900391,100600
2010-03-05,7.320000171661377,7.449999809265137,7.269999980926514,7.400000095367432,7.020937919616699,568200
2010-03-08,7.440000057220459,7.730000019073486,7.389999866485596,7.659999847412109,7.2676191329956055,165800
2010-03-09,7.670000076293945,7.889999866485596,7.619999885559082,7.769999980926514,7.371984004974365,187600
2010-03-10,7.789999961853027,7.929999828338623,7.739999771118164,7.880000114440918,7.476349353790283,140800
2010-03-11,7.860000133514404,7.869999885559082,7.619999885559082,7.789999961853027,7.390959739685059,118300
2010-03-12,7.800000190734863,7.800000190734863,7.599999904632568,7.75,7.353009223937988,208700
2010-03-15,7.760000228881836,7.849999904632568,7.639999866485596,7.840000152587891,7.438398838043213,117000
2010-03-16,7.840000152587891,7.980000019073486,7.840000152587891,7.980000019073486,7.571227073669434,144300
2010-03-17,8.0,8.140000343322754,7.96999979019165,8.069999694824219,7.656617164611816,132100
2010-03-18,8.029999732971191,8.170000076293945,8.0,8.09000015258789,7.675592422485352,127300
2010-03-19,7.960000038146973,8.140000343322754,7.78000020980835,7.960000038146973,7.55225133895874,288900
2010-03-22,7.880000114440918,8.149999618530273,7.849999904632568,8.100000381469727,7.685080528259277,92800
2010-03-23,8.130000114440918,8.130000114440918,7.929999828338623,8.020000457763672,7.609178066253662,169100
2010-03-24,8.010000228881836,8.119999885559082,7.909999847412109,8.020000457763672,7.609178066253662,109200
2010-03-25,8.050000190734863,8.4399995803833,7.980000019073486,8.180000305175781,7.760982513427734,173900
2010-03-26,8.170000076293945,8.399999618530273,8.109999656677246,8.289999961853027,7.865346908569336,190300
2010-03-29,8.289999961853027,8.449999809265137,8.210000038146973,8.270000457763672,7.846372127532959,178800
2010-03-30,8.300000190734863,9.100000381469727,8.300000190734863,9.069999694824219,8.605391502380371,352200
2010-03-31,9.039999961853027,9.15999984741211,8.930000305175781,8.970000267028809,8.510516166687012,274000
2010-04-01,8.979999542236328,9.170000076293945,8.949999809265137,9.0,8.53897762298584,264300
2010-04-05,9.0,9.199999809265137,8.90999984741211,9.149999618530273,8.681294441223145,184100
2010-04-06,9.140000343322754,9.1899995803833,9.039999961853027,9.140000343322754,8.671807289123535,94500
2010-04-07,9.149999618530273,9.1899995803833,9.050000190734863,9.180000305175781,8.709757804870605,120400
2010-04-08,9.109999656677246,9.34000015258789,9.0600004196167,9.300000190734863,8.82361125946045,135000
2010-04-09,9.319999694824219,9.75,9.300000190734863,9.4399995803833,8.956439018249512,129200
2010-04-12,9.550000190734863,9.760000228881836,9.399999618530273,9.569999694824219,9.079779624938965,114900
2010-04-13,9.510000228881836,9.779999732971191,9.479999542236328,9.760000228881836,9.260046005249023,97300
2010-04-14,9.8100004196167,10.279999732971191,9.770000457763672,10.270000457763672,9.74392318725586,136800
2010-04-15,10.239999771118164,10.5,10.170000076293945,10.40999984741211,9.876750946044922,173400
2010-04-16,10.399999618530273,10.5,9.949999809265137,10.0,9.487751960754395,236900
2010-04-19,9.989999771118164,10.0,9.550000190734863,9.890000343322754,9.38338851928711,199100
2010-04-20,9.920000076293945,10.210000038146973,9.819999694824219,9.920000076293945,9.41185188293457,147500
2010-04-21,9.920000076293945,10.069999694824219,9.8100004196167,10.0,9.487751960754395,94500
2010-04-22,9.90999984741211,10.300000190734863,9.779999732971191,10.300000190734863,9.772384643554688,122400
2010-04-23,10.279999732971191,10.899999618530273,10.180000305175781,10.789999961853027,10.237285614013672,448900
2010-04-26,10.890000343322754,11.3100004196167,10.800000190734863,10.869999885559082,10.313188552856445,249200
2010-04-27,10.819999694824219,11.0,10.510000228881836,10.569999694824219,10.028554916381836,225700
2010-04-28,10.630000114440918,10.65999984741211,9.979999542236328,9.989999771118164,9.478264808654785,462200
2010-04-29,10.0600004196167,10.319999694824219,9.779999732971191,10.3100004196167,9.78187370300293,277900
2010-04-30,10.279999732971191,10.279999732971191,9.989999771118164,9.989999771118164,9.478264808654785,178000
2010-05-03,10.010000228881836,10.260000228881836,9.90999984741211,10.1899995803833,9.668020248413086,151800
2010-05-04,10.0,10.010000228881836,9.649999618530273,9.8100004196167,9.307486534118652,197700
2010-05-05,9.6899995803833,10.020000457763672,9.210000038146973,9.680000305175781,9.184144020080566,346900
2010-05-06,9.569999694824219,9.75,9.25,9.550000190734863,9.060803413391113,584200
2010-05-07,9.550000190734863,9.989999771118164,9.430000305175781,9.609999656677246,9.117731094360352,313900
2010-05-10,10.140000343322754,10.300000190734863,9.9399995803833,10.239999771118164,9.715458869934082,804800
2010-05-11,10.119999885559082,10.510000228881836,10.100000381469727,10.34000015258789,9.81033706665039,182100
2010-05-12,10.390000343322754,10.739999771118164,10.380000114440918,10.630000114440918,10.085481643676758,168800
2010-05-13,10.550000190734863,10.800000190734863,10.319999694824219,10.420000076293945,9.886238098144531,145300
2010-05-14,10.270000457763672,10.270000457763672,9.989999771118164,10.130000114440918,9.61109447479248,165200
2010-05-17,10.15999984741211,10.569999694824219,9.979999542236328,10.130000114440918,9.61109447479248,206500
2010-05-18,10.210000038146973,10.390000343322754,9.779999732971191,9.829999923706055,9.326461791992188,127400
2010-05-19,9.789999961853027,9.880000114440918,9.4399995803833,9.6899995803833,9.193632125854492,202100
2010-05-20,9.420000076293945,9.4399995803833,9.020000457763672,9.149999618530273,8.681294441223145,268900
2010-05-21,9.010000228881836,9.350000381469727,8.920000076293945,9.270000457763672,8.795147895812988,223900
2010-05-24,9.229999542236328,9.4399995803833,9.069999694824219,9.300000190734863,8.82361125946045,127400
2010-05-25,9.069999694824219,9.170000076293945,8.890000343322754,9.130000114440918,8.662320137023926,164400
2010-05-26,9.180000305175781,9.430000305175781,9.100000381469727,9.1899995803833,8.719245910644531,183300
2010-05-27,9.460000038146973,9.869999885559082,9.399999618530273,9.859999656677246,9.354925155639648,99300
2010-05-28,9.859999656677246,10.0,9.449999809265137,9.59000015258789,9.098755836486816,149100
2010-06-01,9.569999694824219,9.630000114440918,9.289999961853027,9.300000190734863,8.82361125946045,186400
2010-06-02,9.350000381469727,9.850000381469727,9.15999984741211,9.850000381469727,9.345438003540039,134100
2010-06-03,9.789999961853027,10.010000228881836,9.739999771118164,9.970000267028809,9.459290504455566,184400
2010-06-04,9.789999961853027,9.789999961853027,8.920000076293945,8.960000038146973,8.50102710723877,569200
2010-06-07,8.979999542236328,9.09000015258789,8.59000015258789,8.609999656677246,8.16895580291748,312600
2010-06-08,8.630000114440918,8.680000305175781,8.300000190734863,8.510000228881836,8.074077606201172,175400
2010-06-09,8.619999885559082,8.850000381469727,8.390000343322754,8.520000457763672,8.083565711975098,119700
2010-06-10,8.699999809265137,8.989999771118164,8.619999885559082,8.979999542236328,8.520003318786621,153800
2010-06-11,8.8100004196167,9.09000015258789,8.6899995803833,8.960000038146973,8.50102710723877,144100
2010-06-14,9.09000015258789,9.09000015258789,8.5600004196167,8.630000114440918,8.187931060791016,314100
2010-06-15,8.739999771118164,9.359999656677246,8.619999885559082,9.3100004196167,8.833099365234375,208500
2010-06-16,9.180000305175781,9.520000457763672,9.149999618530273,9.420000076293945,8.937463760375977,98600
2010-06-17,9.479999542236328,9.609999656677246,9.180000305175781,9.4399995803833,8.956439018249512,79700
2010-06-18,9.430000305175781,9.619999885559082,9.1899995803833,9.220000267028809,8.747710227966309,250600
2010-06-21,9.329999923706055,9.5,8.989999771118164,9.09000015258789,8.624367713928223,157800
2010-06-22,9.15999984741211,9.449999809265137,9.039999961853027,9.069999694824219,8.605391502380371,164400
2010-06-23,9.029999732971191,9.119999885559082,8.779999732971191,9.050000190734863,8.586416244506836,146500
2010-06-24,8.979999542236328,9.039999961853027,8.680000305175781,8.680000305175781,8.235370635986328,169500
2010-06-25,8.739999771118164,9.3100004196167,8.550000190734863,9.149999618530273,8.681294441223145,1025400
2010-06-28,9.140000343322754,9.350000381469727,8.899999618530273,9.239999771118164,8.766684532165527,357400
2010-06-29,8.9399995803833,9.100000381469727,8.680000305175781,8.800000190734863,8.349223136901855,306300
2010-06-30,8.779999732971191,8.979999542236328,8.649999618530273,8.729999542236328,8.282807350158691,265900
2010-07-01,8.729999542236328,8.859999656677246,8.359999656677246,8.670000076293945,8.225881576538086,193800
2010-07-02,8.729999542236328,8.8100004196167,8.430000305175781,8.460000038146973,8.026639938354492,208000
2010-07-06,8.5600004196167,8.8100004196167,8.140000343322754,8.1899995803833,7.770469665527344,167400
2010-07-07,8.25,8.4399995803833,8.170000076293945,8.420000076293945,7.988687992095947,231500
2010-07-08,8.5,8.819999694824219,8.399999618530273,8.8100004196167,8.358710289001465,375100
2010-07-09,8.779999732971191,8.869999885559082,8.539999961853027,8.710000038146973,8.263833045959473,179100
2010-07-12,8.65999984741211,8.699999809265137,8.4399995803833,8.520000457763672,8.083565711975098,237400
2010-07-13,8.680000305175781,8.829999923706055,8.600000381469727,8.789999961853027,8.339734077453613,275900
2010-07-14,8.779999732971191,8.819999694824219,8.59000015258789,8.680000305175781,8.235370635986328,160300
2010-07-15,8.720000267028809,8.789999961853027,8.359999656677246,8.529999732971191,8.093053817749023,208600
2010-07-16,8.449999809265137,8.449999809265137,8.020000457763672,8.119999885559082,7.704055309295654,244000
2010-07-19,8.130000114440918,8.229999542236328,7.940000057220459,8.210000038146973,7.789445400238037,100200
2010-07-20,8.079999923706055,8.460000038146973,8.0,8.4399995803833,8.00766372680664,129200
2010-07-21,8.479999542236328,8.520000457763672,8.180000305175781,8.220000267028809,7.7989325523376465,107500
2010-07-22,8.380000114440918,8.649999618530273,8.3100004196167,8.640000343322754,8.197420120239258,222000
2010-07-23,8.609999656677246,9.130000114440918,8.609999656677246,9.130000114440918,8.662320137023926,191300
2010-07-26,9.140000343322754,9.630000114440918,9.09000015258789,9.40999984741211,8.92797565460205,160900
2010-07-27,9.460000038146973,9.699999809265137,9.279999732971191,9.329999923706055,8.852073669433594,182200
2010-07-28,9.270000457763672,9.359999656677246,8.989999771118164,9.050000190734863,8.586416244506836,123600
2010-07-29,9.109999656677246,9.25,8.819999694824219,9.020000457763672,8.557952880859375,120500
2010-07-30,8.880000114440918,9.109999656677246,8.65999984741211,8.899999618530273,8.444101333618164,130300
2010-08-02,9.039999961853027,9.130000114440918,8.930000305175781,9.020000457763672,8.557952880859375,162400
2010-08-03,9.0,9.100000381469727,8.779999732971191,8.880000114440918,8.425125122070312,109200
2010-08-04,8.90999984741211,8.930000305175781,8.479999542236328,8.819999694824219,8.36819839477539,179700
2010-08-05,8.720000267028809,8.720000267028809,8.569999694824219,8.6899995803833,8.244856834411621,111600
2010-08-06,8.5,8.699999809265137,8.40999984741211,8.5,8.064590454101562,371500
2010-08-09,8.5,8.609999656677246,8.4399995803833,8.520000457763672,8.083565711975098,242100
2010-08-10,8.380000114440918,8.470000267028809,8.180000305175781,8.25,7.827396392822266,439300
2010-08-11,7.989999771118164,8.0600004196167,7.829999923706055,7.880000114440918,7.476349353790283,370100
2010-08-12,7.75,7.949999809265137,7.690000057220459,7.78000020980835,7.381472587585449,222500
2010-08-13,7.730000019073486,7.789999961853027,7.480000019073486,7.480000019073486,7.09683895111084,183400
2010-08-16,7.400000095367432,7.590000152587891,7.360000133514404,7.519999980926514,7.134790420532227,152000
2010-08-17,7.639999866485596,7.699999809265137,7.519999980926514,7.659999847412109,7.2676191329956055,146000
2010-08-18,7.670000076293945,7.800000190734863,7.489999771118164,7.690000057220459,7.296082496643066,123100
2010-08-19,7.659999847412109,7.699999809265137,7.239999771118164,7.25,6.878621578216553,233200
2010-08-20,7.210000038146973,7.239999771118164,7.0,7.239999771118164,6.869133472442627,195600
2010-08-23,7.289999961853027,7.420000076293945,7.110000133514404,7.130000114440918,6.764768123626709,135800
2010-08-24,6.989999771118164,7.139999866485596,6.840000152587891,6.920000076293945,6.565525531768799,211700
2010-08-25,6.840000152587891,6.980000019073486,6.699999809265137,6.920000076293945,6.565525531768799,297000
2010-08-26,6.929999828338623,7.099999904632568,6.820000171661377,6.829999923706055,6.480135440826416,188500
2010-08-27,6.900000095367432,7.010000228881836,6.71999979019165,6.96999979019165,6.612963676452637,229300
2010-08-30,6.949999809265137,7.0,6.670000076293945,6.679999828338623,6.337819576263428,245900
2010-08-31,6.650000095367432,6.809999942779541,6.519999980926514,6.599999904632568,6.261917591094971,305500
2010-09-01,6.71999979019165,7.019999980926514,6.650000095367432,6.860000133514404,6.508598804473877,278500
2010-09-02,6.800000190734863,7.03000020980835,6.71999979019165,6.849999904632568,6.499111175537109,256500
2010-09-03,6.929999828338623,7.059999942779541,6.849999904632568,6.96999979019165,6.612963676452637,226200
2010-09-07,6.949999809265137,6.96999979019165,6.71999979019165,6.730000019073486,6.385258197784424,172700
2010-09-08,6.739999771118164,6.929999828338623,6.739999771118164,6.829999923706055,6.480135440826416,76500
2010-09-09,6.960000038146973,7.0,6.75,6.820000171661377,6.470647811889648,113700
2010-09-10,6.829999923706055,6.940000057220459,6.769999980926514,6.900000095367432,6.5465497970581055,161900
2010-09-13,6.980000019073486,7.269999980926514,6.929999828338623,7.230000019073486,6.859645843505859,114700
2010-09-14,7.21999979019165,7.289999961853027,7.090000152587891,7.210000038146973,6.840670108795166,106600
2010-09-15,7.159999847412109,7.269999980926514,7.079999923706055,7.239999771118164,6.869133472442627,211100
2010-09-16,7.239999771118164,7.369999885559082,7.190000057220459,7.329999923706055,6.954523086547852,223200
2010-09-17,7.389999866485596,7.489999771118164,7.25,7.349999904632568,6.973498821258545,175100
2010-09-20,7.349999904632568,7.670000076293945,7.25,7.610000133514404,7.220180511474609,223300
2010-09-21,7.579999923706055,7.71999979019165,7.460000038146973,7.550000190734863,7.163254261016846,131500
2010-09-22,7.5,7.559999942779541,7.380000114440918,7.409999847412109,7.030425548553467,671400
2010-09-23,7.309999942779541,7.449999809265137,7.28000020980835,7.349999904632568,6.973498821258545,449600
2010-09-24,7.480000019073486,7.71999979019165,7.420000076293945,7.71999979019165,7.324545860290527,171300
2010-09-27,7.71999979019165,7.71999979019165,7.420000076293945,7.519999980926514,7.134790420532227,166200
2010-09-28,7.559999942779541,7.840000152587891,7.309999942779541,7.820000171661377,7.419423580169678,125200
2010-09-29,7.769999980926514,7.949999809265137,7.699999809265137,7.829999923706055,7.428911209106445,105600
2010-09-30,7.920000076293945,7.989999771118164,7.670000076293945,7.849999904632568,7.447885990142822,130800
2010-10-01,7.949999809265137,7.949999809265137,7.739999771118164,7.769999980926514,7.371984004974365,99100
2010-10-04,7.730000019073486,7.840000152587891,7.550000190734863,7.670000076293945,7.277107238769531,96600
2010-10-05,7.789999961853027,7.940000057220459,7.730000019073486,7.900000095367432,7.495325565338135,201500
2010-10-06,7.900000095367432,7.920000076293945,7.809999942779541,7.889999866485596,7.485837459564209,76900
2010-10-07,7.96999979019165,7.96999979019165,7.75,7.860000133514404,7.457374095916748,69700
2010-10-08,7.860000133514404,7.929999828338623,7.75,7.880000114440918,7.476349353790283,131700
2010-10-11,6.519999980926514,6.75,6.0,6.539999961853027,6.204991340637207,780000
2010-10-12,6.510000228881836,6.630000114440918,6.25,6.570000171661377,6.233454704284668,487100
2010-10-13,6.610000133514404,6.840000152587891,6.53000020980835,6.710000038146973,6.3662824630737305,317400
2010-10-14,6.71999979019165,6.809999942779541,6.619999885559082,6.789999961853027,6.442184925079346,268800
2010-10-15,6.909999847412109,7.050000190734863,6.829999923706055,7.0,6.641427516937256,366300
2010-10-18,7.050000190734863,7.199999809265137,7.010000228881836,7.190000057220459,6.821694850921631,147400
2010-10-19,7.050000190734863,7.199999809265137,6.909999847412109,6.960000038146973,6.603476047515869,168800
2010-10-20,7.010000228881836,7.190000057220459,7.010000228881836,7.170000076293945,6.802719593048096,102900
2010-10-21,7.230000019073486,7.329999923706055,6.949999809265137,7.110000133514404,6.745792865753174,166600
2010-10-22,7.119999885559082,7.199999809265137,7.059999942779541,7.170000076293945,6.802719593048096,90600
2010-10-25,7.269999980926514,7.400000095367432,7.21999979019165,7.25,6.878621578216553,92200
2010-10-26,7.179999828338623,7.289999961853027,7.119999885559082,7.170000076293945,6.802719593048096,105100
2010-10-27,7.119999885559082,7.199999809265137,6.960000038146973,7.179999828338623,6.812206745147705,101600
2010-10-28,7.25,7.28000020980835,7.039999961853027,7.070000171661377,6.707841873168945,101100
2010-10-29,7.059999942779541,7.190000057220459,7.050000190734863,7.119999885559082,6.755280494689941,114800
2010-11-01,7.159999847412109,7.21999979019165,6.960000038146973,7.059999942779541,6.698354244232178,165700
2010-11-02,7.170000076293945,7.340000152587891,7.059999942779541,7.289999961853027,6.916572093963623,176700
2010-11-03,7.28000020980835,7.480000019073486,7.230000019073486,7.420000076293945,7.039913654327393,117600
2010-11-04,7.489999771118164,7.75,7.46999979019165,7.739999771118164,7.3435211181640625,192300
2010-11-05,7.769999980926514,7.78000020980835,7.539999961853027,7.659999847412109,7.2676191329956055,136500
2010-11-08,7.659999847412109,7.659999847412109,7.489999771118164,7.610000133514404,7.220180511474609,91100
2010-11-09,7.610000133514404,7.639999866485596,7.429999828338623,7.480000019073486,7.09683895111084,107400
2010-11-10,7.480000019073486,7.630000114440918,7.389999866485596,7.559999942779541,7.1727423667907715,240400
2010-11-11,7.46999979019165,7.539999961853027,7.420000076293945,7.5,7.115815162658691,102400
2010-11-12,7.420000076293945,7.53000020980835,7.340000152587891,7.400000095367432,7.020937919616699,157100
2010-11-15,7.46999979019165,7.570000171661377,7.429999828338623,7.510000228881836,7.125302791595459,90400
2010-11-16,7.429999828338623,7.510000228881836,7.289999961853027,7.389999866485596,7.011449337005615,151600
2010-11-17,7.300000190734863,7.389999866485596,7.110000133514404,7.150000095367432,6.783743858337402,294100
2010-11-18,7.260000228881836,7.309999942779541,7.139999866485596,7.21999979019165,6.850157737731934,236800
2010-11-19,7.230000019073486,7.260000228881836,7.170000076293945,7.210000038146973,6.840670108795166,151600
2010-11-22,7.170000076293945,7.21999979019165,7.090000152587891,7.179999828338623,6.812206745147705,192800
2010-11-23,7.090000152587891,7.199999809265137,6.96999979019165,7.170000076293945,6.802719593048096,93200
2010-11-24,7.239999771118164,7.389999866485596,7.199999809265137,7.349999904632568,6.973498821258545,90500
2010-11-26,7.269999980926514,7.380000114440918,7.170000076293945,7.25,6.878621578216553,47800
2010-11-29,7.170000076293945,7.28000020980835,7.039999961853027,7.199999809265137,6.831182479858398,88000
2010-11-30,7.079999923706055,7.099999904632568,6.949999809265137,7.03000020980835,6.669891357421875,296200
2010-12-01,7.190000057220459,7.190000057220459,7.110000133514404,7.139999866485596,6.774255275726318,244000
2010-12-02,7.130000114440918,7.210000038146973,7.079999923706055,7.139999866485596,6.774255275726318,189800
2010-12-03,7.059999942779541,7.070000171661377,6.940000057220459,7.03000020980835,6.669891357421875,272500
2010-12-06,7.019999980926514,7.03000020980835,6.940000057220459,6.989999771118164,6.631938934326172,226000
2010-12-07,7.099999904632568,7.099999904632568,6.949999809265137,6.989999771118164,6.631938934326172,269600
2010-12-08,7.010000228881836,7.03000020980835,6.949999809265137,6.960000038146973,6.603476047515869,465100
2010-12-09,7.0,7.0,6.820000171661377,6.840000152587891,6.489623069763184,508600
2010-12-10,6.849999904632568,6.849999904632568,6.730000019073486,6.800000190734863,6.451672554016113,936400
2010-12-13,6.820000171661377,6.849999904632568,6.800000190734863,6.820000171661377,6.470647811889648,904600
2010-12-14,6.860000133514404,6.96999979019165,6.849999904632568,6.889999866485596,6.53706169128418,673000
2010-12-15,6.860000133514404,7.03000020980835,6.860000133514404,6.980000019073486,6.6224517822265625,616700
2010-12-16,6.989999771118164,7.070000171661377,6.989999771118164,7.039999961853027,6.679378509521484,284500
2010-12-17,7.019999980926514,7.039999961853027,6.980000019073486,7.019999980926514,6.660402774810791,418000
2010-12-20,7.03000020980835,7.460000038146973,7.0,7.340000152587891,6.9640116691589355,350000
2010-12-21,7.389999866485596,7.510000228881836,7.349999904632568,7.46999979019165,7.087351322174072,210600
2010-12-22,7.480000019073486,7.559999942779541,7.429999828338623,7.510000228881836,7.125302791595459,172500
2010-12-23,7.5,7.510000228881836,7.320000171661377,7.349999904632568,6.973498821258545,136700
2010-12-27,7.320000171661377,7.380000114440918,7.309999942779541,7.369999885559082,6.99247407913208,39300
2010-12-28,7.400000095367432,7.420000076293945,7.329999923706055,7.409999847412109,7.030425548553467,102100
2010-12-29,7.449999809265137,7.579999923706055,7.440000057220459,7.539999961853027,7.15376615524292,170700
2010-12-30,7.519999980926514,7.670000076293945,7.480000019073486,7.659999847412109,7.2676191329956055,142600
2010-12-31,7.630000114440918,7.730000019073486,7.570000171661377,7.590000152587891,7.201205253601074,178400
2011-01-03,7.699999809265137,7.849999904632568,7.650000095367432,7.840000152587891,7.438398838043213,62100
2011-01-04,7.929999828338623,7.929999828338623,7.590000152587891,7.769999980926514,7.371984004974365,198800
2011-01-05,7.769999980926514,8.0,7.75,8.0,7.590202331542969,102700
2011-01-06,7.96999979019165,8.0,7.860000133514404,7.880000114440918,7.476349353790283,147400
2011-01-07,7.929999828338623,7.980000019073486,7.630000114440918,7.760000228881836,7.362496852874756,81000
2011-01-10,7.739999771118164,7.960000038146973,7.639999866485596,7.869999885559082,7.466861724853516,119800
2011-01-11,7.889999866485596,7.900000095367432,7.760000228881836,7.760000228881836,7.362496852874756,90100
2011-01-12,7.840000152587891,8.0,7.800000190734863,7.960000038146973,7.55225133895874,110800
2011-01-13,7.980000019073486,8.0,7.860000133514404,7.949999809265137,7.5427632331848145,106300
2011-01-14,7.949999809265137,8.0,7.900000095367432,7.989999771118164,7.580714225769043,96600
2011-01-18,7.960000038146973,8.0600004196167,7.909999847412109,8.020000457763672,7.609178066253662,105100
2011-01-19,8.050000190734863,8.09000015258789,7.889999866485596,7.940000057220459,7.533275604248047,198300
2011-01-20,7.900000095367432,7.980000019073486,7.800000190734863,7.829999923706055,7.428911209106445,84500
2011-01-21,7.929999828338623,8.029999732971191,7.880000114440918,7.929999828338623,7.523787975311279,162700
2011-01-24,7.909999847412109,8.229999542236328,7.909999847412109,8.130000114440918,7.713542938232422,89200
2011-01-25,8.100000381469727,8.140000343322754,7.949999809265137,8.069999694824219,7.656617164611816,106700
2011-01-26,8.109999656677246,8.279999732971191,8.039999961853027,8.220000267028809,7.7989325523376465,117100
2011-01-27,8.180000305175781,8.380000114440918,8.069999694824219,8.3100004196167,7.8843231201171875,123200
2011-01-28,8.300000190734863,8.300000190734863,7.889999866485596,7.989999771118164,7.580714225769043,155600
2011-01-31,8.050000190734863,8.180000305175781,7.880000114440918,8.069999694824219,7.656617164611816,119000
2011-02-01,8.149999618530273,8.380000114440918,8.100000381469727,8.359999656677246,7.931761264801025,122000
2011-02-02,8.3100004196167,8.420000076293945,8.25,8.34000015258789,7.91278600692749,62400
2011-02-03,8.3100004196167,8.350000381469727,8.25,8.279999732971191,7.855859756469727,47000
2011-02-04,8.289999961853027,8.289999961853027,8.140000343322754,8.25,7.827396392822266,153700
2011-02-07,8.25,8.460000038146973,8.210000038146973,8.430000305175781,7.998175621032715,147200
2011-02-08,8.4399995803833,8.539999961853027,8.289999961853027,8.539999961853027,8.102540969848633,78800
2011-02-09,8.489999771118164,8.600000381469727,8.449999809265137,8.569999694824219,8.131003379821777,120200
2011-02-10,8.510000228881836,8.729999542236328,8.449999809265137,8.699999809265137,8.254344940185547,122800
2011-02-11,8.680000305175781,8.819999694824219,8.600000381469727,8.800000190734863,8.349223136901855,68800
2011-02-14,8.789999961853027,8.800000190734863,8.609999656677246,8.75,8.301783561706543,84800
2011-02-15,8.699999809265137,8.859999656677246,8.649999618530273,8.850000381469727,8.396662712097168,63300
2011-02-16,8.859999656677246,9.069999694824219,8.8100004196167,9.0600004196167,8.595905303955078,176500
2011-02-17,9.039999961853027,9.300000190734863,9.029999732971191,9.270000457763672,8.795147895812988,134100
2011-02-18,9.300000190734863,9.369999885559082,9.15999984741211,9.350000381469727,8.871049880981445,159400
2011-02-22,9.449999809265137,9.5,8.989999771118164,9.109999656677246,8.643342018127441,218100
2011-02-23,8.479999542236328,8.479999542236328,7.28000020980835,8.050000190734863,7.637641906738281,509600
2011-02-24,8.029999732971191,8.380000114440918,7.900000095367432,8.369999885559082,7.941248893737793,259800
2011-02-25,8.380000114440918,9.119999885559082,8.319999694824219,9.029999732971191,8.567440032958984,243600
2011-02-28,9.210000038146973,9.210000038146973,8.850000381469727,8.899999618530273,8.444101333618164,167600
2011-03-01,8.989999771118164,9.119999885559082,8.5,8.5,8.064590454101562,162300
2011-03-02,8.489999771118164,8.619999885559082,8.399999618530273,8.520000457763672,8.083565711975098,119700
2011-03-03,8.619999885559082,8.90999984741211,8.619999885559082,8.899999618530273,8.444101333618164,159300
2011-03-04,8.949999809265137,8.949999809265137,8.829999923706055,8.90999984741211,8.453588485717773,114700
2011-03-07,8.930000305175781,9.069999694824219,8.829999923706055,9.0,8.53897762298584,138100
2011-03-08,9.020000457763672,9.300000190734863,8.930000305175781,9.149999618530273,8.681294441223145,94000
2011-03-09,9.1899995803833,9.270000457763672,9.039999961853027,9.239999771118164,8.766684532165527,94200
2011-03-10,9.100000381469727,9.100000381469727,8.920000076293945,9.0,8.53897762298584,122700
2011-03-11,8.90999984741211,9.020000457763672,8.8100004196167,8.960000038146973,8.50102710723877,133600
2011-03-14,8.829999923706055,9.020000457763672,8.829999923706055,8.949999809265137,8.491539001464844,128900
2011-03-15,8.789999961853027,8.859999656677246,8.529999732971191,8.65999984741211,8.216394424438477,97900
2011-03-16,8.600000381469727,8.670000076293945,8.399999618530273,8.5,8.064590454101562,117900
2011-03-17,8.65999984741211,8.65999984741211,8.420000076293945,8.420000076293945,7.988687992095947,55500
2011-03-18,8.510000228881836,8.600000381469727,8.470000267028809,8.510000228881836,8.074077606201172,138100
2011-03-21,8.640000343322754,8.949999809265137,8.640000343322754,8.949999809265137,8.491539001464844,66700
2011-03-22,9.0,9.0,8.850000381469727,8.920000076293945,8.463077545166016,37200
2011-03-23,8.869999885559082,9.010000228881836,8.800000190734863,8.960000038146973,8.50102710723877,100200
2011-03-24,9.0600004196167,9.3100004196167,8.949999809265137,9.3100004196167,8.833099365234375,108100
2011-03-25,9.699999809265137,10.0,9.649999618530273,9.979999542236328,9.468775749206543,272700
2011-03-28,10.0,10.170000076293945,9.960000038146973,10.0,9.487751960754395,167200
2011-03-29,10.029999732971191,10.119999885559082,9.970000267028809,10.109999656677246,9.592119216918945,263100
2011-03-30,10.149999618530273,10.25,10.109999656677246,10.170000076293945,9.649045944213867,229700
2011-03-31,10.149999618530273,10.369999885559082,10.0600004196167,10.350000381469727,9.819825172424316,238200
2011-04-01,10.430000305175781,10.5,10.300000190734863,10.369999885559082,9.838800430297852,107900
2011-04-04,10.390000343322754,10.4399995803833,10.289999961853027,10.319999694824219,9.791360855102539,276000
2011-04-05,10.270000457763672,10.319999694824219,9.84000015258789,10.149999618530273,9.630069732666016,161500
2011-04-06,10.25,10.34000015258789,10.149999618530273,10.279999732971191,9.753409385681152,82400
2011-04-07,10.300000190734863,10.40999984741211,10.170000076293945,10.270000457763672,9.74392318725586,165100
2011-04-08,10.369999885559082,10.390000343322754,10.149999618530273,10.229999542236328,9.705971717834473,86900
2011-04-11,10.210000038146973,10.270000457763672,9.890000343322754,9.920000076293945,9.41185188293457,94800
2011-04-12,9.850000381469727,9.869999885559082,9.619999885559082,9.729999542236328,9.231582641601562,134400
2011-04-13,9.800000190734863,9.890000343322754,9.569999694824219,9.779999732971191,9.279022216796875,99500
2011-04-14,9.640000343322754,10.029999732971191,9.640000343322754,9.9399995803833,9.430826187133789,157200
2011-04-15,9.140000343322754,9.579999923706055,8.8100004196167,9.199999809265137,8.728734016418457,492500
2011-04-18,9.0,9.100000381469727,8.90999984741211,8.930000305175781,8.472563743591309,157400
2011-04-19,8.989999771118164,9.130000114440918,8.979999542236328,9.079999923706055,8.614880561828613,144800
2011-04-20,9.270000457763672,9.270000457763672,8.739999771118164,8.859999656677246,8.406149864196777,112100
2011-04-21,8.960000038146973,8.960000038146973,8.729999542236328,8.760000228881836,8.311272621154785,102000
2011-04-25,8.720000267028809,8.800000190734863,8.569999694824219,8.609999656677246,8.16895580291748,61000
2011-04-26,8.649999618530273,8.920000076293945,8.649999618530273,8.770000457763672,8.320759773254395,89600
2011-04-27,8.75,8.760000228881836,8.569999694824219,8.649999618530273,8.206907272338867,83300
2011-04-28,8.609999656677246,8.949999809265137,8.609999656677246,8.949999809265137,8.491539001464844,120700
2011-04-29,8.979999542236328,9.0,8.850000381469727,8.949999809265137,8.491539001464844,93000
2011-05-02,9.0,9.050000190734863,8.770000457763672,8.770000457763672,8.320759773254395,116000
2011-05-03,8.760000228881836,8.979999542236328,8.75,8.930000305175781,8.472563743591309,176000
2011-05-04,8.770000457763672,9.239999771118164,8.770000457763672,8.90999984741211,8.453588485717773,114000
2011-05-05,8.859999656677246,8.979999542236328,8.75,8.8100004196167,8.358710289001465,143500
2011-05-06,8.9399995803833,8.989999771118164,8.770000457763672,8.880000114440918,8.425125122070312,122700
2011-05-09,8.880000114440918,9.029999732971191,8.84000015258789,9.010000228881836,8.548465728759766,78000
2011-05-10,9.100000381469727,9.180000305175781,9.010000228881836,9.149999618530273,8.681294441223145,73600
2011-05-11,9.130000114440918,9.199999809265137,8.859999656677246,9.010000228881836,8.548465728759766,90700
2011-05-12,8.979999542236328,9.260000228881836,8.869999885559082,9.0600004196167,8.595905303955078,115000
2011-05-13,9.039999961853027,9.09000015258789,8.770000457763672,8.770000457763672,8.320759773254395,102400
2011-05-16,8.699999809265137,8.800000190734863,8.5600004196167,8.5600004196167,8.121517181396484,139200
2011-05-17,8.550000190734863,8.600000381469727,8.399999618530273,8.470000267028809,8.036127090454102,104800
2011-05-18,8.479999542236328,8.710000038146973,8.4399995803833,8.710000038146973,8.263833045959473,75400
2011-05-19,8.8100004196167,8.84000015258789,8.539999961853027,8.6899995803833,8.244856834411621,65900
2011-05-20,8.630000114440918,8.859999656677246,8.59000015258789,8.760000228881836,8.311272621154785,115200
2011-05-23,8.539999961853027,8.680000305175781,8.520000457763672,8.529999732971191,8.093053817749023,85400
2011-05-24,8.569999694824219,8.609999656677246,8.399999618530273,8.479999542236328,8.045614242553711,150900
2011-05-25,8.399999618530273,8.529999732971191,8.319999694824219,8.5,8.064590454101562,164400
2011-05-26,8.5,9.09000015258789,8.489999771118164,9.050000190734863,8.586416244506836,147400
2011-05-27,9.09000015258789,9.170000076293945,8.970000267028809,9.020000457763672,8.557952880859375,106300
2011-05-31,9.170000076293945,9.390000343322754,8.979999542236328,9.380000114440918,8.899513244628906,521400
2011-06-01,9.329999923706055,9.34000015258789,8.9399995803833,8.949999809265137,8.491539001464844,183400
2011-06-02,8.949999809265137,8.970000267028809,8.829999923706055,8.869999885559082,8.415637016296387,132700
2011-06-03,8.680000305175781,8.779999732971191,8.579999923706055,8.670000076293945,8.225881576538086,112000
2011-06-06,8.640000343322754,8.760000228881836,8.539999961853027,8.550000190734863,8.112029075622559,199400
2011-06-07,8.640000343322754,8.680000305175781,8.460000038146973,8.470000267028809,8.036127090454102,94500
2011-06-08,8.40999984741211,8.460000038146973,8.260000228881836,8.279999732971191,7.855859756469727,207600
2011-06-09,8.3100004196167,8.380000114440918,8.25,8.25,7.827396392822266,83500
2011-06-10,8.199999809265137,8.279999732971191,8.109999656677246,8.119999885559082,7.704055309295654,150200
2011-06-13,8.149999618530273,8.180000305175781,7.920000076293945,7.929999828338623,7.523787975311279,145700
2011-06-14,8.0,8.050000190734863,7.889999866485596,7.96999979019165,7.561738967895508,225900
2011-06-15,7.860000133514404,7.929999828338623,7.429999828338623,7.579999923706055,7.191717624664307,418200
2011-06-16,7.590000152587891,7.699999809265137,7.289999961853027,7.409999847412109,7.030425548553467,260900
2011-06-17,7.460000038146973,7.550000190734863,7.010000228881836,7.170000076293945,6.802719593048096,349200
2011-06-20,7.139999866485596,7.309999942779541,7.099999904632568,7.210000038146973,6.840670108795166,214800
2011-06-21,7.289999961853027,7.289999961853027,7.090000152587891,7.25,6.878621578216553,258000
2011-06-22,7.199999809265137,7.199999809265137,6.980000019073486,7.0,6.641427516937256,364000
2011-06-23,6.860000133514404,6.989999771118164,6.710000038146973,6.920000076293945,6.565525531768799,353400
2011-06-24,6.920000076293945,6.949999809265137,6.78000020980835,6.78000020980835,6.432697296142578,295500
2011-06-27,6.800000190734863,6.829999923706055,6.75,6.789999961853027,6.442184925079346,297200
2011-06-28,6.809999942779541,6.840000152587891,6.630000114440918,6.769999980926514,6.423209190368652,750600
2011-06-29,6.769999980926514,6.909999847412109,6.670000076293945,6.869999885559082,6.5180864334106445,403500
2011-06-30,6.920000076293945,7.119999885559082,6.920000076293945,7.070000171661377,6.707841873168945,223100
2011-07-01,7.090000152587891,7.369999885559082,6.989999771118164,7.329999923706055,6.954523086547852,190000
2011-07-05,7.340000152587891,7.380000114440918,7.239999771118164,7.309999942779541,6.935547828674316,163000
2011-07-06,7.300000190734863,7.480000019073486,7.210000038146973,7.409999847412109,7.030425548553467,120500
2011-07-07,7.46999979019165,7.659999847412109,7.360000133514404,7.599999904632568,7.210692882537842,109200
2011-07-08,7.449999809265137,7.559999942779541,7.360000133514404,7.389999866485596,7.011449337005615,119800
2011-07-11,7.300000190734863,7.380000114440918,7.050000190734863,7.139999866485596,6.774255275726318,203400
2011-07-12,7.110000133514404,7.260000228881836,7.110000133514404,7.179999828338623,6.812206745147705,132500
2011-07-13,7.239999771118164,7.440000057220459,7.199999809265137,7.349999904632568,6.973498821258545,85300
2011-07-14,7.360000133514404,7.360000133514404,7.010000228881836,7.039999961853027,6.679378509521484,98300
2011-07-15,7.119999885559082,7.179999828338623,7.03000020980835,7.090000152587891,6.726818084716797,122800
2011-07-18,7.019999980926514,7.019999980926514,6.869999885559082,6.96999979019165,6.612963676452637,184600
2011-07-19,7.059999942779541,7.269999980926514,6.989999771118164,7.269999980926514,6.897596836090088,69500
2011-07-20,7.320000171661377,7.320000171661377,7.090000152587891,7.230000019073486,6.859645843505859,57600
2011-07-21,7.269999980926514,7.519999980926514,7.230000019073486,7.5,7.115815162658691,105200
2011-07-22,7.5,7.539999961853027,7.25,7.25,6.878621578216553,54200
2011-07-25,7.130000114440918,7.210000038146973,7.070000171661377,7.119999885559082,6.755280494689941,113500
2011-07-26,7.110000133514404,7.130000114440918,7.0,7.050000190734863,6.68886661529541,83000
2011-07-27,6.989999771118164,7.03000020980835,6.920000076293945,6.949999809265137,6.593988418579102,141100
2011-07-28,6.989999771118164,7.159999847412109,6.929999828338623,7.079999923706055,6.717329502105713,67700
2011-07-29,6.940000057220459,7.0,6.730000019073486,6.829999923706055,6.480135440826416,378100
2011-08-01,6.960000038146973,7.019999980926514,6.590000152587891,6.650000095367432,6.309355735778809,180900
2011-08-02,6.599999904632568,6.699999809265137,6.28000020980835,6.28000020980835,5.958309173583984,199700
2011-08-03,6.289999961853027,6.309999942779541,6.050000190734863,6.199999809265137,5.882406711578369,238800
2011-08-04,6.090000152587891,6.139999866485596,5.630000114440918,5.699999809265137,5.408019065856934,366800
2011-08-05,5.170000076293945,5.170000076293945,4.239999771118164,4.579999923706055,4.345391273498535,856300
2011-08-08,4.389999866485596,4.639999866485596,4.099999904632568,4.119999885559082,3.908954620361328,631300
2011-08-09,4.25,4.309999942779541,3.690000057220459,3.990000009536743,3.785613536834717,752500
2011-08-10,3.869999885559082,3.930000066757202,3.5899999141693115,3.5999999046325684,3.415591239929199,459200
2011-08-11,3.6500000953674316,3.7899999618530273,3.5399999618530273,3.7699999809265137,3.57688307762146,632500
2011-08-12,3.799999952316284,3.950000047683716,3.690000057220459,3.930000066757202,3.728687047958374,252900
2011-08-15,3.990000009536743,4.150000095367432,3.9600000381469727,4.130000114440918,3.918442487716675,126900
2011-08-16,4.099999904632568,4.340000152587891,4.079999923706055,4.110000133514404,3.8994662761688232,142900
2011-08-17,4.110000133514404,4.239999771118164,4.110000133514404,4.230000019073486,4.013319969177246,98800
2011-08-18,4.110000133514404,4.130000114440918,3.859999895095825,3.9000000953674316,3.700223922729492,243200
2011-08-19,3.819999933242798,4.019999980926514,3.799999952316284,3.859999895095825,3.6622729301452637,210900
2011-08-22,3.9700000286102295,3.9700000286102295,3.759999990463257,3.7799999713897705,3.5863711833953857,190200
2011-08-23,3.799999952316284,3.9000000953674316,3.75,3.9000000953674316,3.700223922729492,242700
2011-08-24,3.869999885559082,3.950000047683716,3.8299999237060547,3.9000000953674316,3.700223922729492,103400
2011-08-25,3.9600000381469727,3.990000009536743,3.7799999713897705,3.7799999713897705,3.5863711833953857,389100
2011-08-26,3.7699999809265137,3.9100000858306885,3.75,3.859999895095825,3.6622729301452637,118200
2011-08-29,3.9100000858306885,4.150000095367432,3.880000114440918,4.150000095367432,3.937417507171631,123700
2011-08-30,4.119999885559082,4.130000114440918,4.019999980926514,4.090000152587891,3.880491256713867,114000
2011-08-31,4.099999904632568,4.099999904632568,3.890000104904175,3.9100000858306885,3.709711790084839,187900
2011-09-01,3.9100000858306885,4.050000190734863,3.7200000286102295,3.7699999809265137,3.57688307762146,168400
2011-09-02,3.700000047683716,3.700000047683716,3.509999990463257,3.5299999713897705,3.349177122116089,157200
2011-09-06,3.359999895095825,3.569999933242798,3.319999933242798,3.5399999618530273,3.3586647510528564,189000
2011-09-07,3.619999885559082,3.930000066757202,3.569999933242798,3.9000000953674316,3.700223922729492,193600
2011-09-08,3.8499999046325684,3.880000114440918,3.559999942779541,3.569999933242798,3.387127637863159,130800
2011-09-09,3.5299999713897705,3.5999999046325684,3.440000057220459,3.509999990463257,3.3302013874053955,165600
2011-09-12,3.440000057220459,3.569999933242798,3.4200000762939453,3.569999933242798,3.387127637863159,139900
2011-09-13,3.5999999046325684,3.799999952316284,3.559999942779541,3.759999990463257,3.5673952102661133,150100
2011-09-14,3.7899999618530273,4.010000228881836,3.680000066757202,3.950000047683716,3.7476627826690674,120800
2011-09-15,4.010000228881836,4.199999809265137,3.9200000762939453,4.190000057220459,3.9753682613372803,100500
2011-09-16,4.230000019073486,4.230000019073486,3.9700000286102295,4.039999961853027,3.833052635192871,154700
2011-09-19,3.950000047683716,3.950000047683716,3.700000047683716,3.740000009536743,3.54841947555542,91400
2011-09-20,3.7799999713897705,3.869999885559082,3.5299999713897705,3.549999952316284,3.368152618408203,135900
2011-09-21,3.549999952316284,3.7100000381469727,3.450000047683716,3.4700000286102295,3.292250871658325,88800
2011-09-22,3.369999885559082,3.559999942779541,3.3399999141693115,3.490000009536743,3.3112258911132812,232000
2011-09-23,3.490000009536743,3.7200000286102295,3.4200000762939453,3.5299999713897705,3.349177122116089,141800
2011-09-26,3.5299999713897705,3.5799999237060547,3.2899999618530273,3.3299999237060547,3.159421920776367,212100
2011-09-27,3.430000066757202,3.7200000286102295,3.4000000953674316,3.5799999237060547,3.396615982055664,164200
2011-09-28,3.5799999237060547,3.5799999237060547,3.25,3.25,3.083519697189331,146200
2011-09-29,3.380000114440918,3.450000047683716,3.2200000286102295,3.3399999141693115,3.168909788131714,140000
2011-09-30,3.2899999618530273,3.369999885559082,3.2799999713897705,3.359999895095825,3.187885046005249,157700
2011-10-03,3.299999952316284,3.509999990463257,3.1500000953674316,3.1700000762939453,3.007617712020874,183200
2011-10-04,3.119999885559082,3.759999990463257,3.0799999237060547,3.700000047683716,3.5104689598083496,248700
2011-10-05,3.690000057220459,3.75,3.5399999618530273,3.690000057220459,3.500981092453003,80300
2011-10-06,3.6600000858306885,3.799999952316284,3.5899999141693115,3.7899999618530273,3.5958588123321533,84000
2011-10-07,3.7899999618530273,3.8399999141693115,3.4800000190734863,3.5,3.320713758468628,72000
2011-10-10,3.5999999046325684,3.859999895095825,3.5299999713897705,3.8499999046325684,3.652784824371338,105700
2011-10-11,3.799999952316284,3.930000066757202,3.799999952316284,3.880000114440918,3.681248426437378,78800
2011-10-12,3.930000066757202,4.099999904632568,3.809999942779541,4.079999923706055,3.8710031509399414,93400
2011-10-13,4.019999980926514,4.019999980926514,3.609999895095825,3.809999942779541,3.6148338317871094,70700
2011-10-14,3.9100000858306885,4.03000020980835,3.7699999809265137,4.03000020980835,3.8235647678375244,89100
2011-10-17,3.9700000286102295,4.019999980926514,3.609999895095825,3.619999885559082,3.4345667362213135,145200
2011-10-18,3.6600000858306885,3.9700000286102295,3.549999952316284,3.940000057220459,3.7381746768951416,94400
2011-10-19,3.9200000762939453,3.9800000190734863,3.740000009536743,3.819999933242798,3.624321937561035,89400
2011-10-20,3.819999933242798,3.880000114440918,3.7100000381469727,3.7899999618530273,3.5958588123321533,56800
2011-10-21,3.880000114440918,3.890000104904175,3.7699999809265137,3.869999885559082,3.6717605590820312,196400
2011-10-24,3.859999895095825,4.130000114440918,3.8499999046325684,4.110000133514404,3.8994662761688232,122500
2011-10-25,4.059999942779541,4.099999904632568,3.859999895095825,3.9200000762939453,3.7191994190216064,162400
2011-10-26,4.019999980926514,4.21999979019165,3.799999952316284,4.159999847412109,3.9469053745269775,89300
2011-10-27,4.300000190734863,4.639999866485596,4.170000076293945,4.460000038146973,4.231538772583008,292300
2011-10-28,4.440000057220459,4.5,4.190000057220459,4.190000057220459,3.9753682613372803,118100
2011-10-31,4.099999904632568,4.21999979019165,3.9800000190734863,3.990000009536743,3.785613536834717,71400
2011-11-01,3.75,4.25,3.7100000381469727,4.090000152587891,3.880491256713867,269700
2011-11-02,4.21999979019165,4.400000095367432,4.079999923706055,4.380000114440918,4.155636310577393,521300
2011-11-03,4.329999923706055,4.599999904632568,4.119999885559082,4.590000152587891,4.354878902435303,137500
2011-11-04,4.5,4.789999961853027,4.5,4.769999980926514,4.525658130645752,133900
2011-11-07,4.769999980926514,4.989999771118164,4.760000228881836,4.980000019073486,4.72490119934082,148000
2011-11-08,5.039999961853027,5.110000133514404,4.769999980926514,4.96999979019165,4.7154130935668945,98900
2011-11-09,4.760000228881836,4.820000171661377,4.25,4.400000095367432,4.174611568450928,170000
2011-11-10,4.489999771118164,4.659999847412109,4.449999809265137,4.519999980926514,4.2884650230407715,81600
2011-11-11,4.599999904632568,4.75,4.599999904632568,4.699999809265137,4.4592437744140625,115800
2011-11-14,4.699999809265137,4.739999771118164,4.300000190734863,4.320000171661377,4.098710060119629,116200
2011-11-15,4.320000171661377,4.510000228881836,4.28000020980835,4.489999771118164,4.2600016593933105,74700
2011-11-16,4.400000095367432,4.570000171661377,4.269999980926514,4.349999904632568,4.127172470092773,82500
2011-11-17,4.329999923706055,4.460000038146973,4.269999980926514,4.360000133514404,4.136660099029541,122900
2011-11-18,4.360000133514404,4.510000228881836,4.320000171661377,4.389999866485596,4.165123462677002,59900
2011-11-21,4.289999961853027,4.400000095367432,4.099999904632568,4.260000228881836,4.041782855987549,163100
2011-11-22,4.260000228881836,4.300000190734863,4.090000152587891,4.110000133514404,3.8994662761688232,85200
2011-11-23,4.059999942779541,4.110000133514404,3.9700000286102295,3.990000009536743,3.785613536834717,96000
2011-11-25,3.9700000286102295,4.0,3.75,3.75,3.5579075813293457,27000
2011-11-28,3.9600000381469727,4.150000095367432,3.869999885559082,4.150000095367432,3.937417507171631,101700
2011-11-29,4.139999866485596,4.179999828338623,3.890000104904175,4.019999980926514,3.814077138900757,57100
2011-11-30,4.28000020980835,4.760000228881836,4.170000076293945,4.710000038146973,4.468731880187988,263000
2011-12-01,4.690000057220459,4.690000057220459,4.25,4.28000020980835,4.060758590698242,125000
2011-12-02,4.349999904632568,4.550000190734863,4.309999942779541,4.429999828338623,4.203074932098389,107900
2011-12-05,4.53000020980835,4.539999961853027,4.199999809265137,4.28000020980835,4.060758590698242,470800
2011-12-06,4.300000190734863,4.400000095367432,4.110000133514404,4.28000020980835,4.060758590698242,107800
2011-12-07,4.260000228881836,4.420000076293945,4.159999847412109,4.400000095367432,4.174611568450928,63200
2011-12-08,4.349999904632568,4.409999847412109,4.130000114440918,4.139999866485596,3.9279298782348633,99500
2011-12-09,4.179999828338623,4.519999980926514,4.179999828338623,4.409999847412109,4.184099197387695,133600
2011-12-12,4.340000152587891,4.460000038146973,4.190000057220459,4.440000057220459,4.212562561035156,88000
2011-12-13,4.5,4.679999828338623,4.420000076293945,4.449999809265137,4.222050666809082,107900
2011-12-14,4.409999847412109,4.639999866485596,4.329999923706055,4.630000114440918,4.3928303718566895,99100
2011-12-15,4.71999979019165,4.820000171661377,4.630000114440918,4.710000038146973,4.468731880187988,137000
2011-12-16,4.769999980926514,4.989999771118164,4.670000076293945,4.690000057220459,4.449756622314453,189300
2011-12-19,4.760000228881836,4.820000171661377,4.349999904632568,4.349999904632568,4.127172470092773,110100
2011-12-20,4.46999979019165,4.710000038146973,4.46999979019165,4.710000038146973,4.468731880187988,115500
2011-12-21,4.659999847412109,4.710000038146973,4.5,4.659999847412109,4.421292304992676,80200
2011-12-22,4.710000038146973,4.929999828338623,4.559999942779541,4.869999885559082,4.620535373687744,55500
2011-12-23,4.900000095367432,4.900000095367432,4.760000228881836,4.78000020980835,4.535146236419678,18500
2011-12-27,4.739999771118164,4.849999904632568,4.699999809265137,4.739999771118164,4.497194766998291,45200
2011-12-28,4.699999809265137,4.699999809265137,4.519999980926514,4.550000190734863,4.316928386688232,103900
2011-12-29,4.610000133514404,4.699999809265137,4.610000133514404,4.670000076293945,4.430781364440918,45100
2011-12-30,4.639999866485596,4.699999809265137,4.539999961853027,4.590000152587891,4.354878902435303,101800
2012-01-03,4.730000019073486,5.03000020980835,4.679999828338623,4.949999809265137,4.696437835693359,71400
2012-01-04,4.900000095367432,4.949999809265137,4.710000038146973,4.730000019073486,4.487707138061523,54000
2012-01-05,4.699999809265137,4.860000133514404,4.570000171661377,4.769999980926514,4.525658130645752,49700
2012-01-06,4.75,4.78000020980835,4.53000020980835,4.599999904632568,4.3643670082092285,140900
2012-01-09,4.630000114440918,4.739999771118164,4.599999904632568,4.699999809265137,4.4592437744140625,69900
2012-01-10,4.789999961853027,4.949999809265137,4.789999961853027,4.920000076293945,4.667974472045898,70000
2012-01-11,4.900000095367432,4.949999809265137,4.820000171661377,4.940000057220459,4.686950206756592,59000
2012-01-12,4.929999828338623,4.989999771118164,4.789999961853027,4.980000019073486,4.72490119934082,90700
2012-01-13,4.869999885559082,4.900000095367432,4.800000190734863,4.860000133514404,4.611048221588135,76100
2012-01-17,4.949999809265137,4.989999771118164,4.760000228881836,4.78000020980835,4.535146236419678,90600
2012-01-18,4.78000020980835,5.0,4.730000019073486,4.989999771118164,4.7343878746032715,82000
2012-01-19,5.0,5.289999961853027,4.960000038146973,5.260000228881836,4.990558624267578,104400
2012-01-20,5.25,5.46999979019165,5.25,5.460000038146973,5.1803131103515625,76000
2012-01-23,5.489999771118164,5.579999923706055,5.230000019073486,5.329999923706055,5.056972503662109,51200
2012-01-24,5.269999980926514,5.519999980926514,5.210000038146973,5.449999809265137,5.170825481414795,93000
2012-01-25,5.420000076293945,5.849999904632568,5.420000076293945,5.840000152587891,5.540848255157471,58300
2012-01-26,5.880000114440918,6.300000190734863,5.840000152587891,6.139999866485596,5.8254804611206055,103200
2012-01-27,6.110000133514404,6.190000057220459,5.949999809265137,6.050000190734863,5.740091323852539,80800
2012-01-30,5.940000057220459,6.03000020980835,5.880000114440918,6.010000228881836,5.702139377593994,51700
2012-01-31,6.079999923706055,6.079999923706055,5.909999847412109,6.010000228881836,5.702139377593994,65900
2012-02-01,6.070000171661377,6.260000228881836,5.960000038146973,6.179999828338623,5.863431453704834,122900
2012-02-02,6.179999828338623,6.449999809265137,6.130000114440918,6.389999866485596,6.062674522399902,228100
2012-02-03,6.570000171661377,6.789999961853027,6.489999771118164,6.78000020980835,6.432697296142578,214100
2012-02-06,6.78000020980835,6.989999771118164,6.699999809265137,6.960000038146973,6.603476047515869,104300
2012-02-07,6.949999809265137,6.96999979019165,6.800000190734863,6.96999979019165,6.612963676452637,71900
2012-02-08,6.960000038146973,6.96999979019165,6.849999904632568,6.900000095367432,6.5465497970581055,108800
2012-02-09,6.920000076293945,6.920000076293945,6.679999828338623,6.760000228881836,6.413721561431885,37400
2012-02-10,6.619999885559082,6.679999828338623,6.400000095367432,6.409999847412109,6.0816497802734375,59600
2012-02-13,6.53000020980835,6.599999904632568,6.489999771118164,6.559999942779541,6.223966121673584,58600
2012-02-14,6.539999961853027,6.559999942779541,6.340000152587891,6.449999809265137,6.119601249694824,36600
2012-02-15,6.5,6.5,6.110000133514404,6.150000095367432,5.834968090057373,83300
2012-02-16,6.130000114440918,6.789999961853027,6.130000114440918,6.550000190734863,6.214478969573975,154300
2012-02-17,6.590000152587891,6.619999885559082,6.510000228881836,6.559999942779541,6.223966121673584,46400
2012-02-21,6.559999942779541,6.570000171661377,6.309999942779541,6.519999980926514,6.1860151290893555,85900
2012-02-22,6.199999809265137,6.380000114440918,5.789999961853027,5.909999847412109,5.607262134552002,260800
2012-02-23,5.909999847412109,5.920000076293945,5.699999809265137,5.71999979019165,5.426994800567627,164000
2012-02-24,5.71999979019165,5.800000190734863,5.670000076293945,5.730000019073486,5.436482906341553,38700
2012-02-27,5.690000057220459,5.71999979019165,5.570000171661377,5.650000095367432,5.3605804443359375,62500
2012-02-28,5.619999885559082,5.670000076293945,5.429999828338623,5.46999979019165,5.18980073928833,102300
2012-02-29,5.489999771118164,5.579999923706055,5.25,5.28000020980835,5.009533405303955,157000
2012-03-01,5.329999923706055,5.440000057220459,5.110000133514404,5.119999885559082,4.857729434967041,166000
2012-03-02,5.079999923706055,5.119999885559082,4.929999828338623,4.96999979019165,4.7154130935668945,133800
2012-03-05,4.940000057220459,5.050000190734863,4.860000133514404,5.039999961853027,4.781827926635742,86700
2012-03-06,4.960000038146973,5.150000095367432,4.900000095367432,5.070000171661377,4.810291290283203,158200
2012-03-07,5.119999885559082,5.360000133514404,5.119999885559082,5.199999809265137,4.933631420135498,243200
2012-03-08,5.239999771118164,5.28000020980835,5.170000076293945,5.260000228881836,4.990558624267578,54600
2012-03-09,5.25,5.400000095367432,5.21999979019165,5.269999980926514,5.0000457763671875,148900
2012-03-12,5.260000228881836,5.269999980926514,5.099999904632568,5.21999979019165,4.952606678009033,54000
2012-03-13,5.260000228881836,5.690000057220459,5.239999771118164,5.639999866485596,5.351092338562012,83700
2012-03-14,5.610000133514404,5.650000095367432,5.449999809265137,5.489999771118164,5.208775997161865,51400
2012-03-15,5.46999979019165,5.760000228881836,5.460000038146973,5.730000019073486,5.436482906341553,66500
2012-03-16,5.730000019073486,5.75,5.53000020980835,5.710000038146973,5.417506694793701,168200
2012-03-19,5.679999828338623,5.869999885559082,5.559999942779541,5.840000152587891,5.540848255157471,88900
2012-03-20,5.760000228881836,5.900000095367432,5.739999771118164,5.769999980926514,5.474433422088623,75500
2012-03-21,5.809999942779541,5.820000171661377,5.579999923706055,5.599999904632568,5.313141822814941,48900
2012-03-22,5.5,5.570000171661377,5.289999961853027,5.360000133514404,5.085435390472412,91900
2012-03-23,5.340000152587891,5.610000133514404,5.340000152587891,5.590000152587891,5.303654670715332,95000
2012-03-26,5.710000038146973,5.75,5.679999828338623,5.75,5.455458164215088,112900
2012-03-27,5.769999980926514,5.800000190734863,5.670000076293945,5.679999828338623,5.38904333114624,46800
2012-03-28,5.710000038146973,5.710000038146973,5.519999980926514,5.630000114440918,5.341605186462402,37400
2012-03-29,5.559999942779541,5.599999904632568,5.349999904632568,5.46999979019165,5.18980073928833,37400
2012-03-30,5.539999961853027,5.539999961853027,5.389999866485596,5.389999866485596,5.113898277282715,106400
2012-04-02,5.369999885559082,5.71999979019165,5.369999885559082,5.71999979019165,5.426994800567627,70100
2012-04-03,5.710000038146973,5.710000038146973,5.349999904632568,5.369999885559082,5.09492301940918,67300
2012-04-04,5.269999980926514,5.320000171661377,5.039999961853027,5.130000114440918,4.867217540740967,87600
2012-04-05,5.079999923706055,5.269999980926514,5.079999923706055,5.179999828338623,4.914656162261963,57900
2012-04-09,5.019999980926514,5.099999904632568,4.980000019073486,5.019999980926514,4.762851715087891,93300
2012-04-10,5.019999980926514,5.090000152587891,4.949999809265137,5.010000228881836,4.753364562988281,186200
2012-04-11,5.090000152587891,5.239999771118164,5.03000020980835,5.21999979019165,4.952606678009033,114600
2012-04-12,5.239999771118164,5.440000057220459,5.21999979019165,5.360000133514404,5.085435390472412,55900
2012-04-13,5.320000171661377,5.320000171661377,5.210000038146973,5.21999979019165,4.952606678009033,56700
2012-04-16,5.239999771118164,5.550000190734863,5.210000038146973,5.480000019073486,5.199288368225098,79300
2012-04-17,5.550000190734863,5.710000038146973,5.550000190734863,5.630000114440918,5.341605186462402,92200
2012-04-18,5.570000171661377,5.570000171661377,5.369999885559082,5.440000057220459,5.1613383293151855,71900
2012-04-19,5.449999809265137,5.599999904632568,5.300000190734863,5.409999847412109,5.132874488830566,64500
2012-04-20,5.5,5.690000057220459,5.429999828338623,5.489999771118164,5.208775997161865,110400
2012-04-23,5.340000152587891,5.460000038146973,5.300000190734863,5.449999809265137,5.170825481414795,116200
2012-04-24,5.429999828338623,5.550000190734863,5.389999866485596,5.5,5.218264102935791,58600
2012-04-25,5.619999885559082,5.670000076293945,5.53000020980835,5.550000190734863,5.265703201293945,71500
2012-04-26,5.519999980926514,5.639999866485596,5.519999980926514,5.619999885559082,5.332117557525635,32000
2012-04-27,5.659999847412109,6.079999923706055,5.590000152587891,5.940000057220459,5.635725498199463,151400
2012-04-30,5.940000057220459,6.0,5.449999809265137,5.460000038146973,5.1803131103515625,78000
2012-05-01,5.449999809265137,5.849999904632568,5.409999847412109,5.550000190734863,5.265703201293945,151800
2012-05-02,5.489999771118164,5.570000171661377,5.340000152587891,5.559999942779541,5.275191307067871,109000
2012-05-03,5.539999961853027,5.579999923706055,5.309999942779541,5.400000095367432,5.123386383056641,53000
2012-05-04,5.340000152587891,5.369999885559082,5.25,5.320000171661377,5.047484397888184,104000
2012-05-07,5.269999980926514,5.480000019073486,5.21999979019165,5.289999961853027,5.019021987915039,93000
2012-05-08,5.199999809265137,5.610000133514404,5.190000057220459,5.579999923706055,5.294166088104248,97500
2012-05-09,5.300000190734863,5.739999771118164,5.269999980926514,5.690000057220459,5.398531436920166,125000
2012-05-10,5.760000228881836,5.760000228881836,5.360000133514404,5.389999866485596,5.113898277282715,96100
2012-05-11,5.320000171661377,5.5,5.150000095367432,5.320000171661377,5.047484397888184,250000
2012-05-14,5.21999979019165,5.400000095367432,5.050000190734863,5.070000171661377,4.810291290283203,262300
2012-05-15,5.059999942779541,5.610000133514404,5.059999942779541,5.239999771118164,4.971582412719727,208000
2012-05-16,5.269999980926514,5.510000228881836,5.260000228881836,5.429999828338623,5.151849746704102,69400
2012-05-17,5.460000038146973,5.739999771118164,5.349999904632568,5.420000076293945,5.142362594604492,196200
2012-05-18,5.400000095367432,5.599999904632568,5.300000190734863,5.320000171661377,5.047484397888184,141900
2012-05-21,5.340000152587891,5.510000228881836,5.239999771118164,5.46999979019165,5.18980073928833,76400
2012-05-22,5.449999809265137,5.53000020980835,5.150000095367432,5.199999809265137,4.933631420135498,70300
2012-05-23,5.119999885559082,5.409999847412109,5.050000190734863,5.369999885559082,5.09492301940918,64000
2012-05-24,5.369999885559082,5.369999885559082,5.059999942779541,5.230000019073486,4.962094783782959,66700
2012-05-25,5.210000038146973,5.409999847412109,5.199999809265137,5.369999885559082,5.09492301940918,72100
2012-05-29,5.460000038146973,5.460000038146973,5.360000133514404,5.369999885559082,5.09492301940918,69400
2012-05-30,5.269999980926514,5.300000190734863,5.119999885559082,5.150000095367432,4.886192321777344,57900
2012-05-31,5.139999866485596,5.25,5.0,5.170000076293945,4.905168533325195,202800
2012-06-01,5.010000228881836,5.150000095367432,4.960000038146973,4.989999771118164,4.7343878746032715,100200
2012-06-04,5.03000020980835,5.139999866485596,5.010000228881836,5.110000133514404,4.848242282867432,97700
2012-06-05,5.050000190734863,5.360000133514404,5.019999980926514,5.289999961853027,5.019021987915039,85300
2012-06-06,5.320000171661377,5.400000095367432,5.21999979019165,5.380000114440918,5.1044111251831055,89700
2012-06-07,5.480000019073486,5.510000228881836,5.320000171661377,5.440000057220459,5.1613383293151855,106000
2012-06-08,5.400000095367432,5.75,5.369999885559082,5.730000019073486,5.436482906341553,64400
2012-06-11,5.75,5.75,5.139999866485596,5.150000095367432,4.886192321777344,106700
2012-06-12,5.179999828338623,5.289999961853027,5.119999885559082,5.170000076293945,4.905168533325195,52600
2012-06-13,5.179999828338623,5.179999828338623,4.980000019073486,5.010000228881836,4.753364562988281,113200
2012-06-14,5.039999961853027,5.210000038146973,4.980000019073486,5.170000076293945,4.905168533325195,56700
2012-06-15,5.159999847412109,5.349999904632568,5.079999923706055,5.289999961853027,5.019021987915039,169800
2012-06-18,5.21999979019165,5.28000020980835,5.0,5.03000020980835,4.772339344024658,88000
2012-06-19,5.050000190734863,5.210000038146973,5.050000190734863,5.099999904632568,4.838754177093506,130100
2012-06-20,5.099999904632568,5.099999904632568,4.949999809265137,5.0,4.743875980377197,147200
2012-06-21,4.980000019073486,5.039999961853027,4.800000190734863,4.800000190734863,4.554121971130371,91300
2012-06-22,4.869999885559082,4.929999828338623,4.730000019073486,4.909999847412109,4.6584858894348145,446000
2012-06-25,4.789999961853027,4.789999961853027,4.630000114440918,4.760000228881836,4.516170024871826,72800
2012-06-26,4.75,4.869999885559082,4.659999847412109,4.829999923706055,4.582584381103516,72000
2012-06-27,4.880000114440918,4.880000114440918,4.789999961853027,4.840000152587891,4.592072010040283,88600
2012-06-28,4.78000020980835,4.849999904632568,4.650000095367432,4.840000152587891,4.592072010040283,95200
2012-06-29,4.980000019073486,5.079999923706055,4.849999904632568,5.03000020980835,4.772339344024658,124600
2012-07-02,5.039999961853027,5.150000095367432,4.949999809265137,5.130000114440918,4.867217540740967,108300
2012-07-03,5.110000133514404,5.260000228881836,5.099999904632568,5.170000076293945,4.905168533325195,92900
2012-07-05,5.150000095367432,5.400000095367432,5.150000095367432,5.329999923706055,5.056972503662109,50800
2012-07-06,5.25,5.340000152587891,5.199999809265137,5.260000228881836,4.990558624267578,74400
2012-07-09,5.239999771118164,5.239999771118164,4.980000019073486,5.050000190734863,4.79131555557251,49800
2012-07-10,5.099999904632568,5.099999904632568,4.900000095367432,4.960000038146973,4.705925941467285,50800
2012-07-11,4.980000019073486,5.059999942779541,4.940000057220459,4.949999809265137,4.696437835693359,51400
2012-07-12,4.900000095367432,4.960000038146973,4.75,4.929999828338623,4.677462577819824,58000
2012-07-13,4.949999809265137,5.019999980926514,4.860000133514404,4.869999885559082,4.620535373687744,53700
2012-07-16,4.829999923706055,4.849999904632568,4.739999771118164,4.789999961853027,4.544633865356445,38500
2012-07-17,4.849999904632568,4.880000114440918,4.730000019073486,4.78000020980835,4.535146236419678,45700
2012-07-18,4.78000020980835,4.78000020980835,4.639999866485596,4.659999847412109,4.421292304992676,69600
2012-07-19,4.670000076293945,4.699999809265137,4.369999885559082,4.400000095367432,4.174611568450928,64700
2012-07-20,4.340000152587891,4.340000152587891,4.090000152587891,4.190000057220459,3.9753682613372803,69900
2012-07-23,4.059999942779541,4.119999885559082,4.010000228881836,4.010000228881836,3.804589033126831,72400
2012-07-24,4.039999961853027,4.070000171661377,3.8399999141693115,3.9600000381469727,3.757150411605835,88100
2012-07-25,4.010000228881836,4.099999904632568,3.990000009536743,4.050000190734863,3.8425402641296387,50600
2012-07-26,4.150000095367432,4.179999828338623,4.0,4.059999942779541,3.852027654647827,31900
2012-07-27,4.079999923706055,4.400000095367432,4.059999942779541,4.380000114440918,4.155636310577393,66000
2012-07-30,4.369999885559082,4.369999885559082,4.230000019073486,4.260000228881836,4.041782855987549,43800
2012-07-31,4.21999979019165,4.420000076293945,4.179999828338623,4.369999885559082,4.146148204803467,82300
2012-08-01,4.389999866485596,5.949999809265137,4.210000038146973,4.389999866485596,4.165123462677002,3550300
2012-08-02,4.289999961853027,4.5,4.230000019073486,4.389999866485596,4.165123462677002,297000
2012-08-03,4.460000038146973,4.590000152587891,4.380000114440918,4.480000019073486,4.250513553619385,127900
2012-08-06,4.480000019073486,4.489999771118164,4.389999866485596,4.409999847412109,4.184099197387695,64500
2012-08-07,4.449999809265137,4.639999866485596,4.409999847412109,4.579999923706055,4.345391273498535,72200
2012-08-08,3.8499999046325684,4.010000228881836,3.680000066757202,3.9600000381469727,3.757150411605835,263800
2012-08-09,3.950000047683716,4.059999942779541,3.940000057220459,4.059999942779541,3.852027654647827,57300
2012-08-10,4.039999961853027,4.340000152587891,4.010000228881836,4.28000020980835,4.060758590698242,100800
2012-08-13,4.28000020980835,4.28000020980835,4.019999980926514,4.050000190734863,3.8425402641296387,66700
2012-08-14,4.110000133514404,4.150000095367432,4.03000020980835,4.070000171661377,3.861515522003174,30700
2012-08-15,4.03000020980835,4.099999904632568,4.03000020980835,4.070000171661377,3.861515522003174,53900
2012-08-16,4.050000190734863,4.230000019073486,4.03000020980835,4.21999979019165,4.00383186340332,105300
2012-08-17,4.199999809265137,4.360000133514404,4.199999809265137,4.360000133514404,4.136660099029541,55100
2012-08-20,4.320000171661377,4.429999828338623,4.309999942779541,4.409999847412109,4.184099197387695,60300
2012-08-21,4.449999809265137,4.489999771118164,4.380000114440918,4.429999828338623,4.203074932098389,171600
2012-08-22,4.400000095367432,4.510000228881836,4.369999885559082,4.429999828338623,4.203074932098389,94600
2012-08-23,4.409999847412109,4.409999847412109,4.300000190734863,4.309999942779541,4.089222431182861,24300
2012-08-24,4.269999980926514,4.269999980926514,4.090000152587891,4.159999847412109,3.9469053745269775,176100
2012-08-27,4.170000076293945,4.340000152587891,4.139999866485596,4.179999828338623,3.9658806324005127,141400
2012-08-28,4.159999847412109,4.28000020980835,4.130000114440918,4.199999809265137,3.984856367111206,61800
2012-08-29,4.199999809265137,4.260000228881836,4.170000076293945,4.179999828338623,3.9658806324005127,66100
2012-08-30,4.150000095367432,4.150000095367432,4.070000171661377,4.070000171661377,3.861515522003174,40300
2012-08-31,4.139999866485596,4.139999866485596,3.9800000190734863,4.019999980926514,3.814077138900757,78300
2012-09-04,4.019999980926514,4.039999961853027,3.880000114440918,3.9800000190734863,3.77612566947937,64200
2012-09-05,4.0,4.010000228881836,3.940000057220459,3.9800000190734863,3.77612566947937,52500
2012-09-06,4.010000228881836,4.010000228881836,3.869999885559082,3.950000047683716,3.7476627826690674,115000
2012-09-07,3.9700000286102295,4.010000228881836,3.9100000858306885,3.940000057220459,3.7381746768951416,92700
2012-09-10,3.930000066757202,4.0,3.930000066757202,3.990000009536743,3.785613536834717,29100
2012-09-11,3.9700000286102295,4.0,3.930000066757202,3.990000009536743,3.785613536834717,384400
2012-09-12,3.990000009536743,4.019999980926514,3.950000047683716,4.0,3.7951011657714844,100200
2012-09-13,3.9800000190734863,4.099999904632568,3.9200000762939453,4.059999942779541,3.852027654647827,145700
2012-09-14,4.090000152587891,4.150000095367432,4.050000190734863,4.139999866485596,3.9279298782348633,195700
2012-09-17,4.119999885559082,4.300000190734863,3.990000009536743,4.289999961853027,4.07024621963501,62800
2012-09-18,4.28000020980835,4.449999809265137,4.28000020980835,4.429999828338623,4.203074932098389,130400
2012-09-19,4.440000057220459,4.699999809265137,4.360000133514404,4.659999847412109,4.421292304992676,132400
2012-09-20,4.630000114440918,4.760000228881836,4.440000057220459,4.699999809265137,4.4592437744140625,71600
2012-09-21,4.809999942779541,5.0,4.739999771118164,4.800000190734863,4.554121971130371,190100
2012-09-24,4.760000228881836,4.829999923706055,4.610000133514404,4.699999809265137,4.4592437744140625,54600
2012-09-25,4.730000019073486,4.929999828338623,4.639999866485596,4.650000095367432,4.411805629730225,85100
2012-09-26,4.679999828338623,4.679999828338623,4.369999885559082,4.400000095367432,4.174611568450928,48300
2012-09-27,4.449999809265137,4.519999980926514,4.369999885559082,4.46999979019165,4.241025924682617,64700
2012-09-28,4.460000038146973,4.460000038146973,4.25,4.269999980926514,4.051270484924316,58500
2012-10-01,4.289999961853027,4.380000114440918,4.28000020980835,4.320000171661377,4.098710060119629,61600
2012-10-02,4.340000152587891,4.369999885559082,4.25,4.340000152587891,4.117685317993164,26600
2012-10-03,4.369999885559082,4.369999885559082,4.050000190734863,4.070000171661377,3.861515522003174,158700
2012-10-04,4.079999923706055,4.119999885559082,3.950000047683716,4.119999885559082,3.908954620361328,65800
2012-10-05,4.130000114440918,4.199999809265137,4.079999923706055,4.159999847412109,3.9469053745269775,23500
2012-10-08,4.139999866485596,4.179999828338623,4.070000171661377,4.070000171661377,3.861515522003174,31300
2012-10-09,4.059999942779541,4.110000133514404,3.990000009536743,3.990000009536743,3.785613536834717,39500
2012-10-10,4.019999980926514,4.050000190734863,3.9800000190734863,4.050000190734863,3.8425402641296387,27900
2012-10-11,4.110000133514404,4.139999866485596,4.070000171661377,4.110000133514404,3.8994662761688232,22500
2012-10-12,4.099999904632568,4.099999904632568,4.019999980926514,4.039999961853027,3.833052635192871,28300
2012-10-15,4.059999942779541,4.070000171661377,4.03000020980835,4.059999942779541,3.852027654647827,23200
2012-10-16,4.079999923706055,4.210000038146973,4.079999923706055,4.199999809265137,3.984856367111206,19900
2012-10-17,4.199999809265137,4.239999771118164,4.150000095367432,4.199999809265137,3.984856367111206,17900
2012-10-18,4.179999828338623,4.21999979019165,4.119999885559082,4.139999866485596,3.9279298782348633,80400
2012-10-19,4.090000152587891,4.190000057220459,3.8399999141693115,3.8499999046325684,3.652784824371338,66000
2012-10-22,3.819999933242798,3.9200000762939453,3.690000057220459,3.700000047683716,3.5104689598083496,54200
2012-10-23,3.6600000858306885,3.700000047683716,3.609999895095825,3.609999895095825,3.425078868865967,29400
2012-10-24,3.640000104904175,3.640000104904175,3.509999990463257,3.509999990463257,3.3302013874053955,20700
2012-10-25,3.569999933242798,3.6700000762939453,3.5399999618530273,3.6500000953674316,3.4630298614501953,34600
2012-10-26,3.6500000953674316,3.7799999713897705,3.640000104904175,3.740000009536743,3.54841947555542,24800
2012-10-31,3.7300000190734863,3.859999895095825,3.619999885559082,3.8299999237060547,3.6338095664978027,71900
2012-11-01,3.8299999237060547,3.8299999237060547,3.6500000953674316,3.7200000286102295,3.5294442176818848,80500
2012-11-02,3.75,4.0,3.630000114440918,3.859999895095825,3.6622729301452637,123100
2012-11-05,3.869999885559082,4.150000095367432,3.809999942779541,3.8299999237060547,3.6338095664978027,37000
2012-11-06,3.819999933242798,3.8299999237060547,3.6500000953674316,3.6600000858306885,3.472517728805542,245800
2012-11-07,3.5999999046325684,3.5999999046325684,3.2300000190734863,3.240000009536743,3.0740320682525635,1127700
2012-11-08,3.240000009536743,3.2799999713897705,3.0999999046325684,3.0999999046325684,2.9412033557891846,70500
2012-11-09,3.049999952316284,3.0999999046325684,3.0,3.0199999809265137,2.8653016090393066,81400
2012-11-12,3.0199999809265137,3.049999952316284,3.0,3.009999990463257,2.855813503265381,28600
2012-11-13,3.0,3.0399999618530273,2.930000066757202,2.940000057220459,2.7893993854522705,49900
2012-11-14,2.9200000762939453,2.9200000762939453,2.759999990463257,2.799999952316284,2.6565709114074707,77800
2012-11-15,2.7899999618530273,2.8299999237060547,2.619999885559082,2.630000114440918,2.495279312133789,63500
2012-11-16,2.609999895095825,2.740000009536743,2.390000104904175,2.630000114440918,2.495279312133789,215600
2012-11-19,2.6700000762939453,2.6700000762939453,2.4000000953674316,2.490000009536743,2.36245059967041,189600
2012-11-20,2.4700000286102295,2.5,2.430000066757202,2.5,2.3719379901885986,84600
2012-11-21,2.5,2.6500000953674316,2.5,2.559999942779541,2.4288647174835205,64900
2012-11-23,2.559999942779541,2.640000104904175,2.4600000381469727,2.5,2.3719379901885986,49000
2012-11-26,2.4800000190734863,2.5199999809265137,2.4000000953674316,2.430000066757202,2.3055241107940674,83100
2012-11-27,2.4200000762939453,2.640000104904175,2.4200000762939453,2.5,2.3719379901885986,135800
2012-11-28,2.4800000190734863,2.559999942779541,2.4600000381469727,2.5,2.3719379901885986,65500
2012-11-29,2.5,2.700000047683716,2.4800000190734863,2.490000009536743,2.36245059967041,121200
2012-11-30,2.5,2.549999952316284,2.5,2.5199999809265137,2.390913963317871,124300
2012-12-03,2.549999952316284,2.5799999237060547,2.490000009536743,2.5,2.3719379901885986,69200
2012-12-04,2.509999990463257,2.549999952316284,2.4700000286102295,2.490000009536743,2.36245059967041,45900
2012-12-05,2.5,2.5799999237060547,2.490000009536743,2.509999990463257,2.3814258575439453,98300
2012-12-06,2.509999990463257,2.549999952316284,2.4800000190734863,2.490000009536743,2.36245059967041,39900
2012-12-07,2.5199999809265137,2.5199999809265137,2.2300000190734863,2.2899999618530273,2.1726956367492676,64000
2012-12-10,2.309999942779541,2.309999942779541,2.240000009536743,2.25,2.13474440574646,74100
2012-12-11,2.2799999713897705,2.3399999141693115,2.200000047683716,2.25,2.13474440574646,146700
2012-12-12,2.259999990463257,2.3399999141693115,2.2200000286102295,2.2300000190734863,2.115769386291504,95300
2012-12-13,2.240000009536743,2.299999952316284,2.200000047683716,2.2300000190734863,2.115769386291504,45600
2012-12-14,2.2100000381469727,2.240000009536743,2.190000057220459,2.200000047683716,2.087305784225464,92400
2012-12-17,2.200000047683716,2.299999952316284,2.200000047683716,2.25,2.13474440574646,131800
2012-12-18,2.259999990463257,2.3499999046325684,2.259999990463257,2.319999933242798,2.2011590003967285,220000
2012-12-19,2.3299999237060547,2.3499999046325684,2.299999952316284,2.319999933242798,2.2011590003967285,203800
2012-12-20,2.3399999141693115,2.630000114440918,2.3399999141693115,2.609999895095825,2.4763033390045166,419900
2012-12-21,2.569999933242798,2.7100000381469727,2.5399999618530273,2.5899999141693115,2.4573280811309814,356000
2012-12-24,2.5899999141693115,2.630000114440918,2.5299999713897705,2.5399999618530273,2.4098894596099854,71500
2012-12-26,2.5399999618530273,2.5999999046325684,2.490000009536743,2.490000009536743,2.36245059967041,119200
2012-12-27,2.490000009536743,2.5199999809265137,2.390000104904175,2.4200000762939453,2.2960360050201416,109200
2012-12-28,2.4200000762939453,2.490000009536743,2.4200000762939453,2.440000057220459,2.315011501312256,90800
2012-12-31,2.440000057220459,2.5899999141693115,2.4200000762939453,2.559999942779541,2.4288647174835205,245800
2013-01-02,2.680000066757202,2.799999952316284,2.680000066757202,2.7799999713897705,2.6375956535339355,244200
2013-01-03,2.809999942779541,2.809999942779541,2.5899999141693115,2.619999885559082,2.4857912063598633,135000
2013-01-04,2.640000104904175,2.7200000286102295,2.640000104904175,2.700000047683716,2.5616931915283203,139100
2013-01-07,2.680000066757202,2.759999990463257,2.680000066757202,2.700000047683716,2.5616931915283203,120000
2013-01-08,2.7100000381469727,2.759999990463257,2.640000104904175,2.6500000953674316,2.5142548084259033,132400
2013-01-09,2.6700000762939453,2.700000047683716,2.619999885559082,2.630000114440918,2.495279312133789,42800
2013-01-10,2.6500000953674316,2.6600000858306885,2.609999895095825,2.619999885559082,2.4857912063598633,36400
2013-01-11,2.630000114440918,2.640000104904175,2.559999942779541,2.559999942779541,2.4288647174835205,60300
2013-01-14,2.549999952316284,2.5799999237060547,2.4800000190734863,2.5799999237060547,2.4478402137756348,147900
2013-01-15,2.549999952316284,2.5899999141693115,2.509999990463257,2.5199999809265137,2.390913963317871,71000
2013-01-16,2.5,2.559999942779541,2.430000066757202,2.430000066757202,2.3055241107940674,43300
2013-01-17,2.450000047683716,2.4700000286102295,2.4000000953674316,2.4200000762939453,2.2960360050201416,65100
2013-01-18,2.4100000858306885,2.4200000762939453,2.3399999141693115,2.359999895095825,2.239109754562378,136100
2013-01-22,2.3499999046325684,2.390000104904175,2.3299999237060547,2.369999885559082,2.2485973834991455,89800
2013-01-23,2.380000114440918,2.4200000762939453,2.369999885559082,2.4100000858306885,2.286548614501953,154900
2013-01-24,2.4200000762939453,2.619999885559082,2.4200000762939453,2.5899999141693115,2.4573280811309814,354900
2013-01-25,2.6500000953674316,2.6500000953674316,2.4800000190734863,2.5199999809265137,2.390913963317871,155700
2013-01-28,2.5299999713897705,2.569999933242798,2.440000057220459,2.5,2.3719379901885986,158000
2013-01-29,2.490000009536743,2.5399999618530273,2.4200000762939453,2.440000057220459,2.315011501312256,106100
2013-01-30,2.430000066757202,2.450000047683716,2.390000104904175,2.430000066757202,2.3055241107940674,104500
2013-01-31,2.4200000762939453,2.450000047683716,2.390000104904175,2.390000104904175,2.267573118209839,63500
2013-02-01,2.440000057220459,2.5199999809265137,2.4000000953674316,2.5199999809265137,2.390913963317871,147800
2013-02-04,2.509999990463257,2.509999990463257,2.4000000953674316,2.4200000762939453,2.2960360050201416,85600
2013-02-05,2.430000066757202,2.5199999809265137,2.4100000858306885,2.5199999809265137,2.390913963317871,142800
2013-02-06,2.5,2.549999952316284,2.430000066757202,2.5,2.3719379901885986,145100
2013-02-07,2.490000009536743,2.5,2.3499999046325684,2.390000104904175,2.267573118209839,117700
2013-02-08,2.4000000953674316,2.4600000381469727,2.3499999046325684,2.359999895095825,2.239109754562378,95500
2013-02-11,2.359999895095825,2.4000000953674316,2.309999942779541,2.319999933242798,2.2011590003967285,263200
2013-02-12,2.319999933242798,2.3399999141693115,2.2699999809265137,2.2899999618530273,2.1726956367492676,179500
2013-02-13,2.2899999618530273,2.309999942779541,2.2699999809265137,2.2799999713897705,2.1632080078125,83500
2013-02-14,2.2799999713897705,2.4200000762939453,2.2699999809265137,2.3499999046325684,2.2296218872070312,56800
2013-02-15,2.380000114440918,2.390000104904175,2.2899999618530273,2.380000114440918,2.258085012435913,106800
2013-02-19,2.380000114440918,2.4000000953674316,2.3299999237060547,2.4000000953674316,2.2770609855651855,122600
2013-02-20,2.4000000953674316,2.430000066757202,2.3299999237060547,2.3499999046325684,2.2296218872070312,153200
2013-02-21,2.359999895095825,2.549999952316284,2.359999895095825,2.369999885559082,2.2485973834991455,147800
2013-02-22,2.390000104904175,2.430000066757202,2.3299999237060547,2.369999885559082,2.2485973834991455,145100
2013-02-25,2.369999885559082,2.4100000858306885,2.3299999237060547,2.3299999237060547,2.210646152496338,136400
2013-02-26,2.3399999141693115,2.380000114440918,2.1500000953674316,2.1700000762939453,2.058842658996582,312300
2013-02-27,2.1700000762939453,2.319999933242798,2.1700000762939453,2.2699999809265137,2.1537201404571533,87100
2013-02-28,2.259999990463257,2.319999933242798,2.140000104904175,2.25,2.13474440574646,387200
2013-03-01,2.190000057220459,2.2200000286102295,2.119999885559082,2.140000104904175,2.030379295349121,184200
2013-03-04,2.200000047683716,2.3299999237060547,2.180000066757202,2.2799999713897705,2.1632080078125,400800
2013-03-05,2.2899999618530273,2.309999942779541,2.180000066757202,2.2300000190734863,2.115769386291504,435600
2013-03-06,2.240000009536743,2.4700000286102295,2.2300000190734863,2.430000066757202,2.3055241107940674,383700
2013-03-07,2.4100000858306885,2.490000009536743,2.390000104904175,2.4700000286102295,2.343475103378296,128100
2013-03-08,2.5199999809265137,2.740000009536743,2.4600000381469727,2.700000047683716,2.5616931915283203,444400
2013-03-11,2.680000066757202,2.869999885559082,2.5899999141693115,2.7799999713897705,2.6375956535339355,325900
2013-03-12,2.75,2.8299999237060547,2.7100000381469727,2.7799999713897705,2.6375956535339355,166800
2013-03-13,2.7699999809265137,2.8499999046325684,2.759999990463257,2.7799999713897705,2.6375956535339355,189600
2013-03-14,2.7799999713897705,2.819999933242798,2.75,2.819999933242798,2.675546169281006,199000
2013-03-15,2.809999942779541,2.8499999046325684,2.7799999713897705,2.809999942779541,2.6660587787628174,395500
2013-03-18,2.759999990463257,2.809999942779541,2.7300000190734863,2.7899999618530273,2.647083044052124,88500
2013-03-19,2.7899999618530273,2.799999952316284,2.759999990463257,2.7699999809265137,2.6281075477600098,107600
2013-03-20,2.8299999237060547,2.8499999046325684,2.7699999809265137,2.7899999618530273,2.647083044052124,154800
2013-03-21,2.7899999618530273,2.819999933242798,2.6700000762939453,2.680000066757202,2.542717695236206,179500
2013-03-22,2.690000057220459,2.809999942779541,2.6600000858306885,2.7699999809265137,2.6281075477600098,106200
2013-03-25,2.7699999809265137,2.7899999618530273,2.700000047683716,2.700000047683716,2.5616931915283203,98600
2013-03-26,2.740000009536743,2.940000057220459,2.740000009536743,2.9000000953674316,2.751448392868042,562500
2013-03-27,2.9200000762939453,3.0299999713897705,2.9000000953674316,3.0299999713897705,2.8747894763946533,605000
2013-03-28,3.0299999713897705,3.0299999713897705,2.930000066757202,2.9800000190734863,2.827350616455078,230600
2013-04-01,2.9700000286102295,2.9800000190734863,2.9200000762939453,2.950000047683716,2.798887252807617,205000
2013-04-02,2.9100000858306885,2.940000057220459,2.880000114440918,2.880000114440918,2.7324728965759277,258700
2013-04-03,2.869999885559082,2.930000066757202,2.8499999046325684,2.890000104904175,2.7419607639312744,199500
2013-04-04,2.869999885559082,2.9000000953674316,2.8499999046325684,2.880000114440918,2.7324728965759277,233600
2013-04-05,2.7899999618530273,2.869999885559082,2.759999990463257,2.8499999046325684,2.704009532928467,303100
2013-04-08,2.869999885559082,2.9800000190734863,2.7699999809265137,2.9800000190734863,2.827350616455078,546900
2013-04-09,2.9800000190734863,3.0,2.880000114440918,2.880000114440918,2.7324728965759277,118900
2013-04-10,2.880000114440918,3.0299999713897705,2.859999895095825,2.9800000190734863,2.827350616455078,262500
2013-04-11,2.940000057220459,2.990000009536743,2.8399999141693115,2.890000104904175,2.7419607639312744,195100
2013-04-12,2.869999885559082,2.950000047683716,2.859999895095825,2.950000047683716,2.798887252807617,139100
2013-04-15,2.930000066757202,3.009999990463257,2.759999990463257,2.8299999237060547,2.6850342750549316,313500
2013-04-16,2.8499999046325684,2.930000066757202,2.809999942779541,2.9200000762939453,2.7704241275787354,97200
2013-04-17,2.9200000762939453,3.0199999809265137,2.859999895095825,2.890000104904175,2.7419607639312744,160500
2013-04-18,2.890000104904175,2.950000047683716,2.859999895095825,2.890000104904175,2.7419607639312744,151000
2013-04-19,2.890000104904175,3.0199999809265137,2.8299999237060547,2.9600000381469727,2.808375120162964,162500
2013-04-22,3.0,3.240000009536743,2.9200000762939453,3.130000114440918,2.9696667194366455,365100
2013-04-23,3.2300000190734863,3.380000114440918,3.2300000190734863,3.259999990463257,3.0930075645446777,226900
2013-04-24,3.2699999809265137,3.299999952316284,3.1700000762939453,3.200000047683716,3.036081075668335,123200
2013-04-25,3.200000047683716,3.3499999046325684,3.190000057220459,3.319999933242798,3.1499338150024414,242800
2013-04-26,3.2899999618530273,3.299999952316284,3.25,3.259999990463257,3.0930075645446777,306000
2013-04-29,3.2899999618530273,3.309999942779541,3.2699999809265137,3.2899999618530273,3.1214709281921387,169500
2013-04-30,3.299999952316284,3.299999952316284,3.2100000381469727,3.2100000381469727,3.0455689430236816,238100
2013-05-01,3.2100000381469727,3.25,3.0799999237060547,3.0799999237060547,2.9222278594970703,241600
2013-05-02,3.0899999141693115,3.1700000762939453,3.059999942779541,3.0899999141693115,2.931715726852417,132100
2013-05-03,3.130000114440918,3.2899999618530273,3.130000114440918,3.259999990463257,3.0930075645446777,216100
2013-05-06,3.299999952316284,3.299999952316284,3.2799999713897705,3.299999952316284,3.1309587955474854,96800
2013-05-07,3.319999933242798,3.319999933242798,3.1700000762939453,3.2699999809265137,3.1024956703186035,359400
2013-05-08,3.319999933242798,3.319999933242798,3.200000047683716,3.299999952316284,3.1309587955474854,274400
2013-05-09,3.299999952316284,3.309999942779541,3.2300000190734863,3.240000009536743,3.0740320682525635,252300
2013-05-10,3.2799999713897705,3.299999952316284,3.25,3.2899999618530273,3.1214709281921387,71800
2013-05-13,3.2899999618530273,3.309999942779541,3.2699999809265137,3.309999942779541,3.140446424484253,467900
2013-05-14,3.299999952316284,3.359999895095825,3.2899999618530273,3.299999952316284,3.1309587955474854,427000
2013-05-15,3.2799999713897705,3.5,3.2699999809265137,3.490000009536743,3.3112258911132812,195700
2013-05-16,3.4700000286102295,3.5899999141693115,3.450000047683716,3.490000009536743,3.3112258911132812,269800
2013-05-17,3.509999990463257,3.569999933242798,3.5,3.5399999618530273,3.3586647510528564,515800
2013-05-20,3.509999990463257,3.880000114440918,3.509999990463257,3.7699999809265137,3.57688307762146,360000
2013-05-21,3.7799999713897705,3.799999952316284,3.7100000381469727,3.740000009536743,3.54841947555542,474400
2013-05-22,3.7300000190734863,3.799999952316284,3.640000104904175,3.690000057220459,3.500981092453003,352600
2013-05-23,3.619999885559082,3.7899999618530273,3.549999952316284,3.690000057220459,3.500981092453003,353000
2013-05-24,3.6700000762939453,3.7300000190734863,3.6700000762939453,3.690000057220459,3.500981092453003,380000
2013-05-28,3.7699999809265137,3.7899999618530273,3.700000047683716,3.7300000190734863,3.5389320850372314,229700
2013-05-29,3.7100000381469727,3.759999990463257,3.7100000381469727,3.7200000286102295,3.5294442176818848,286300
2013-05-30,3.740000009536743,3.8399999141693115,3.7100000381469727,3.7899999618530273,3.5958588123321533,467600
2013-05-31,3.7799999713897705,3.940000057220459,3.7200000286102295,3.819999933242798,3.624321937561035,674900
2013-06-03,3.869999885559082,4.099999904632568,3.740000009536743,4.090000152587891,3.880491256713867,804200
2013-06-04,4.119999885559082,4.25,4.010000228881836,4.090000152587891,3.880491256713867,684800
2013-06-05,4.070000171661377,4.090000152587891,3.880000114440918,3.990000009536743,3.785613536834717,194900
2013-06-06,3.990000009536743,4.019999980926514,3.890000104904175,4.0,3.7951011657714844,152300
2013-06-07,4.010000228881836,4.010000228881836,3.859999895095825,3.9100000858306885,3.709711790084839,574900
2013-06-10,3.950000047683716,4.099999904632568,3.880000114440918,4.090000152587891,3.880491256713867,129200
2013-06-11,4.039999961853027,4.119999885559082,3.859999895095825,3.859999895095825,3.6622729301452637,277100
2013-06-12,3.890000104904175,3.9200000762939453,3.8499999046325684,3.880000114440918,3.681248426437378,116600
2013-06-13,3.890000104904175,3.9100000858306885,3.75,3.7799999713897705,3.5863711833953857,228300
2013-06-14,3.7799999713897705,3.8299999237060547,3.700000047683716,3.7300000190734863,3.5389320850372314,158600
2013-06-17,3.7899999618530273,3.799999952316284,3.690000057220459,3.700000047683716,3.5104689598083496,117400
2013-06-18,3.700000047683716,3.7300000190734863,3.630000114440918,3.6500000953674316,3.4630298614501953,142100
2013-06-19,3.640000104904175,3.7300000190734863,3.5999999046325684,3.700000047683716,3.5104689598083496,115500
2013-06-20,3.609999895095825,3.7100000381469727,3.609999895095825,3.6600000858306885,3.472517728805542,188000
2013-06-21,3.690000057220459,3.759999990463257,3.6700000762939453,3.759999990463257,3.5673952102661133,262700
2013-06-24,3.7100000381469727,3.890000104904175,3.680000066757202,3.8499999046325684,3.652784824371338,395900
2013-06-25,3.890000104904175,3.950000047683716,3.869999885559082,3.9100000858306885,3.709711790084839,710600
2013-06-26,3.950000047683716,3.9700000286102295,3.9100000858306885,3.950000047683716,3.7476627826690674,161100
2013-06-27,3.9800000190734863,4.050000190734863,3.930000066757202,4.010000228881836,3.804589033126831,140100
2013-06-28,4.0,4.090000152587891,4.0,4.0,3.7951011657714844,434100
2013-07-01,4.050000190734863,4.079999923706055,4.0,4.059999942779541,3.852027654647827,105800
2013-07-02,4.090000152587891,4.150000095367432,4.070000171661377,4.130000114440918,3.918442487716675,87400
2013-07-03,4.130000114440918,4.159999847412109,4.110000133514404,4.130000114440918,3.918442487716675,30400
2013-07-05,4.199999809265137,4.239999771118164,4.139999866485596,4.230000019073486,4.013319969177246,120100
2013-07-08,4.25,4.309999942779541,4.21999979019165,4.300000190734863,4.0797343254089355,144900
2013-07-09,4.349999904632568,4.349999904632568,4.269999980926514,4.349999904632568,4.127172470092773,131600
2013-07-10,4.349999904632568,4.349999904632568,4.179999828338623,4.269999980926514,4.051270484924316,138900
2013-07-11,4.329999923706055,4.519999980926514,4.289999961853027,4.440000057220459,4.212562561035156,439700
2013-07-12,4.449999809265137,4.519999980926514,4.440000057220459,4.449999809265137,4.222050666809082,195800
2013-07-15,4.46999979019165,4.690000057220459,4.46999979019165,4.639999866485596,4.402318000793457,202000
2013-07-16,4.630000114440918,4.75,4.599999904632568,4.730000019073486,4.487707138061523,116400
2013-07-17,4.75,4.769999980926514,4.610000133514404,4.630000114440918,4.3928303718566895,135900
2013-07-18,4.670000076293945,4.820000171661377,4.659999847412109,4.71999979019165,4.478219509124756,170600
2013-07-19,4.730000019073486,4.789999961853027,4.679999828338623,4.710000038146973,4.468731880187988,204400
2013-07-22,4.730000019073486,4.789999961853027,4.71999979019165,4.78000020980835,4.535146236419678,274600
2013-07-23,4.800000190734863,4.809999942779541,4.75,4.769999980926514,4.525658130645752,97900
2013-07-24,4.789999961853027,4.800000190734863,4.690000057220459,4.75,4.506682395935059,177600
2013-07-25,4.730000019073486,4.849999904632568,4.71999979019165,4.840000152587891,4.592072010040283,340200
2013-07-26,4.800000190734863,5.039999961853027,4.760000228881836,4.960000038146973,4.705925941467285,177900
2013-07-29,4.940000057220459,4.980000019073486,4.690000057220459,4.730000019073486,4.487707138061523,199200
2013-07-30,4.760000228881836,4.849999904632568,4.75,4.800000190734863,4.554121971130371,55600
2013-07-31,4.829999923706055,4.869999885559082,4.730000019073486,4.769999980926514,4.525658130645752,160900
2013-08-01,4.800000190734863,4.909999847412109,4.75,4.889999866485596,4.6395111083984375,90500
2013-08-02,4.880000114440918,4.96999979019165,4.849999904632568,4.940000057220459,4.686950206756592,63800
2013-08-05,4.920000076293945,4.920000076293945,4.829999923706055,4.869999885559082,4.620535373687744,129600
2013-08-06,4.869999885559082,4.900000095367432,4.71999979019165,4.860000133514404,4.611048221588135,151400
2013-08-07,4.880000114440918,5.070000171661377,4.800000190734863,4.809999942779541,4.5636091232299805,251600
2013-08-08,4.860000133514404,5.150000095367432,4.860000133514404,5.150000095367432,4.886192321777344,206300
2013-08-09,5.150000095367432,5.190000057220459,5.070000171661377,5.139999866485596,4.876704692840576,106500
2013-08-12,5.139999866485596,5.179999828338623,5.090000152587891,5.150000095367432,4.886192321777344,610600
2013-08-13,5.150000095367432,5.170000076293945,5.110000133514404,5.159999847412109,4.8956804275512695,261400
2013-08-14,5.159999847412109,5.21999979019165,5.139999866485596,5.170000076293945,4.905168533325195,231700
2013-08-15,5.099999904632568,5.110000133514404,4.869999885559082,5.059999942779541,4.800802707672119,187000
2013-08-16,5.019999980926514,5.170000076293945,4.949999809265137,5.139999866485596,4.876704692840576,158200
2013-08-19,5.179999828338623,5.179999828338623,5.070000171661377,5.130000114440918,4.867217540740967,221600
2013-08-20,5.119999885559082,5.239999771118164,5.03000020980835,5.079999923706055,4.819778919219971,105800
2013-08-21,5.050000190734863,5.059999942779541,4.920000076293945,4.980000019073486,4.72490119934082,83200
2013-08-22,5.010000228881836,5.159999847412109,5.010000228881836,5.099999904632568,4.838754177093506,80200
2013-08-23,5.099999904632568,5.099999904632568,4.980000019073486,4.989999771118164,4.7343878746032715,58800
2013-08-26,4.989999771118164,5.099999904632568,4.940000057220459,4.940000057220459,4.686950206756592,99100
2013-08-27,4.880000114440918,4.929999828338623,4.46999979019165,4.489999771118164,4.2600016593933105,295100
2013-08-28,4.5,4.710000038146973,4.420000076293945,4.579999923706055,4.345391273498535,161000
2013-08-29,4.590000152587891,4.610000133514404,4.510000228881836,4.570000171661377,4.335903644561768,83100
2013-08-30,4.550000190734863,4.570000171661377,4.21999979019165,4.269999980926514,4.051270484924316,263500
2013-09-03,4.309999942779541,4.460000038146973,4.300000190734863,4.400000095367432,4.174611568450928,212000
2013-09-04,4.389999866485596,4.670000076293945,4.380000114440918,4.519999980926514,4.2884650230407715,114300
2013-09-05,4.519999980926514,4.599999904632568,4.440000057220459,4.570000171661377,4.335903644561768,114800
2013-09-06,4.599999904632568,4.630000114440918,4.46999979019165,4.53000020980835,4.297952651977539,46300
2013-09-09,4.539999961853027,4.730000019073486,4.5,4.730000019073486,4.487707138061523,126300
2013-09-10,4.769999980926514,4.849999904632568,4.659999847412109,4.670000076293945,4.430781364440918,86200
2013-09-11,4.650000095367432,4.650000095367432,4.420000076293945,4.420000076293945,4.193587303161621,118000
2013-09-12,4.440000057220459,4.489999771118164,4.360000133514404,4.409999847412109,4.184099197387695,112800
2013-09-13,4.440000057220459,4.539999961853027,4.320000171661377,4.53000020980835,4.297952651977539,65700
2013-09-16,4.579999923706055,4.579999923706055,4.400000095367432,4.489999771118164,4.2600016593933105,122700
2013-09-17,4.449999809265137,4.619999885559082,4.449999809265137,4.610000133514404,4.373855113983154,172800
2013-09-18,4.599999904632568,4.949999809265137,4.590000152587891,4.869999885559082,4.620535373687744,206900
2013-09-19,4.900000095367432,4.900000095367432,4.739999771118164,4.78000020980835,4.535146236419678,181000
2013-09-20,4.820000171661377,4.820000171661377,4.639999866485596,4.760000228881836,4.516170024871826,272900
2013-09-23,4.769999980926514,4.769999980926514,4.570000171661377,4.630000114440918,4.3928303718566895,141100
2013-09-24,4.650000095367432,4.809999942779541,4.510000228881836,4.75,4.506682395935059,81900
2013-09-25,4.789999961853027,4.920000076293945,4.739999771118164,4.760000228881836,4.516170024871826,104100
2013-09-26,4.789999961853027,4.809999942779541,4.630000114440918,4.710000038146973,4.468731880187988,89800
2013-09-27,4.659999847412109,4.670000076293945,4.570000171661377,4.610000133514404,4.373855113983154,64700
2013-09-30,4.550000190734863,4.610000133514404,4.449999809265137,4.590000152587891,4.354878902435303,154700
2013-10-01,4.579999923706055,4.880000114440918,4.579999923706055,4.849999904632568,4.601560115814209,203900
2013-10-02,4.840000152587891,4.869999885559082,4.730000019073486,4.800000190734863,4.554121971130371,155400
2013-10-03,4.800000190734863,4.889999866485596,4.739999771118164,4.880000114440918,4.630023002624512,158200
2013-10-04,4.860000133514404,5.099999904632568,4.849999904632568,5.010000228881836,4.753364562988281,307400
2013-10-07,4.960000038146973,5.099999904632568,4.900000095367432,5.079999923706055,4.819778919219971,206500
2013-10-08,5.050000190734863,5.099999904632568,5.010000228881836,5.03000020980835,4.772339344024658,213300
2013-10-09,5.039999961853027,5.099999904632568,4.929999828338623,5.03000020980835,4.772339344024658,208200
2013-10-10,5.090000152587891,5.099999904632568,4.96999979019165,5.070000171661377,4.810291290283203,120000
2013-10-11,5.0,5.039999961853027,4.960000038146973,5.03000020980835,4.772339344024658,144100
2013-10-14,4.989999771118164,5.050000190734863,4.960000038146973,5.03000020980835,4.772339344024658,195000
2013-10-15,5.03000020980835,5.059999942779541,4.989999771118164,5.03000020980835,4.772339344024658,184900
2013-10-16,5.059999942779541,5.25,5.019999980926514,5.230000019073486,4.962094783782959,661600
2013-10-17,5.25,5.710000038146973,5.239999771118164,5.699999809265137,5.408019065856934,492200
2013-10-18,5.800000190734863,5.800000190734863,5.599999904632568,5.699999809265137,5.408019065856934,268600
2013-10-21,5.760000228881836,5.869999885559082,5.670000076293945,5.869999885559082,5.569310665130615,736500
2013-10-22,5.909999847412109,6.179999828338623,5.909999847412109,6.110000133514404,5.797017574310303,459100
2013-10-23,6.090000152587891,6.269999980926514,6.019999980926514,6.090000152587891,5.778041839599609,419600
2013-10-24,6.150000095367432,6.239999771118164,6.110000133514404,6.130000114440918,5.81599235534668,241000
2013-10-25,6.159999847412109,6.190000057220459,6.059999942779541,6.119999885559082,5.80650520324707,158700
2013-10-28,6.170000076293945,6.309999942779541,6.130000114440918,6.230000019073486,5.91087007522583,349500
2013-10-29,6.210000038146973,6.329999923706055,6.199999809265137,6.239999771118164,5.920358180999756,186500
2013-10-30,6.28000020980835,6.329999923706055,6.210000038146973,6.260000228881836,5.939333438873291,213100
2013-10-31,6.300000190734863,6.340000152587891,6.239999771118164,6.239999771118164,5.920358180999756,251200
2013-11-01,6.230000019073486,6.340000152587891,6.130000114440918,6.300000190734863,5.977284908294678,327800
2013-11-04,6.300000190734863,6.400000095367432,6.199999809265137,6.329999923706055,6.0057477951049805,323800
2013-11-05,6.329999923706055,6.639999866485596,6.25,6.639999866485596,6.299867630004883,486000
2013-11-06,6.670000076293945,6.710000038146973,6.400000095367432,6.510000228881836,6.176527500152588,234900
2013-11-07,6.519999980926514,7.5,6.519999980926514,7.179999828338623,6.812206745147705,937700
2013-11-08,7.179999828338623,8.170000076293945,7.179999828338623,8.010000228881836,7.5996904373168945,839400
2013-11-11,8.050000190734863,8.460000038146973,7.840000152587891,8.149999618530273,7.732518196105957,429500
2013-11-12,8.130000114440918,8.210000038146973,8.039999961853027,8.100000381469727,7.685080528259277,295600
2013-11-13,8.010000228881836,8.210000038146973,8.010000228881836,8.09000015258789,7.675592422485352,240900
2013-11-14,8.109999656677246,8.430000305175781,7.900000095367432,7.920000076293945,7.51430082321167,489800
2013-11-15,7.920000076293945,8.149999618530273,7.920000076293945,8.100000381469727,7.685080528259277,418700
2013-11-18,8.199999809265137,8.649999618530273,8.119999885559082,8.479999542236328,8.045614242553711,485400
2013-11-19,8.5,8.890000343322754,8.380000114440918,8.479999542236328,8.045614242553711,300500
2013-11-20,8.489999771118164,8.649999618530273,8.369999885559082,8.489999771118164,8.055102348327637,223600
2013-11-21,8.550000190734863,8.65999984741211,8.430000305175781,8.609999656677246,8.16895580291748,188100
2013-11-22,8.630000114440918,8.649999618530273,8.489999771118164,8.600000381469727,8.159468650817871,228500
2013-11-25,8.640000343322754,8.65999984741211,8.520000457763672,8.569999694824219,8.131003379821777,308100
2013-11-26,8.59000015258789,8.649999618530273,8.420000076293945,8.529999732971191,8.093053817749023,305400
2013-11-27,8.489999771118164,8.550000190734863,8.460000038146973,8.5,8.064590454101562,181000
2013-11-29,8.539999961853027,8.649999618530273,8.5,8.609999656677246,8.16895580291748,246500
2013-12-02,8.609999656677246,8.670000076293945,8.25,8.479999542236328,8.045614242553711,529400
2013-12-03,8.470000267028809,8.649999618530273,8.029999732971191,8.119999885559082,7.704055309295654,493300
2013-12-04,8.0600004196167,8.630000114440918,8.0600004196167,8.569999694824219,8.131003379821777,272800
2013-12-05,8.539999961853027,8.649999618530273,8.369999885559082,8.600000381469727,8.159468650817871,344900
2013-12-06,8.649999618530273,8.979999542236328,8.59000015258789,8.9399995803833,8.482051849365234,879900
2013-12-09,9.020000457763672,9.350000381469727,8.609999656677246,8.649999618530273,8.206907272338867,356900
2013-12-10,8.680000305175781,8.850000381469727,8.579999923706055,8.619999885559082,8.178444862365723,283300
2013-12-11,8.649999618530273,8.729999542236328,8.15999984741211,8.229999542236328,7.808420181274414,267800
2013-12-12,8.210000038146973,8.3100004196167,8.020000457763672,8.079999923706055,7.666105270385742,215700
2013-12-13,8.130000114440918,8.470000267028809,8.100000381469727,8.350000381469727,7.922274589538574,369300
2013-12-16,8.34000015258789,8.369999885559082,8.09000015258789,8.149999618530273,7.732518196105957,247200
2013-12-17,8.130000114440918,8.15999984741211,7.610000133514404,7.949999809265137,7.5427632331848145,385300
2013-12-18,7.989999771118164,8.029999732971191,7.639999866485596,7.949999809265137,7.5427632331848145,202800
2013-12-19,7.949999809265137,8.010000228881836,7.78000020980835,7.940000057220459,7.533275604248047,200100
2013-12-20,7.96999979019165,8.100000381469727,7.690000057220459,8.039999961853027,7.628154277801514,489600
2013-12-23,8.050000190734863,8.420000076293945,7.949999809265137,8.210000038146973,7.789445400238037,340600
2013-12-24,8.25,8.390000343322754,7.800000190734863,7.920000076293945,7.51430082321167,598700
2013-12-26,7.949999809265137,8.170000076293945,7.900000095367432,7.909999847412109,7.504812717437744,341000
2013-12-27,7.960000038146973,8.100000381469727,7.820000171661377,7.96999979019165,7.561738967895508,159600
2013-12-30,7.940000057220459,8.170000076293945,7.889999866485596,8.130000114440918,7.713542938232422,309200
2013-12-31,8.149999618530273,8.319999694824219,8.069999694824219,8.220000267028809,7.7989325523376465,247000
2014-01-02,8.229999542236328,8.25,7.949999809265137,8.079999923706055,7.666105270385742,319400
2014-01-03,8.079999923706055,8.25,8.050000190734863,8.140000343322754,7.723031044006348,129700
2014-01-06,8.149999618530273,8.390000343322754,8.149999618530273,8.220000267028809,7.7989325523376465,423600
2014-01-07,8.279999732971191,8.449999809265137,8.229999542236328,8.369999885559082,7.941248893737793,271900
2014-01-08,8.359999656677246,8.380000114440918,8.149999618530273,8.270000457763672,7.846372127532959,216900
2014-01-09,8.289999961853027,8.350000381469727,8.270000457763672,8.279999732971191,7.855859756469727,141100
2014-01-10,8.319999694824219,8.510000228881836,8.170000076293945,8.279999732971191,7.855859756469727,257900
2014-01-13,8.289999961853027,8.359999656677246,7.679999828338623,7.78000020980835,7.381472587585449,309600
2014-01-14,7.840000152587891,7.96999979019165,7.800000190734863,7.940000057220459,7.533275604248047,175200
2014-01-15,8.0,8.069999694824219,7.860000133514404,8.0,7.590202331542969,243300
2014-01-16,8.029999732971191,8.100000381469727,7.96999979019165,8.100000381469727,7.685080528259277,208600
2014-01-17,8.069999694824219,8.069999694824219,7.230000019073486,7.590000152587891,7.201205253601074,469900
2014-01-21,7.599999904632568,7.78000020980835,7.510000228881836,7.570000171661377,7.182229995727539,236400
2014-01-22,7.599999904632568,7.639999866485596,7.389999866485596,7.559999942779541,7.1727423667907715,208200
2014-01-23,7.559999942779541,7.579999923706055,7.269999980926514,7.349999904632568,6.973498821258545,197300
2014-01-24,7.269999980926514,7.309999942779541,6.869999885559082,6.989999771118164,6.631938934326172,245600
2014-01-27,7.059999942779541,7.170000076293945,6.75,7.119999885559082,6.755280494689941,296800
2014-01-28,7.150000095367432,7.170000076293945,6.880000114440918,7.079999923706055,6.717329502105713,263800
2014-01-29,7.03000020980835,7.349999904632568,7.010000228881836,7.070000171661377,6.707841873168945,289800
2014-01-30,7.110000133514404,7.619999885559082,6.840000152587891,7.550000190734863,7.163254261016846,379100
2014-01-31,7.380000114440918,7.849999904632568,7.21999979019165,7.579999923706055,7.191717624664307,407100
2014-02-03,7.590000152587891,7.590000152587891,6.789999961853027,6.980000019073486,6.6224517822265625,323200
2014-02-04,7.059999942779541,7.110000133514404,6.849999904632568,7.019999980926514,6.660402774810791,266800
2014-02-05,7.0,7.0,6.590000152587891,6.75,6.404232978820801,257200
2014-02-06,6.809999942779541,7.019999980926514,6.75,6.989999771118164,6.631938934326172,248700
2014-02-07,7.010000228881836,7.159999847412109,6.960000038146973,7.159999847412109,6.793231964111328,176300
2014-02-10,7.179999828338623,7.179999828338623,6.980000019073486,7.170000076293945,6.802719593048096,162600
2014-02-11,7.159999847412109,7.230000019073486,7.070000171661377,7.090000152587891,6.726818084716797,167700
2014-02-12,7.090000152587891,7.320000171661377,7.019999980926514,7.110000133514404,6.745792865753174,120500
2014-02-13,7.059999942779541,7.269999980926514,7.010000228881836,7.190000057220459,6.821694850921631,76900
2014-02-14,7.199999809265137,7.199999809265137,6.940000057220459,7.130000114440918,6.764768123626709,188200
2014-02-18,7.119999885559082,7.489999771118164,7.090000152587891,7.46999979019165,7.087351322174072,196400
2014-02-19,7.409999847412109,7.489999771118164,7.059999942779541,7.179999828338623,6.812206745147705,196200
2014-02-20,7.210000038146973,7.380000114440918,7.099999904632568,7.380000114440918,7.001962184906006,104700
2014-02-21,7.420000076293945,7.579999923706055,7.289999961853027,7.53000020980835,7.1442790031433105,204300
2014-02-24,7.510000228881836,7.639999866485596,7.460000038146973,7.559999942779541,7.1727423667907715,270800
2014-02-25,7.559999942779541,7.670000076293945,7.46999979019165,7.650000095367432,7.258131980895996,179500
2014-02-26,8.010000228881836,8.149999618530273,7.050000190734863,7.519999980926514,7.134790420532227,531200
2014-02-27,7.46999979019165,7.710000038146973,7.420000076293945,7.710000038146973,7.31505823135376,183200
2014-02-28,7.829999923706055,8.020000457763672,7.690000057220459,7.889999866485596,7.485837459564209,251100
2014-03-03,7.78000020980835,7.900000095367432,7.650000095367432,7.880000114440918,7.476349353790283,136100
2014-03-04,8.020000457763672,8.149999618530273,7.860000133514404,7.989999771118164,7.580714225769043,353300
2014-03-05,7.949999809265137,8.069999694824219,7.699999809265137,7.889999866485596,7.485837459564209,220600
2014-03-06,7.889999866485596,7.889999866485596,7.579999923706055,7.75,7.353009223937988,141500
2014-03-07,7.769999980926514,7.849999904632568,7.619999885559082,7.659999847412109,7.2676191329956055,142900
2014-03-10,7.599999904632568,7.739999771118164,7.539999961853027,7.710000038146973,7.31505823135376,122800
2014-03-11,7.739999771118164,7.809999942779541,7.639999866485596,7.800000190734863,7.400447845458984,159700
2014-03-12,7.789999961853027,7.849999904632568,7.590000152587891,7.650000095367432,7.258131980895996,116200
2014-03-13,7.650000095367432,7.650000095367432,7.320000171661377,7.380000114440918,7.001962184906006,130600
2014-03-14,7.329999923706055,7.400000095367432,7.210000038146973,7.369999885559082,6.99247407913208,114500
2014-03-17,7.400000095367432,7.519999980926514,7.199999809265137,7.210000038146973,6.840670108795166,152700
2014-03-18,7.239999771118164,7.400000095367432,7.159999847412109,7.269999980926514,6.897596836090088,136000
2014-03-19,7.269999980926514,7.360000133514404,7.079999923706055,7.25,6.878621578216553,200600
2014-03-20,7.230000019073486,7.239999771118164,7.019999980926514,7.190000057220459,6.821694850921631,156000
2014-03-21,7.239999771118164,7.389999866485596,7.179999828338623,7.269999980926514,6.897596836090088,605800
2014-03-24,7.269999980926514,7.320000171661377,7.070000171661377,7.170000076293945,6.802719593048096,92800
2014-03-25,7.199999809265137,7.28000020980835,7.050000190734863,7.260000228881836,6.88810920715332,145100
2014-03-26,7.269999980926514,7.28000020980835,7.019999980926514,7.059999942779541,6.698354244232178,293300
2014-03-27,7.090000152587891,7.210000038146973,6.860000133514404,7.210000038146973,6.840670108795166,223800
2014-03-28,7.210000038146973,7.320000171661377,7.090000152587891,7.119999885559082,6.755280494689941,207900
2014-03-31,7.210000038146973,7.449999809265137,7.150000095367432,7.440000057220459,7.0588884353637695,193500
2014-04-01,7.460000038146973,7.739999771118164,7.440000057220459,7.699999809265137,7.305569648742676,287800
2014-04-02,7.75,7.920000076293945,7.570000171661377,7.71999979019165,7.324545860290527,152800
2014-04-03,7.699999809265137,7.829999923706055,7.650000095367432,7.75,7.353009223937988,213100
2014-04-04,7.829999923706055,7.849999904632568,7.300000190734863,7.340000152587891,6.9640116691589355,271700
2014-04-07,7.300000190734863,7.369999885559082,6.909999847412109,6.96999979019165,6.612963676452637,288600
2014-04-08,6.96999979019165,7.199999809265137,6.96999979019165,7.059999942779541,6.698354244232178,281700
2014-04-09,7.119999885559082,7.190000057220459,7.010000228881836,7.170000076293945,6.802719593048096,129000
2014-04-10,7.190000057220459,7.190000057220459,6.75,6.920000076293945,6.565525531768799,351400
2014-04-11,6.809999942779541,6.849999904632568,6.53000020980835,6.550000190734863,6.214478969573975,156300
2014-04-14,6.610000133514404,6.619999885559082,6.239999771118164,6.380000114440918,6.053186416625977,204400
2014-04-15,6.380000114440918,6.380000114440918,6.019999980926514,6.210000038146973,5.891895294189453,152600
2014-04-16,6.210000038146973,6.429999828338623,6.150000095367432,6.360000133514404,6.034211158752441,241100
2014-04-17,6.360000133514404,6.460000038146973,6.289999961853027,6.429999828338623,6.100625514984131,210600
2014-04-21,6.400000095367432,6.539999961853027,6.329999923706055,6.449999809265137,6.119601249694824,174600
2014-04-22,6.440000057220459,6.659999847412109,6.440000057220459,6.519999980926514,6.1860151290893555,113100
2014-04-23,6.519999980926514,6.519999980926514,6.320000171661377,6.349999904632568,6.024723052978516,152800
2014-04-24,6.369999885559082,6.400000095367432,6.170000076293945,6.269999980926514,5.948821067810059,135600
2014-04-25,6.21999979019165,6.239999771118164,6.010000228881836,6.139999866485596,5.8254804611206055,183700
2014-04-28,6.139999866485596,6.25,6.070000171661377,6.199999809265137,5.882406711578369,188500
2014-04-29,6.210000038146973,6.300000190734863,6.150000095367432,6.170000076293945,5.853943824768066,114900
2014-04-30,6.170000076293945,6.420000076293945,5.989999771118164,6.400000095367432,6.07216215133667,187600
2014-05-01,6.360000133514404,6.46999979019165,6.119999885559082,6.329999923706055,6.0057477951049805,189100
2014-05-02,6.320000171661377,6.409999847412109,6.170000076293945,6.199999809265137,5.882406711578369,158900
2014-05-05,6.119999885559082,6.389999866485596,6.050000190734863,6.340000152587891,6.015235424041748,103900
2014-05-06,6.28000020980835,6.349999904632568,6.139999866485596,6.199999809265137,5.882406711578369,248700
2014-05-07,6.059999942779541,6.599999904632568,5.789999961853027,6.199999809265137,5.882406711578369,390600
2014-05-08,6.199999809265137,6.289999961853027,6.070000171661377,6.139999866485596,5.8254804611206055,186100
2014-05-09,6.139999866485596,6.489999771118164,6.079999923706055,6.489999771118164,6.157551288604736,154900
2014-05-12,6.519999980926514,6.730000019073486,6.429999828338623,6.610000133514404,6.2714056968688965,193400
2014-05-13,6.599999904632568,6.599999904632568,6.28000020980835,6.289999961853027,5.96779727935791,247400
2014-05-14,6.25,6.289999961853027,5.96999979019165,6.0,5.692651748657227,226100
2014-05-15,5.989999771118164,5.989999771118164,5.71999979019165,5.880000114440918,5.578798770904541,263100
2014-05-16,5.869999885559082,5.869999885559082,5.670000076293945,5.820000171661377,5.521872520446777,184000
2014-05-19,5.71999979019165,6.019999980926514,5.71999979019165,6.0,5.692651748657227,105800
2014-05-20,6.010000228881836,6.010000228881836,5.71999979019165,5.829999923706055,5.531359672546387,222700
2014-05-21,5.840000152587891,5.980000019073486,5.800000190734863,5.909999847412109,5.607262134552002,129100
2014-05-22,5.900000095367432,6.079999923706055,5.869999885559082,6.010000228881836,5.702139377593994,109400
2014-05-23,6.0,6.190000057220459,6.0,6.150000095367432,5.834968090057373,134900
2014-05-27,6.230000019073486,6.369999885559082,6.230000019073486,6.25,5.929845809936523,134600
2014-05-28,6.25,6.360000133514404,6.230000019073486,6.25,5.929845809936523,146500
2014-05-29,6.28000020980835,6.329999923706055,6.130000114440918,6.230000019073486,5.91087007522583,101700
2014-05-30,6.260000228881836,6.269999980926514,6.119999885559082,6.199999809265137,5.882406711578369,196100
2014-06-02,6.230000019073486,6.230000019073486,6.019999980926514,6.159999847412109,5.844455718994141,119500
2014-06-03,6.099999904632568,6.150000095367432,5.980000019073486,6.070000171661377,5.759066581726074,121500
2014-06-04,6.010000228881836,6.090000152587891,5.949999809265137,6.059999942779541,5.749578952789307,77100
2014-06-05,6.070000171661377,6.269999980926514,6.010000228881836,6.239999771118164,5.920358180999756,120700
2014-06-06,6.309999942779541,6.409999847412109,6.179999828338623,6.300000190734863,5.977284908294678,180600
2014-06-09,6.28000020980835,6.400000095367432,6.239999771118164,6.349999904632568,6.024723052978516,141300
2014-06-10,6.309999942779541,6.409999847412109,6.199999809265137,6.25,5.929845809936523,146900
2014-06-11,6.199999809265137,6.239999771118164,6.130000114440918,6.210000038146973,5.891895294189453,53800
2014-06-12,6.159999847412109,6.170000076293945,5.980000019073486,6.03000020980835,5.7211151123046875,110900
2014-06-13,6.03000020980835,6.050000190734863,5.739999771118164,5.769999980926514,5.474433422088623,100400
2014-06-16,5.739999771118164,5.789999961853027,5.730000019073486,5.760000228881836,5.4649457931518555,213400
2014-06-17,5.769999980926514,6.260000228881836,5.760000228881836,6.25,5.929845809936523,265900
2014-06-18,6.260000228881836,6.389999866485596,6.199999809265137,6.289999961853027,5.96779727935791,183600
2014-06-19,6.340000152587891,6.349999904632568,6.159999847412109,6.170000076293945,5.853943824768066,72100
2014-06-20,6.199999809265137,6.21999979019165,5.909999847412109,5.929999828338623,5.626237869262695,249500
2014-06-23,5.96999979019165,5.96999979019165,5.829999923706055,5.900000095367432,5.597774505615234,135200
2014-06-24,5.900000095367432,6.340000152587891,5.900000095367432,6.090000152587891,5.778041839599609,318700
2014-06-25,6.019999980926514,6.150000095367432,5.900000095367432,6.139999866485596,5.8254804611206055,201900
2014-06-26,6.130000114440918,6.199999809265137,6.0,6.130000114440918,5.81599235534668,121600
2014-06-27,6.059999942779541,6.300000190734863,5.960000038146973,5.989999771118164,5.683164119720459,1235800
2014-06-30,5.989999771118164,5.989999771118164,5.809999942779541,5.860000133514404,5.559823036193848,181600
2014-07-01,5.869999885559082,6.139999866485596,5.869999885559082,5.980000019073486,5.673676013946533,244200
2014-07-02,6.010000228881836,6.25,6.010000228881836,6.139999866485596,5.8254804611206055,187700
2014-07-03,6.170000076293945,6.25,6.139999866485596,6.21999979019165,5.9013824462890625,86600
2014-07-07,6.199999809265137,6.25,5.929999828338623,5.940000057220459,5.635725498199463,126700
2014-07-08,5.900000095367432,6.019999980926514,5.670000076293945,6.0,5.692651748657227,239900
2014-07-09,6.0,6.099999904632568,5.659999847412109,5.659999847412109,5.370068550109863,222000
2014-07-10,5.510000228881836,5.849999904632568,5.449999809265137,5.789999961853027,5.493409156799316,154400
2014-07-11,5.78000020980835,5.849999904632568,5.670000076293945,5.71999979019165,5.426994800567627,137800
2014-07-14,5.789999961853027,6.199999809265137,5.789999961853027,5.800000190734863,5.502896785736084,129900
2014-07-15,5.78000020980835,5.829999923706055,5.590000152587891,5.619999885559082,5.332117557525635,134100
2014-07-16,5.679999828338623,5.679999828338623,5.559999942779541,5.579999923706055,5.294166088104248,185300
2014-07-17,5.510000228881836,5.550000190734863,5.400000095367432,5.429999828338623,5.151849746704102,204400
2014-07-18,5.449999809265137,5.869999885559082,5.449999809265137,5.789999961853027,5.493409156799316,187900
2014-07-21,5.760000228881836,5.789999961853027,5.619999885559082,5.659999847412109,5.370068550109863,106800
2014-07-22,5.690000057220459,5.800000190734863,5.570000171661377,5.630000114440918,5.341605186462402,134900
2014-07-23,5.630000114440918,5.920000076293945,5.630000114440918,5.829999923706055,5.531359672546387,142800
2014-07-24,5.860000133514404,5.880000114440918,5.75,5.760000228881836,5.4649457931518555,116400
2014-07-25,5.670000076293945,5.739999771118164,5.519999980926514,5.570000171661377,5.284678936004639,248900
2014-07-28,5.559999942779541,5.650000095367432,5.400000095367432,5.46999979019165,5.18980073928833,114800
2014-07-29,5.46999979019165,5.670000076293945,5.400000095367432,5.619999885559082,5.332117557525635,148800
2014-07-30,5.610000133514404,5.710000038146973,5.599999904632568,5.610000133514404,5.322629451751709,108100
2014-07-31,5.5,5.590000152587891,5.449999809265137,5.449999809265137,5.170825481414795,196600
2014-08-01,5.46999979019165,5.519999980926514,5.400000095367432,5.480000019073486,5.199288368225098,150600
2014-08-04,5.5,5.570000171661377,5.440000057220459,5.519999980926514,5.237239360809326,234000
2014-08-05,5.510000228881836,5.670000076293945,5.510000228881836,5.599999904632568,5.313141822814941,228900
2014-08-06,5.75,6.610000133514404,5.75,6.559999942779541,6.223966121673584,889800
2014-08-07,6.579999923706055,6.760000228881836,6.46999979019165,6.579999923706055,6.242941856384277,309000
2014-08-08,6.550000190734863,6.789999961853027,6.550000190734863,6.75,6.404232978820801,199600
2014-08-11,6.829999923706055,7.0,6.760000228881836,7.0,6.641427516937256,249700
2014-08-12,6.96999979019165,6.989999771118164,6.809999942779541,6.980000019073486,6.6224517822265625,156800
2014-08-13,6.989999771118164,7.0,6.909999847412109,6.989999771118164,6.631938934326172,193900
2014-08-14,7.0,7.010000228881836,6.940000057220459,6.980000019073486,6.6224517822265625,91100
2014-08-15,7.110000133514404,7.25,7.0,7.210000038146973,6.840670108795166,341200
2014-08-18,7.340000152587891,7.400000095367432,7.210000038146973,7.260000228881836,6.88810920715332,162400
2014-08-19,7.289999961853027,7.360000133514404,7.110000133514404,7.150000095367432,6.783743858337402,148600
2014-08-20,7.079999923706055,7.210000038146973,7.010000228881836,7.150000095367432,6.783743858337402,113800
2014-08-21,7.119999885559082,7.400000095367432,7.050000190734863,7.369999885559082,6.99247407913208,175400
2014-08-22,7.369999885559082,7.579999923706055,7.289999961853027,7.53000020980835,7.1442790031433105,230100
2014-08-25,7.570000171661377,7.599999904632568,7.409999847412109,7.480000019073486,7.09683895111084,150600
2014-08-26,7.489999771118164,7.659999847412109,7.489999771118164,7.639999866485596,7.24864387512207,125300
2014-08-27,7.630000114440918,7.699999809265137,7.489999771118164,7.690000057220459,7.296082496643066,186900
2014-08-28,7.690000057220459,7.960000038146973,7.659999847412109,7.829999923706055,7.428911209106445,201500
2014-08-29,7.829999923706055,8.170000076293945,7.800000190734863,8.119999885559082,7.704055309295654,815700
2014-09-02,8.149999618530273,8.149999618530273,7.949999809265137,8.010000228881836,7.5996904373168945,344800
2014-09-03,8.039999961853027,8.149999618530273,7.829999923706055,7.869999885559082,7.466861724853516,164900
2014-09-04,7.940000057220459,8.050000190734863,7.5,7.539999961853027,7.15376615524292,221700
2014-09-05,7.489999771118164,7.510000228881836,7.329999923706055,7.349999904632568,6.973498821258545,167200
2014-09-08,7.360000133514404,7.46999979019165,7.190000057220459,7.380000114440918,7.001962184906006,99000
2014-09-09,7.389999866485596,7.409999847412109,7.070000171661377,7.079999923706055,6.717329502105713,122900
2014-09-10,7.099999904632568,7.380000114440918,7.079999923706055,7.360000133514404,6.9829864501953125,157700
2014-09-11,7.320000171661377,7.480000019073486,7.260000228881836,7.46999979019165,7.087351322174072,115800
2014-09-12,7.489999771118164,7.489999771118164,7.150000095367432,7.409999847412109,7.030425548553467,154200
2014-09-15,7.380000114440918,7.380000114440918,7.170000076293945,7.28000020980835,6.907084941864014,153100
2014-09-16,7.239999771118164,7.400000095367432,7.210000038146973,7.349999904632568,6.973498821258545,105200
2014-09-17,7.340000152587891,7.409999847412109,7.25,7.320000171661377,6.945035457611084,87100
2014-09-18,7.340000152587891,7.460000038146973,7.28000020980835,7.329999923706055,6.954523086547852,66800
2014-09-19,7.389999866485596,7.5,7.170000076293945,7.230000019073486,6.859645843505859,262800
2014-09-22,7.159999847412109,7.210000038146973,6.929999828338623,6.96999979019165,6.612963676452637,88900
2014-09-23,6.909999847412109,6.96999979019165,6.75,6.75,6.404232978820801,196000
2014-09-24,6.78000020980835,6.940000057220459,6.760000228881836,6.840000152587891,6.489623069763184,103100
2014-09-25,6.840000152587891,7.139999866485596,6.789999961853027,7.010000228881836,6.650915622711182,240800
2014-09-26,7.110000133514404,7.909999847412109,7.090000152587891,7.889999866485596,7.485837459564209,505500
2014-09-29,7.809999942779541,8.260000228881836,7.809999942779541,8.220000267028809,7.7989325523376465,324500
2014-09-30,8.279999732971191,8.300000190734863,8.0,8.100000381469727,7.685080528259277,368500
2014-10-01,8.109999656677246,8.449999809265137,8.100000381469727,8.210000038146973,7.789445400238037,520500
2014-10-02,8.1899995803833,8.470000267028809,8.109999656677246,8.260000228881836,7.83688497543335,740600
2014-10-03,8.40999984741211,9.0600004196167,8.300000190734863,8.899999618530273,8.444101333618164,1540700
2014-10-06,9.0,9.25,8.84000015258789,9.0,8.53897762298584,609200
2014-10-07,8.979999542236328,8.989999771118164,8.359999656677246,8.850000381469727,8.396662712097168,412200
2014-10-08,8.779999732971191,9.319999694824219,8.75,9.239999771118164,8.766684532165527,418700
2014-10-09,9.239999771118164,9.319999694824219,8.770000457763672,8.789999961853027,8.339734077453613,373700
2014-10-10,8.720000267028809,8.9399995803833,8.569999694824219,8.699999809265137,8.254344940185547,522400
2014-10-13,8.670000076293945,9.25,8.520000457763672,8.949999809265137,8.491539001464844,435200
2014-10-14,9.25,9.760000228881836,8.869999885559082,9.739999771118164,9.241070747375488,1488900
2014-10-15,9.729999542236328,9.979999542236328,9.3100004196167,9.949999809265137,9.440315246582031,1019700
2014-10-16,9.90999984741211,10.220000267028809,9.800000190734863,9.949999809265137,9.440315246582031,696500
2014-10-17,10.010000228881836,10.029999732971191,9.739999771118164,9.779999732971191,9.279022216796875,639300
2014-10-20,9.789999961853027,10.029999732971191,9.5600004196167,9.640000343322754,9.146194458007812,533700
2014-10-21,9.770000457763672,9.859999656677246,9.59000015258789,9.729999542236328,9.231582641601562,398800
2014-10-22,9.720000267028809,9.819999694824219,9.569999694824219,9.579999923706055,9.08926773071289,565100
2014-10-23,9.6899995803833,9.75,9.529999732971191,9.720000267028809,9.22209644317627,622000
2014-10-24,9.720000267028809,9.760000228881836,9.25,9.720000267028809,9.22209644317627,345900
2014-10-27,9.699999809265137,9.75,9.350000381469727,9.699999809265137,9.203120231628418,228100
2014-10-28,9.819999694824219,10.0600004196167,9.770000457763672,10.010000228881836,9.497241020202637,671600
2014-10-29,10.09000015258789,10.380000114440918,9.920000076293945,10.220000267028809,9.696484565734863,557200
2014-10-30,10.15999984741211,10.369999885559082,9.930000305175781,10.239999771118164,9.715458869934082,316900
2014-10-31,10.449999809265137,10.529999732971191,10.119999885559082,10.149999618530273,9.630069732666016,640100
2014-11-03,10.149999618530273,10.449999809265137,10.149999618530273,10.359999656677246,9.829312324523926,432700
2014-11-04,10.369999885559082,10.59000015258789,10.119999885559082,10.270000457763672,9.74392318725586,341700
2014-11-05,10.319999694824219,10.319999694824219,9.859999656677246,10.010000228881836,9.497241020202637,495100
2014-11-06,10.020000457763672,10.210000038146973,9.930000305175781,10.029999732971191,9.516215324401855,483400
2014-11-07,10.649999618530273,10.670000076293945,10.010000228881836,10.069999694824219,9.554166793823242,734100
2014-11-10,9.989999771118164,10.180000305175781,9.8100004196167,10.170000076293945,9.649045944213867,450100
2014-11-11,10.170000076293945,10.220000267028809,9.9399995803833,10.0,9.487751960754395,293100
2014-11-12,9.90999984741211,9.949999809265137,9.699999809265137,9.930000305175781,9.421340942382812,242100
2014-11-13,9.949999809265137,10.130000114440918,9.779999732971191,9.880000114440918,9.373900413513184,270700
2014-11-14,9.90999984741211,9.90999984741211,9.5600004196167,9.59000015258789,9.098755836486816,302800
2014-11-17,9.510000228881836,9.670000076293945,9.3100004196167,9.4399995803833,8.956439018249512,397200
2014-11-18,9.539999961853027,10.069999694824219,9.539999961853027,9.84000015258789,9.335948944091797,297900
2014-11-19,9.829999923706055,9.829999923706055,9.399999618530273,9.399999618530273,8.918487548828125,161800
2014-11-20,9.390000343322754,9.600000381469727,9.1899995803833,9.569999694824219,9.079779624938965,283700
2014-11-21,9.75,9.920000076293945,9.4399995803833,9.470000267028809,8.984902381896973,339700
2014-11-24,9.449999809265137,9.819999694824219,9.359999656677246,9.539999961853027,9.051316261291504,297300
2014-11-25,9.59000015258789,9.699999809265137,9.449999809265137,9.569999694824219,9.079779624938965,220300
2014-11-26,9.5600004196167,10.149999618530273,9.510000228881836,9.850000381469727,9.345438003540039,244100
2014-11-28,9.899999618530273,10.0,9.609999656677246,9.630000114440918,9.13670825958252,134800
2014-12-01,9.59000015258789,9.640000343322754,8.899999618530273,8.920000076293945,8.463077545166016,282700
2014-12-02,8.970000267028809,9.300000190734863,8.890000343322754,9.220000267028809,8.747710227966309,192800
2014-12-03,9.220000267028809,9.770000457763672,9.050000190734863,9.699999809265137,9.203120231628418,598800
2014-12-04,9.710000038146973,9.890000343322754,9.569999694824219,9.699999809265137,9.203120231628418,204200
2014-12-05,9.699999809265137,9.930000305175781,9.699999809265137,9.819999694824219,9.316971778869629,181400
2014-12-08,9.8100004196167,9.970000267028809,9.59000015258789,9.600000381469727,9.108243942260742,169300
2014-12-09,9.5,9.850000381469727,9.260000228881836,9.819999694824219,9.316971778869629,208800
2014-12-10,9.789999961853027,9.970000267028809,9.479999542236328,9.489999771118164,9.003877639770508,190800
2014-12-11,9.569999694824219,9.819999694824219,9.489999771118164,9.510000228881836,9.02285385131836,248000
2014-12-12,9.350000381469727,9.489999771118164,9.020000457763672,9.25,8.776171684265137,464400
2014-12-15,9.270000457763672,9.420000076293945,8.989999771118164,9.079999923706055,8.614880561828613,157900
2014-12-16,9.100000381469727,9.4399995803833,9.029999732971191,9.050000190734863,8.586416244506836,150400
2014-12-17,9.050000190734863,9.4399995803833,9.020000457763672,9.4399995803833,8.956439018249512,175300
2014-12-18,9.569999694824219,9.649999618530273,9.300000190734863,9.529999732971191,9.041828155517578,310300
2014-12-19,9.520000457763672,9.699999809265137,9.399999618530273,9.510000228881836,9.02285385131836,316500
2014-12-22,9.489999771118164,9.720000267028809,9.489999771118164,9.600000381469727,9.108243942260742,179000
2014-12-23,9.649999618530273,9.779999732971191,9.449999809265137,9.680000305175781,9.184144020080566,269300
2014-12-24,9.680000305175781,9.90999984741211,9.65999984741211,9.800000190734863,9.29799747467041,66500
2014-12-26,9.850000381469727,10.210000038146973,9.779999732971191,10.15999984741211,9.639557838439941,125000
2014-12-29,10.180000305175781,10.3100004196167,9.989999771118164,10.039999961853027,9.525703430175781,148400
2014-12-30,10.039999961853027,10.380000114440918,10.039999961853027,10.25,9.724947929382324,199400
2014-12-31,10.270000457763672,10.59000015258789,10.15999984741211,10.220000267028809,9.696484565734863,341800
2015-01-02,10.300000190734863,10.420000076293945,9.850000381469727,9.989999771118164,9.478264808654785,178200
2015-01-05,9.970000267028809,10.039999961853027,9.449999809265137,9.550000190734863,9.060803413391113,244600
2015-01-06,9.619999885559082,9.619999885559082,9.079999923706055,9.279999732971191,8.804636001586914,218700
2015-01-07,9.399999618530273,9.479999542236328,9.050000190734863,9.140000343322754,8.671807289123535,177900
2015-01-08,9.239999771118164,9.649999618530273,9.239999771118164,9.380000114440918,8.899513244628906,379100
2015-01-09,9.380000114440918,9.5,9.229999542236328,9.279999732971191,8.804636001586914,175900
2015-01-12,9.270000457763672,9.640000343322754,9.210000038146973,9.630000114440918,9.13670825958252,212300
2015-01-13,9.760000228881836,10.029999732971191,9.3100004196167,9.420000076293945,8.937463760375977,662500
2015-01-14,9.359999656677246,9.65999984741211,9.3100004196167,9.640000343322754,9.146194458007812,156600
2015-01-15,9.640000343322754,9.720000267028809,9.119999885559082,9.34000015258789,8.861562728881836,312000
2015-01-16,9.270000457763672,9.449999809265137,9.229999542236328,9.34000015258789,8.861562728881836,277200
2015-01-20,9.380000114440918,9.880000114440918,9.270000457763672,9.550000190734863,9.060803413391113,612600
2015-01-21,9.470000267028809,9.470000267028809,8.65999984741211,8.699999809265137,8.254344940185547,525700
2015-01-22,8.819999694824219,9.520000457763672,8.819999694824219,9.489999771118164,9.003877639770508,271400
2015-01-23,9.510000228881836,9.640000343322754,9.34000015258789,9.430000305175781,8.946950912475586,105800
2015-01-26,9.369999885559082,9.460000038146973,9.220000267028809,9.300000190734863,8.82361125946045,98900
2015-01-27,9.229999542236328,9.470000267028809,9.149999618530273,9.260000228881836,8.785660743713379,135300
2015-01-28,9.270000457763672,9.550000190734863,9.180000305175781,9.350000381469727,8.871049880981445,168900
2015-01-29,9.350000381469727,9.569999694824219,9.220000267028809,9.569999694824219,9.079779624938965,156700
2015-01-30,9.479999542236328,9.640000343322754,9.15999984741211,9.170000076293945,8.70026969909668,301400
2015-02-02,9.3100004196167,9.3100004196167,8.880000114440918,9.0600004196167,8.595905303955078,207400
2015-02-03,9.079999923706055,9.460000038146973,9.079999923706055,9.390000343322754,8.909000396728516,149500
2015-02-04,9.3100004196167,9.59000015258789,9.300000190734863,9.359999656677246,8.880537986755371,147700
2015-02-05,9.359999656677246,9.59000015258789,9.3100004196167,9.579999923706055,9.08926773071289,101300
2015-02-06,9.550000190734863,9.699999809265137,9.149999618530273,9.220000267028809,8.747710227966309,213100
2015-02-09,9.220000267028809,9.359999656677246,9.069999694824219,9.079999923706055,8.614880561828613,156000
2015-02-10,9.15999984741211,9.270000457763672,8.9399995803833,9.149999618530273,8.681294441223145,78300
2015-02-11,9.140000343322754,9.229999542236328,9.029999732971191,9.09000015258789,8.624367713928223,137900
2015-02-12,9.149999618530273,9.489999771118164,9.039999961853027,9.4399995803833,8.956439018249512,199200
2015-02-13,9.470000267028809,9.539999961853027,9.229999542236328,9.369999885559082,8.89002513885498,305200
2015-02-17,9.329999923706055,9.399999618530273,9.15999984741211,9.25,8.776171684265137,186600
2015-02-18,9.229999542236328,9.350000381469727,9.079999923706055,9.09000015258789,8.624367713928223,238100
2015-02-19,9.09000015258789,9.5,9.09000015258789,9.470000267028809,8.984902381896973,298300
2015-02-20,9.479999542236328,9.569999694824219,9.210000038146973,9.279999732971191,8.804636001586914,366300
2015-02-23,9.239999771118164,9.390000343322754,9.100000381469727,9.380000114440918,8.899513244628906,282700
2015-02-24,9.350000381469727,9.8100004196167,9.289999961853027,9.8100004196167,9.307486534118652,398000
2015-02-25,9.600000381469727,9.600000381469727,8.0600004196167,8.289999961853027,7.865346908569336,1957200
2015-02-26,8.300000190734863,9.119999885559082,8.300000190734863,8.670000076293945,8.225881576538086,712200
2015-02-27,8.640000343322754,8.729999542236328,8.430000305175781,8.460000038146973,8.026639938354492,691500
2015-03-02,8.4399995803833,8.920000076293945,8.4399995803833,8.869999885559082,8.415637016296387,372300
2015-03-03,8.850000381469727,8.989999771118164,8.539999961853027,8.550000190734863,8.112029075622559,303700
2015-03-04,8.489999771118164,8.569999694824219,8.380000114440918,8.510000228881836,8.074077606201172,174100
2015-03-05,8.489999771118164,8.539999961853027,8.359999656677246,8.449999809265137,8.017149925231934,230700
2015-03-06,8.319999694824219,8.460000038146973,8.149999618530273,8.34000015258789,7.91278600692749,265500
2015-03-09,8.359999656677246,8.470000267028809,8.25,8.270000457763672,7.846372127532959,199100
2015-03-10,8.170000076293945,8.229999542236328,8.0,8.050000190734863,7.637641906738281,228500
2015-03-11,8.050000190734863,8.399999618530273,8.010000228881836,8.369999885559082,7.941248893737793,234500
2015-03-12,8.470000267028809,8.569999694824219,8.220000267028809,8.5,8.064590454101562,151600
2015-03-13,8.520000457763672,8.579999923706055,8.260000228881836,8.479999542236328,8.045614242553711,177800
2015-03-16,8.529999732971191,8.600000381469727,8.430000305175781,8.550000190734863,8.112029075622559,107100
2015-03-17,8.489999771118164,8.770000457763672,8.449999809265137,8.720000267028809,8.273320198059082,274300
2015-03-18,8.640000343322754,8.960000038146973,8.5,8.890000343322754,8.434613227844238,243400
2015-03-19,8.880000114440918,8.9399995803833,8.710000038146973,8.890000343322754,8.434613227844238,148400
2015-03-20,8.949999809265137,9.050000190734863,8.720000267028809,8.800000190734863,8.349223136901855,403300
2015-03-23,8.829999923706055,8.90999984741211,8.760000228881836,8.800000190734863,8.349223136901855,112400
2015-03-24,8.760000228881836,9.1899995803833,8.6899995803833,9.100000381469727,8.633856773376465,215500
2015-03-25,9.109999656677246,9.119999885559082,8.90999984741211,8.960000038146973,8.50102710723877,356900
2015-03-26,8.899999618530273,9.010000228881836,8.8100004196167,8.979999542236328,8.520003318786621,155700
2015-03-27,8.979999542236328,9.319999694824219,8.930000305175781,9.279999732971191,8.804636001586914,566100
2015-03-30,9.270000457763672,9.399999618530273,9.109999656677246,9.329999923706055,8.852073669433594,189400
2015-03-31,9.239999771118164,9.279999732971191,8.920000076293945,9.229999542236328,8.757195472717285,569900
2015-04-01,9.170000076293945,9.369999885559082,9.100000381469727,9.229999542236328,8.757195472717285,369100
2015-04-02,9.210000038146973,9.380000114440918,9.140000343322754,9.140000343322754,8.671807289123535,179100
2015-04-06,9.100000381469727,9.229999542236328,9.100000381469727,9.170000076293945,8.70026969909668,213000
2015-04-07,9.170000076293945,9.350000381469727,9.069999694824219,9.079999923706055,8.614880561828613,145700
2015-04-08,9.09000015258789,9.279999732971191,9.029999732971191,9.15999984741211,8.69078254699707,148800
2015-04-09,9.130000114440918,9.229999542236328,8.899999618530273,9.140000343322754,8.671807289123535,87900
2015-04-10,9.199999809265137,9.210000038146973,9.010000228881836,9.100000381469727,8.633856773376465,211000
2015-04-13,9.130000114440918,9.180000305175781,9.069999694824219,9.09000015258789,8.624367713928223,119400
2015-04-14,9.09000015258789,9.100000381469727,8.880000114440918,9.010000228881836,8.548465728759766,92400
2015-04-15,9.050000190734863,9.229999542236328,8.960000038146973,9.140000343322754,8.671807289123535,157400
2015-04-16,9.149999618530273,9.210000038146973,9.130000114440918,9.15999984741211,8.69078254699707,65500
2015-04-17,9.020000457763672,9.0600004196167,8.829999923706055,8.989999771118164,8.52949047088623,192600
2015-04-20,9.069999694824219,9.260000228881836,9.069999694824219,9.149999618530273,8.681294441223145,138700
2015-04-21,9.15999984741211,9.210000038146973,8.90999984741211,9.0600004196167,8.595905303955078,141900
2015-04-22,9.0600004196167,9.079999923706055,8.869999885559082,9.050000190734863,8.586416244506836,88000
2015-04-23,9.0,9.170000076293945,8.960000038146973,9.119999885559082,8.65283203125,120900
2015-04-24,9.100000381469727,9.170000076293945,8.920000076293945,9.010000228881836,8.548465728759766,127000
2015-04-27,9.020000457763672,9.180000305175781,8.729999542236328,8.779999732971191,8.330246925354004,145300
2015-04-28,8.760000228881836,8.90999984741211,8.649999618530273,8.859999656677246,8.406149864196777,152100
2015-04-29,8.779999732971191,8.859999656677246,8.680000305175781,8.729999542236328,8.282807350158691,172700
2015-04-30,8.710000038146973,8.760000228881836,8.479999542236328,8.539999961853027,8.102540969848633,315300
2015-05-01,8.5600004196167,9.050000190734863,8.5600004196167,9.029999732971191,8.567440032958984,337000
2015-05-04,9.020000457763672,9.1899995803833,9.020000457763672,9.100000381469727,8.633856773376465,159100
2015-05-05,9.069999694824219,9.130000114440918,8.850000381469727,8.930000305175781,8.472563743591309,249800
2015-05-06,8.84000015258789,8.84000015258789,8.100000381469727,8.449999809265137,8.017149925231934,818600
2015-05-07,8.470000267028809,8.470000267028809,8.1899995803833,8.239999771118164,7.817909240722656,265500
2015-05-08,8.369999885559082,8.4399995803833,8.300000190734863,8.319999694824219,7.893810749053955,138000
2015-05-11,8.289999961853027,8.510000228881836,8.289999961853027,8.329999923706055,7.903298854827881,119700
2015-05-12,8.270000457763672,8.34000015258789,8.029999732971191,8.100000381469727,7.685080528259277,247300
2015-05-13,8.100000381469727,8.260000228881836,8.100000381469727,8.140000343322754,7.723031044006348,135100
2015-05-14,8.170000076293945,8.260000228881836,8.069999694824219,8.130000114440918,7.713542938232422,159000
2015-05-15,8.130000114440918,8.270000457763672,8.029999732971191,8.109999656677246,7.6945672035217285,228200
2015-05-18,8.0600004196167,8.15999984741211,8.050000190734863,8.130000114440918,7.713542938232422,205100
2015-05-19,8.119999885559082,8.199999809265137,7.889999866485596,7.909999847412109,7.504812717437744,124500
2015-05-20,8.020000457763672,8.050000190734863,7.75,7.869999885559082,7.466861724853516,162300
2015-05-21,7.840000152587891,7.840000152587891,7.349999904632568,7.460000038146973,7.077864170074463,324500
2015-05-22,7.460000038146973,7.539999961853027,7.239999771118164,7.260000228881836,6.88810920715332,313900
2015-05-26,7.21999979019165,7.389999866485596,7.130000114440918,7.289999961853027,6.916572093963623,258800
2015-05-27,7.309999942779541,7.460000038146973,7.289999961853027,7.389999866485596,7.011449337005615,171300
2015-05-28,7.349999904632568,7.429999828338623,7.300000190734863,7.429999828338623,7.04940128326416,88800
2015-05-29,7.400000095367432,7.539999961853027,7.300000190734863,7.489999771118164,7.106327533721924,332000
2015-06-01,7.559999942779541,7.599999904632568,7.429999828338623,7.5,7.115815162658691,106700
2015-06-02,7.46999979019165,7.619999885559082,7.400000095367432,7.610000133514404,7.220180511474609,232800
2015-06-03,7.670000076293945,7.71999979019165,7.579999923706055,7.710000038146973,7.31505823135376,82400
2015-06-04,7.630000114440918,7.75,7.5,7.559999942779541,7.1727423667907715,209300
2015-06-05,7.559999942779541,7.670000076293945,7.409999847412109,7.670000076293945,7.277107238769531,123500
2015-06-08,7.630000114440918,7.690000057220459,7.400000095367432,7.519999980926514,7.134790420532227,116700
2015-06-09,7.659999847412109,7.659999847412109,7.179999828338623,7.21999979019165,6.850157737731934,226000
2015-06-10,7.28000020980835,7.539999961853027,7.230000019073486,7.46999979019165,7.087351322174072,277900
2015-06-11,7.539999961853027,7.670000076293945,7.460000038146973,7.670000076293945,7.277107238769531,119500
2015-06-12,7.639999866485596,7.650000095367432,7.340000152587891,7.440000057220459,7.0588884353637695,135500
2015-06-15,7.369999885559082,7.480000019073486,7.190000057220459,7.300000190734863,6.926059722900391,217800
2015-06-16,7.260000228881836,7.369999885559082,7.139999866485596,7.230000019073486,6.859645843505859,175400
2015-06-17,7.28000020980835,7.28000020980835,6.96999979019165,7.039999961853027,6.679378509521484,370800
2015-06-18,7.079999923706055,7.25,7.010000228881836,7.130000114440918,6.764768123626709,155200
2015-06-19,7.130000114440918,7.130000114440918,6.920000076293945,6.929999828338623,6.575013160705566,517400
2015-06-22,6.920000076293945,7.079999923706055,6.900000095367432,7.050000190734863,6.68886661529541,688100
2015-06-23,7.079999923706055,7.360000133514404,7.0,7.329999923706055,6.954523086547852,276600
2015-06-24,7.329999923706055,7.369999885559082,7.21999979019165,7.289999961853027,6.916572093963623,423500
2015-06-25,7.320000171661377,7.480000019073486,7.25,7.380000114440918,7.001962184906006,210900
2015-06-26,7.389999866485596,7.429999828338623,7.239999771118164,7.349999904632568,6.973498821258545,721000
2015-06-29,7.28000020980835,7.349999904632568,7.21999979019165,7.239999771118164,6.869133472442627,481100
2015-06-30,7.300000190734863,7.630000114440918,7.199999809265137,7.610000133514404,7.220180511474609,295900
2015-07-01,7.650000095367432,7.699999809265137,7.389999866485596,7.460000038146973,7.077864170074463,214200
2015-07-02,7.489999771118164,7.489999771118164,7.28000020980835,7.300000190734863,6.926059722900391,105600
2015-07-06,7.21999979019165,7.329999923706055,7.199999809265137,7.300000190734863,6.926059722900391,203500
2015-07-07,7.289999961853027,7.449999809265137,7.039999961853027,7.389999866485596,7.011449337005615,628200
2015-07-08,7.340000152587891,7.519999980926514,7.340000152587891,7.46999979019165,7.087351322174072,155900
2015-07-09,7.550000190734863,7.579999923706055,7.380000114440918,7.539999961853027,7.15376615524292,186300
2015-07-10,7.590000152587891,7.690000057220459,7.590000152587891,7.670000076293945,7.277107238769531,133700
2015-07-13,7.699999809265137,7.760000228881836,7.519999980926514,7.639999866485596,7.24864387512207,130800
2015-07-14,7.619999885559082,7.769999980926514,7.619999885559082,7.75,7.353009223937988,221700
2015-07-15,7.730000019073486,7.800000190734863,7.429999828338623,7.46999979019165,7.087351322174072,212700
2015-07-16,7.579999923706055,7.650000095367432,7.460000038146973,7.630000114440918,7.239155292510986,176800
2015-07-17,7.610000133514404,7.610000133514404,7.309999942779541,7.449999809265137,7.068376064300537,168700
2015-07-20,7.46999979019165,7.550000190734863,7.300000190734863,7.539999961853027,7.15376615524292,138900
2015-07-21,7.53000020980835,7.599999904632568,7.28000020980835,7.300000190734863,6.926059722900391,269000
2015-07-22,7.300000190734863,7.409999847412109,7.260000228881836,7.369999885559082,6.99247407913208,239600
2015-07-23,7.380000114440918,7.389999866485596,7.150000095367432,7.179999828338623,6.812206745147705,190000
2015-07-24,7.150000095367432,7.159999847412109,6.900000095367432,6.900000095367432,6.5465497970581055,301400
2015-07-27,6.809999942779541,6.980000019073486,6.760000228881836,6.909999847412109,6.556037902832031,146300
2015-07-28,6.960000038146973,6.96999979019165,6.769999980926514,6.949999809265137,6.593988418579102,304300
2015-07-29,6.869999885559082,7.079999923706055,6.829999923706055,7.0,6.641427516937256,135600
2015-07-30,6.949999809265137,6.989999771118164,6.5,6.610000133514404,6.2714056968688965,297600
2015-07-31,6.610000133514404,6.989999771118164,6.610000133514404,6.909999847412109,6.556037902832031,215700
2015-08-03,6.900000095367432,6.960000038146973,6.699999809265137,6.889999866485596,6.53706169128418,399300
2015-08-04,6.900000095367432,7.199999809265137,6.869999885559082,7.110000133514404,6.745792865753174,158600
2015-08-05,7.199999809265137,7.610000133514404,7.150000095367432,7.199999809265137,6.831182479858398,231400
2015-08-06,7.239999771118164,7.239999771118164,6.900000095367432,7.0,6.641427516937256,164600
2015-08-07,6.920000076293945,7.019999980926514,6.860000133514404,6.900000095367432,6.5465497970581055,94000
2015-08-10,6.920000076293945,7.090000152587891,6.860000133514404,6.96999979019165,6.612963676452637,156800
2015-08-11,6.889999866485596,7.03000020980835,6.889999866485596,6.980000019073486,6.6224517822265625,104400
2015-08-12,6.929999828338623,6.980000019073486,6.75,6.960000038146973,6.603476047515869,172500
2015-08-13,6.940000057220459,7.110000133514404,6.769999980926514,6.789999961853027,6.442184925079346,118600
2015-08-14,6.769999980926514,7.019999980926514,6.690000057220459,7.010000228881836,6.650915622711182,120600
2015-08-17,6.960000038146973,7.139999866485596,6.920000076293945,7.090000152587891,6.726818084716797,87600
2015-08-18,7.039999961853027,7.150000095367432,6.889999866485596,7.090000152587891,6.726818084716797,180600
2015-08-19,7.010000228881836,7.090000152587891,6.900000095367432,6.940000057220459,6.58450174331665,145800
2015-08-20,6.840000152587891,6.929999828338623,6.769999980926514,6.849999904632568,6.499111175537109,168100
2015-08-21,6.71999979019165,6.900000095367432,6.630000114440918,6.769999980926514,6.423209190368652,214700
2015-08-24,6.559999942779541,6.610000133514404,6.320000171661377,6.340000152587891,6.015235424041748,211000
2015-08-25,6.550000190734863,6.550000190734863,6.230000019073486,6.340000152587891,6.015235424041748,174200
2015-08-26,6.53000020980835,6.579999923706055,6.360000133514404,6.579999923706055,6.242941856384277,136700
2015-08-27,6.610000133514404,6.630000114440918,6.409999847412109,6.5,6.167039394378662,156700
2015-08-28,6.460000038146973,6.679999828338623,6.460000038146973,6.619999885559082,6.280892848968506,101100
2015-08-31,6.559999942779541,6.75,6.550000190734863,6.639999866485596,6.299867630004883,106100
2015-09-01,6.559999942779541,6.570000171661377,6.25,6.309999942779541,5.986772060394287,132900
2015-09-02,6.380000114440918,6.449999809265137,6.239999771118164,6.360000133514404,6.034211158752441,147700
2015-09-03,6.389999866485596,6.650000095367432,6.300000190734863,6.639999866485596,6.299867630004883,202100
2015-09-04,6.539999961853027,6.710000038146973,6.539999961853027,6.610000133514404,6.2714056968688965,67500
2015-09-08,6.699999809265137,6.769999980926514,6.550000190734863,6.590000152587891,6.252429485321045,59000
2015-09-09,6.639999866485596,6.639999866485596,6.349999904632568,6.389999866485596,6.062674522399902,67700
2015-09-10,6.389999866485596,6.440000057220459,6.309999942779541,6.369999885559082,6.043698787689209,61900
2015-09-11,6.300000190734863,6.480000019073486,6.239999771118164,6.429999828338623,6.100625514984131,50600
2015-09-14,6.449999809265137,6.449999809265137,6.25,6.369999885559082,6.043698787689209,182700
2015-09-15,6.400000095367432,6.550000190734863,6.349999904632568,6.480000019073486,6.148064136505127,64000
2015-09-16,6.449999809265137,6.480000019073486,6.300000190734863,6.400000095367432,6.07216215133667,121400
2015-09-17,6.400000095367432,6.400000095367432,6.260000228881836,6.28000020980835,5.958309173583984,137200
2015-09-18,6.170000076293945,6.239999771118164,6.03000020980835,6.050000190734863,5.740091323852539,162800
2015-09-21,6.119999885559082,6.119999885559082,5.929999828338623,5.929999828338623,5.626237869262695,158700
2015-09-22,5.880000114440918,5.96999979019165,5.789999961853027,5.809999942779541,5.51238489151001,122500
2015-09-23,5.809999942779541,5.860000133514404,5.610000133514404,5.679999828338623,5.38904333114624,113700
2015-09-24,5.659999847412109,5.909999847412109,5.659999847412109,5.840000152587891,5.540848255157471,288000
2015-09-25,5.889999866485596,5.889999866485596,5.590000152587891,5.590000152587891,5.303654670715332,115600
2015-09-28,5.579999923706055,5.599999904632568,5.210000038146973,5.21999979019165,4.952606678009033,145000
2015-09-29,5.21999979019165,5.269999980926514,5.039999961853027,5.159999847412109,4.8956804275512695,257500
2015-09-30,5.260000228881836,5.949999809265137,5.230000019073486,5.949999809265137,5.6452131271362305,348500
2015-10-01,5.929999828338623,5.949999809265137,5.710000038146973,5.840000152587891,5.540848255157471,95100
2015-10-02,5.800000190734863,5.800000190734863,5.630000114440918,5.71999979019165,5.426994800567627,101200
2015-10-05,5.789999961853027,5.940000057220459,5.71999979019165,5.78000020980835,5.483921527862549,86700
2015-10-06,5.760000228881836,5.929999828338623,5.739999771118164,5.769999980926514,5.474433422088623,184500
2015-10-07,5.829999923706055,6.420000076293945,5.829999923706055,6.409999847412109,6.0816497802734375,176500
2015-10-08,6.380000114440918,6.5,6.25,6.289999961853027,5.96779727935791,143400
2015-10-09,6.289999961853027,6.389999866485596,6.179999828338623,6.179999828338623,5.863431453704834,102800
2015-10-12,6.170000076293945,6.239999771118164,6.090000152587891,6.239999771118164,5.920358180999756,104500
2015-10-13,6.210000038146973,6.389999866485596,6.070000171661377,6.070000171661377,5.759066581726074,159300
2015-10-14,6.059999942779541,6.110000133514404,5.960000038146973,6.03000020980835,5.7211151123046875,87800
2015-10-15,6.059999942779541,6.190000057220459,5.800000190734863,6.0,5.692651748657227,483700
2015-10-16,6.03000020980835,6.150000095367432,5.980000019073486,6.059999942779541,5.749578952789307,136600
2015-10-19,6.059999942779541,6.210000038146973,6.050000190734863,6.099999904632568,5.787529468536377,88900
2015-10-20,6.260000228881836,6.559999942779541,6.159999847412109,6.28000020980835,5.958309173583984,298400
2015-10-21,6.460000038146973,6.519999980926514,6.150000095367432,6.199999809265137,5.882406711578369,159900
2015-10-22,6.21999979019165,6.440000057220459,6.079999923706055,6.349999904632568,6.024723052978516,189500
2015-10-23,6.429999828338623,6.539999961853027,6.179999828338623,6.389999866485596,6.062674522399902,163200
2015-10-26,6.380000114440918,6.440000057220459,6.170000076293945,6.269999980926514,5.948821067810059,70200
2015-10-27,6.230000019073486,6.25,5.960000038146973,5.989999771118164,5.683164119720459,105400
2015-10-28,6.039999961853027,6.369999885559082,5.960000038146973,6.360000133514404,6.034211158752441,165000
2015-10-29,6.309999942779541,6.440000057220459,6.25,6.300000190734863,5.977284908294678,123600
2015-10-30,6.349999904632568,6.349999904632568,6.150000095367432,6.21999979019165,5.9013824462890625,157100
2015-11-02,6.210000038146973,6.769999980926514,6.210000038146973,6.590000152587891,6.252429485321045,329400
2015-11-03,6.550000190734863,6.550000190734863,6.320000171661377,6.429999828338623,6.100625514984131,270200
2015-11-04,6.449999809265137,6.559999942779541,6.360000133514404,6.539999961853027,6.204991340637207,124200
2015-11-05,5.429999828338623,5.429999828338623,4.75,5.039999961853027,4.781827926635742,1584800
2015-11-06,5.199999809265137,5.199999809265137,5.010000228881836,5.070000171661377,4.810291290283203,645700
2015-11-09,5.099999904632568,5.159999847412109,4.880000114440918,5.019999980926514,4.762851715087891,629500
2015-11-10,5.0,5.059999942779541,4.909999847412109,4.929999828338623,4.677462577819824,363500
2015-11-11,4.940000057220459,4.989999771118164,4.909999847412109,4.940000057220459,4.686950206756592,264400
2015-11-12,4.889999866485596,4.960000038146973,4.809999942779541,4.920000076293945,4.667974472045898,297200
2015-11-13,4.849999904632568,4.880000114440918,4.760000228881836,4.800000190734863,4.554121971130371,225200
2015-11-16,4.75,4.820000171661377,4.699999809265137,4.800000190734863,4.554121971130371,308300
2015-11-17,4.800000190734863,4.829999923706055,4.619999885559082,4.679999828338623,4.4402689933776855,307600
2015-11-18,4.659999847412109,4.829999923706055,4.610000133514404,4.820000171661377,4.573097229003906,232000
2015-11-19,4.78000020980835,4.849999904632568,4.690000057220459,4.75,4.506682395935059,181200
2015-11-20,4.789999961853027,4.900000095367432,4.71999979019165,4.809999942779541,4.5636091232299805,207100
2015-11-23,4.800000190734863,4.849999904632568,4.71999979019165,4.760000228881836,4.516170024871826,134700
2015-11-24,4.75,4.920000076293945,4.71999979019165,4.909999847412109,4.6584858894348145,146200
2015-11-25,4.860000133514404,5.059999942779541,4.809999942779541,5.050000190734863,4.79131555557251,195000
2015-11-27,5.070000171661377,5.090000152587891,4.960000038146973,5.050000190734863,4.79131555557251,58000
2015-11-30,5.050000190734863,5.130000114440918,4.960000038146973,5.059999942779541,4.800802707672119,197100
2015-12-01,5.099999904632568,5.099999904632568,4.880000114440918,5.010000228881836,4.753364562988281,192800
2015-12-02,5.0,5.010000228881836,4.840000152587891,4.849999904632568,4.601560115814209,212500
2015-12-03,4.909999847412109,5.019999980926514,4.789999961853027,4.820000171661377,4.573097229003906,160300
2015-12-04,4.809999942779541,4.840000152587891,4.71999979019165,4.730000019073486,4.487707138061523,1167800
2015-12-07,4.769999980926514,5.090000152587891,4.699999809265137,5.0,4.743875980377197,371700
2015-12-08,4.980000019073486,5.050000190734863,4.829999923706055,5.03000020980835,4.772339344024658,624800
2015-12-09,4.989999771118164,5.099999904632568,4.989999771118164,5.059999942779541,4.800802707672119,116800
2015-12-10,5.059999942779541,5.139999866485596,5.039999961853027,5.059999942779541,4.800802707672119,166400
2015-12-11,4.949999809265137,5.010000228881836,4.849999904632568,4.909999847412109,4.6584858894348145,156800
2015-12-14,4.869999885559082,4.920000076293945,4.659999847412109,4.690000057220459,4.449756622314453,195700
2015-12-15,4.659999847412109,4.78000020980835,4.659999847412109,4.75,4.506682395935059,174800
2015-12-16,4.760000228881836,4.949999809265137,4.760000228881836,4.929999828338623,4.677462577819824,124900
2015-12-17,4.929999828338623,4.96999979019165,4.710000038146973,4.730000019073486,4.487707138061523,178400
2015-12-18,4.730000019073486,4.840000152587891,4.539999961853027,4.650000095367432,4.411805629730225,525500
2015-12-21,4.619999885559082,4.639999866485596,4.400000095367432,4.5,4.26948881149292,150900
2015-12-22,4.5,4.510000228881836,4.349999904632568,4.510000228881836,4.2789764404296875,181700
2015-12-23,4.539999961853027,4.559999942779541,4.349999904632568,4.429999828338623,4.203074932098389,145300
2015-12-24,4.400000095367432,4.460000038146973,4.320000171661377,4.420000076293945,4.193587303161621,85100
2015-12-28,4.409999847412109,4.409999847412109,4.320000171661377,4.340000152587891,4.117685317993164,167800
2015-12-29,4.309999942779541,4.489999771118164,4.309999942779541,4.46999979019165,4.241025924682617,323000
2015-12-30,4.46999979019165,4.519999980926514,4.380000114440918,4.449999809265137,4.222050666809082,187800
2015-12-31,4.420000076293945,4.46999979019165,4.260000228881836,4.420000076293945,4.193587303161621,266100
2016-01-04,4.389999866485596,4.389999866485596,4.190000057220459,4.25,4.032295227050781,187100
2016-01-05,4.199999809265137,4.300000190734863,4.190000057220459,4.210000038146973,3.9943439960479736,88800
2016-01-06,4.130000114440918,4.179999828338623,3.9100000858306885,3.950000047683716,3.7476627826690674,185500
2016-01-07,3.859999895095825,3.9800000190734863,3.7699999809265137,3.9100000858306885,3.709711790084839,241500
2016-01-08,4.010000228881836,4.139999866485596,3.9200000762939453,3.9600000381469727,3.757150411605835,264700
2016-01-11,3.930000066757202,3.950000047683716,3.640000104904175,3.7100000381469727,3.5199568271636963,316100
2016-01-12,3.7200000286102295,3.7899999618530273,3.509999990463257,3.6600000858306885,3.472517728805542,195100
2016-01-13,3.6600000858306885,3.759999990463257,3.4000000953674316,3.4600000381469727,3.2827627658843994,165500
2016-01-14,3.490000009536743,3.6700000762939453,3.390000104904175,3.609999895095825,3.425078868865967,238300
2016-01-15,3.509999990463257,3.549999952316284,3.3399999141693115,3.509999990463257,3.3302013874053955,169800
2016-01-19,3.5,3.5799999237060547,3.319999933242798,3.4000000953674316,3.2258362770080566,193700
2016-01-20,3.309999942779541,3.569999933242798,3.1700000762939453,3.5,3.320713758468628,180600
2016-01-21,3.4700000286102295,3.5899999141693115,3.359999895095825,3.450000047683716,3.2732748985290527,134400
2016-01-22,3.509999990463257,3.5999999046325684,3.4700000286102295,3.5299999713897705,3.349177122116089,90100
2016-01-25,3.450000047683716,3.559999942779541,3.359999895095825,3.380000114440918,3.2068607807159424,132000
2016-01-26,3.369999885559082,3.680000066757202,3.359999895095825,3.6700000762939453,3.4820058345794678,95700
2016-01-27,3.6700000762939453,3.6700000762939453,3.490000009536743,3.5,3.320713758468628,123300
2016-01-28,3.5399999618530273,3.6700000762939453,3.5199999809265137,3.559999942779541,3.3776402473449707,67500
2016-01-29,3.5899999141693115,3.759999990463257,3.5899999141693115,3.690000057220459,3.500981092453003,226900
2016-02-01,3.6700000762939453,3.75,3.559999942779541,3.7300000190734863,3.5389320850372314,107500
2016-02-02,3.6500000953674316,3.6700000762939453,3.559999942779541,3.6500000953674316,3.4630298614501953,134700
2016-02-03,3.700000047683716,3.700000047683716,3.490000009536743,3.619999885559082,3.4345667362213135,136900
2016-02-04,3.5999999046325684,3.859999895095825,3.5999999046325684,3.6500000953674316,3.4630298614501953,178700
2016-02-05,3.5999999046325684,3.7200000286102295,3.450000047683716,3.4600000381469727,3.2827627658843994,221500
2016-02-08,3.4100000858306885,3.5,3.3399999141693115,3.4600000381469727,3.2827627658843994,119000
2016-02-09,3.5,3.5999999046325684,3.450000047683716,3.5299999713897705,3.349177122116089,189100
2016-02-10,3.549999952316284,3.7200000286102295,3.5399999618530273,3.6500000953674316,3.4630298614501953,173800
2016-02-11,3.569999933242798,3.5899999141693115,3.3299999237060547,3.380000114440918,3.2068607807159424,102000
2016-02-12,3.4200000762939453,3.509999990463257,3.390000104904175,3.5,3.320713758468628,134400
2016-02-16,3.5399999618530273,3.630000114440918,3.5,3.630000114440918,3.44405460357666,88900
2016-02-17,3.609999895095825,3.7200000286102295,3.5899999141693115,3.6700000762939453,3.4820058345794678,174700
2016-02-18,3.6700000762939453,3.7200000286102295,3.5999999046325684,3.6500000953674316,3.4630298614501953,103200
2016-02-19,3.6600000858306885,3.759999990463257,3.5899999141693115,3.7100000381469727,3.5199568271636963,110900
2016-02-22,3.799999952316284,3.8499999046325684,3.740000009536743,3.740000009536743,3.54841947555542,189900
2016-02-23,3.7699999809265137,3.7699999809265137,3.680000066757202,3.740000009536743,3.54841947555542,81500
2016-02-24,3.5799999237060547,3.5799999237060547,3.2899999618530273,3.450000047683716,3.2732748985290527,205200
2016-02-25,3.450000047683716,3.5,3.3499999046325684,3.430000066757202,3.2542994022369385,148400
2016-02-26,3.430000066757202,3.5899999141693115,3.4200000762939453,3.5,3.320713758468628,103200
2016-02-29,3.4700000286102295,3.559999942779541,3.430000066757202,3.5,3.320713758468628,242400
2016-03-01,3.5399999618530273,3.619999885559082,3.490000009536743,3.5899999141693115,3.4061033725738525,137400
2016-03-02,3.569999933242798,3.6700000762939453,3.569999933242798,3.609999895095825,3.425078868865967,287700
2016-03-03,3.609999895095825,3.6500000953674316,3.559999942779541,3.609999895095825,3.425078868865967,655100
2016-03-04,3.630000114440918,3.8499999046325684,3.630000114440918,3.75,3.5579075813293457,482400
2016-03-07,3.7799999713897705,3.9000000953674316,3.740000009536743,3.7799999713897705,3.5863711833953857,610800
2016-03-08,3.799999952316284,3.8399999141693115,3.6500000953674316,3.740000009536743,3.54841947555542,3503500
2016-03-09,3.759999990463257,3.8299999237060547,3.759999990463257,3.809999942779541,3.6148338317871094,697000
2016-03-10,3.8299999237060547,3.8499999046325684,3.7899999618530273,3.8399999141693115,3.6432974338531494,567300
2016-03-11,3.9000000953674316,3.9200000762939453,3.8399999141693115,3.890000104904175,3.6907362937927246,598700
2016-03-14,3.930000066757202,3.990000009536743,3.859999895095825,3.950000047683716,3.7476627826690674,620000
2016-03-15,3.9200000762939453,3.9800000190734863,3.880000114440918,3.9200000762939453,3.7191994190216064,488500
2016-03-16,3.9200000762939453,3.9800000190734863,3.9000000953674316,3.9600000381469727,3.757150411605835,360600
2016-03-17,3.9600000381469727,4.079999923706055,3.9200000762939453,4.03000020980835,3.8235647678375244,378100
2016-03-18,4.039999961853027,4.110000133514404,3.990000009536743,4.0,3.7951011657714844,456600
2016-03-21,3.9600000381469727,4.230000019073486,3.9600000381469727,4.170000076293945,3.956393003463745,429000
2016-03-22,4.139999866485596,4.210000038146973,4.119999885559082,4.119999885559082,3.908954620361328,311600
2016-03-23,4.119999885559082,4.170000076293945,4.070000171661377,4.079999923706055,3.8710031509399414,336300
2016-03-24,4.079999923706055,4.230000019073486,4.019999980926514,4.170000076293945,3.956393003463745,213400
2016-03-28,4.230000019073486,4.230000019073486,4.03000020980835,4.070000171661377,3.861515522003174,246900
2016-03-29,4.039999961853027,4.199999809265137,4.019999980926514,4.159999847412109,3.9469053745269775,426900
2016-03-30,4.159999847412109,4.389999866485596,4.159999847412109,4.349999904632568,4.127172470092773,274800
2016-03-31,4.340000152587891,4.53000020980835,4.340000152587891,4.5,4.26948881149292,917300
2016-04-01,4.449999809265137,4.449999809265137,4.159999847412109,4.190000057220459,3.9753682613372803,217400
2016-04-04,4.25,4.300000190734863,4.050000190734863,4.070000171661377,3.861515522003174,316500
2016-04-05,4.0,4.03000020980835,3.819999933242798,3.8399999141693115,3.6432974338531494,259100
2016-04-06,3.8499999046325684,4.099999904632568,3.759999990463257,4.090000152587891,3.880491256713867,494400
2016-04-07,4.050000190734863,4.059999942779541,3.869999885559082,3.890000104904175,3.6907362937927246,171100
2016-04-08,3.9100000858306885,4.059999942779541,3.9000000953674316,3.9700000286102295,3.7666378021240234,130700
2016-04-11,3.9000000953674316,4.03000020980835,3.7899999618530273,3.809999942779541,3.6148338317871094,233500
2016-04-12,3.859999895095825,4.099999904632568,3.799999952316284,4.070000171661377,3.861515522003174,248200
2016-04-13,4.099999904632568,4.210000038146973,4.070000171661377,4.179999828338623,3.9658806324005127,145100
2016-04-14,4.179999828338623,4.179999828338623,4.039999961853027,4.130000114440918,3.918442487716675,146800
2016-04-15,4.119999885559082,4.230000019073486,4.119999885559082,4.210000038146973,3.9943439960479736,82500
2016-04-18,4.210000038146973,4.210000038146973,4.079999923706055,4.159999847412109,3.9469053745269775,115400
2016-04-19,4.139999866485596,4.340000152587891,4.139999866485596,4.25,4.032295227050781,194300
2016-04-20,4.25,4.309999942779541,4.199999809265137,4.21999979019165,4.00383186340332,80100
2016-04-21,4.199999809265137,4.289999961853027,4.110000133514404,4.25,4.032295227050781,211500
2016-04-22,4.25,4.389999866485596,4.25,4.360000133514404,4.136660099029541,98100
2016-04-25,4.309999942779541,4.309999942779541,4.150000095367432,4.25,4.032295227050781,159800
2016-04-26,4.25,4.409999847412109,4.210000038146973,4.380000114440918,4.155636310577393,183300
2016-04-27,4.349999904632568,4.420000076293945,4.25,4.260000228881836,4.041782855987549,109500
2016-04-28,4.260000228881836,4.369999885559082,4.230000019073486,4.25,4.032295227050781,112800
2016-04-29,4.210000038146973,4.25,4.079999923706055,4.119999885559082,3.908954620361328,129100
2016-05-02,4.159999847412109,4.230000019073486,4.119999885559082,4.199999809265137,3.984856367111206,118900
2016-05-03,4.150000095367432,4.190000057220459,4.010000228881836,4.170000076293945,3.956393003463745,167300
2016-05-04,4.400000095367432,4.489999771118164,4.079999923706055,4.230000019073486,4.013319969177246,641800
2016-05-05,4.230000019073486,4.269999980926514,3.9600000381469727,4.079999923706055,3.8710031509399414,181400
2016-05-06,4.119999885559082,4.210000038146973,4.099999904632568,4.139999866485596,3.9279298782348633,136600
2016-05-09,4.139999866485596,4.320000171661377,4.070000171661377,4.230000019073486,4.013319969177246,135900
2016-05-10,4.260000228881836,4.380000114440918,4.059999942779541,4.110000133514404,3.8994662761688232,160900
2016-05-11,4.110000133514404,4.179999828338623,4.03000020980835,4.03000020980835,3.8235647678375244,135500
2016-05-12,4.039999961853027,4.179999828338623,4.019999980926514,4.099999904632568,3.8899786472320557,178600
2016-05-13,4.039999961853027,4.119999885559082,3.880000114440918,3.9000000953674316,3.700223922729492,179000
2016-05-16,3.9000000953674316,4.010000228881836,3.9000000953674316,3.9100000858306885,3.709711790084839,151900
2016-05-17,3.890000104904175,4.090000152587891,3.809999942779541,3.8399999141693115,3.6432974338531494,276400
2016-05-18,3.819999933242798,3.880000114440918,3.740000009536743,3.8399999141693115,3.6432974338531494,289300
2016-05-19,3.7899999618530273,3.869999885559082,3.7699999809265137,3.7899999618530273,3.5958588123321533,179500
2016-05-20,3.7799999713897705,4.010000228881836,3.7799999713897705,3.9000000953674316,3.700223922729492,189200
2016-05-23,3.880000114440918,3.9700000286102295,3.8499999046325684,3.869999885559082,3.6717605590820312,140500
2016-05-24,3.9000000953674316,4.019999980926514,3.890000104904175,3.990000009536743,3.785613536834717,139400
2016-05-25,4.019999980926514,4.190000057220459,4.019999980926514,4.119999885559082,3.908954620361328,167400
2016-05-26,4.170000076293945,4.230000019073486,4.130000114440918,4.199999809265137,3.984856367111206,140500
2016-05-27,4.230000019073486,4.300000190734863,4.199999809265137,4.230000019073486,4.013319969177246,62300
2016-05-31,4.28000020980835,4.349999904632568,4.21999979019165,4.239999771118164,4.0228071212768555,364900
2016-06-01,4.199999809265137,4.380000114440918,4.179999828338623,4.360000133514404,4.136660099029541,175300
2016-06-02,4.320000171661377,4.340000152587891,4.150000095367432,4.150000095367432,3.937417507171631,201300
2016-06-03,4.179999828338623,4.239999771118164,4.090000152587891,4.230000019073486,4.013319969177246,186900
2016-06-06,4.260000228881836,4.329999923706055,4.0,4.039999961853027,3.833052635192871,311900
2016-06-07,4.039999961853027,4.179999828338623,4.0,4.139999866485596,3.9279298782348633,161200
2016-06-08,4.139999866485596,4.230000019073486,4.090000152587891,4.230000019073486,4.013319969177246,125300
2016-06-09,4.21999979019165,4.21999979019165,4.050000190734863,4.059999942779541,3.852027654647827,145800
2016-06-10,4.019999980926514,4.139999866485596,3.990000009536743,3.990000009536743,3.785613536834717,161800
2016-06-13,3.950000047683716,4.079999923706055,3.930000066757202,3.990000009536743,3.785613536834717,174400
2016-06-14,4.0,4.059999942779541,3.9700000286102295,4.03000020980835,3.8235647678375244,102300
2016-06-15,4.03000020980835,4.199999809265137,4.0,4.079999923706055,3.8710031509399414,162600
2016-06-16,4.050000190734863,4.090000152587891,3.9700000286102295,4.050000190734863,3.8425402641296387,112900
2016-06-17,4.059999942779541,4.139999866485596,4.019999980926514,4.039999961853027,3.833052635192871,269900
2016-06-20,4.159999847412109,4.199999809265137,3.990000009536743,4.139999866485596,3.9279298782348633,205100
2016-06-21,4.150000095367432,4.170000076293945,3.950000047683716,3.9600000381469727,3.757150411605835,125000
2016-06-22,4.010000228881836,4.010000228881836,3.75,3.819999933242798,3.624321937561035,154300
2016-06-23,3.9000000953674316,4.050000190734863,3.869999885559082,4.050000190734863,3.8425402641296387,160300
2016-06-24,3.8299999237060547,3.9800000190734863,3.7899999618530273,3.950000047683716,3.7476627826690674,1240700
2016-06-27,3.950000047683716,3.950000047683716,3.799999952316284,3.8299999237060547,3.6338095664978027,165100
2016-06-28,3.890000104904175,3.890000104904175,3.75,3.7899999618530273,3.5958588123321533,198400
2016-06-29,3.809999942779541,3.9800000190734863,3.7799999713897705,3.9700000286102295,3.7666378021240234,236100
2016-06-30,3.9700000286102295,4.039999961853027,3.869999885559082,3.890000104904175,3.6907362937927246,165800
2016-07-01,3.880000114440918,3.940000057220459,3.859999895095825,3.9000000953674316,3.700223922729492,66300
2016-07-05,3.8399999141693115,3.9200000762939453,3.75,3.7799999713897705,3.5863711833953857,348200
2016-07-06,3.7899999618530273,3.8399999141693115,3.75,3.819999933242798,3.624321937561035,78400
2016-07-07,3.8299999237060547,3.9200000762939453,3.75,3.7799999713897705,3.5863711833953857,109700
2016-07-08,3.8399999141693115,3.940000057220459,3.809999942779541,3.930000066757202,3.728687047958374,132000
2016-07-11,3.990000009536743,4.050000190734863,3.9800000190734863,4.050000190734863,3.8425402641296387,100100
2016-07-12,4.090000152587891,4.25,4.039999961853027,4.150000095367432,3.937417507171631,145600
2016-07-13,4.170000076293945,4.21999979019165,4.079999923706055,4.139999866485596,3.9279298782348633,70000
2016-07-14,4.159999847412109,4.190000057220459,4.079999923706055,4.079999923706055,3.8710031509399414,86200
2016-07-15,4.119999885559082,4.150000095367432,4.03000020980835,4.079999923706055,3.8710031509399414,77800
2016-07-18,4.070000171661377,4.119999885559082,4.010000228881836,4.039999961853027,3.833052635192871,88200
2016-07-19,4.050000190734863,4.130000114440918,4.010000228881836,4.110000133514404,3.8994662761688232,90000
2016-07-20,4.130000114440918,4.309999942779541,4.110000133514404,4.239999771118164,4.0228071212768555,143400
2016-07-21,4.230000019073486,4.289999961853027,4.230000019073486,4.239999771118164,4.0228071212768555,121400
2016-07-22,4.230000019073486,4.309999942779541,4.199999809265137,4.21999979019165,4.00383186340332,49000
2016-07-25,4.179999828338623,4.230000019073486,4.130000114440918,4.130000114440918,3.918442487716675,73200
2016-07-26,4.159999847412109,4.210000038146973,4.139999866485596,4.139999866485596,3.9279298782348633,65400
2016-07-27,4.130000114440918,4.130000114440918,3.9200000762939453,3.9600000381469727,3.757150411605835,104200
2016-07-28,3.990000009536743,3.990000009536743,3.880000114440918,3.880000114440918,3.681248426437378,48300
2016-07-29,3.8499999046325684,3.9600000381469727,3.799999952316284,3.940000057220459,3.7381746768951416,125800
2016-08-01,3.940000057220459,4.0,3.9000000953674316,3.9000000953674316,3.700223922729492,105800
2016-08-02,3.9000000953674316,3.930000066757202,3.7699999809265137,3.819999933242798,3.624321937561035,136300
2016-08-03,3.609999895095825,3.609999895095825,3.3499999046325684,3.509999990463257,3.3302013874053955,327000
2016-08-04,3.4800000190734863,3.5199999809265137,3.359999895095825,3.4000000953674316,3.2258362770080566,176300
2016-08-05,3.4000000953674316,3.5299999713897705,3.4000000953674316,3.430000066757202,3.2542994022369385,101600
2016-08-08,3.430000066757202,3.4600000381469727,3.2899999618530273,3.3399999141693115,3.168909788131714,158400
2016-08-09,3.3499999046325684,3.4200000762939453,3.299999952316284,3.3299999237060547,3.159421920776367,137800
2016-08-10,3.299999952316284,3.3299999237060547,3.25,3.25,3.083519697189331,111000
2016-08-11,3.240000009536743,3.3399999141693115,3.240000009536743,3.259999990463257,3.0930075645446777,196300
2016-08-12,3.240000009536743,3.25,3.109999895095825,3.180000066757202,3.0171055793762207,73900
2016-08-15,3.180000066757202,3.180000066757202,3.109999895095825,3.140000104904175,2.979154586791992,154200
2016-08-16,3.130000114440918,3.2200000286102295,3.0799999237060547,3.0999999046325684,2.9412033557891846,114700
2016-08-17,3.0999999046325684,3.109999895095825,3.059999942779541,3.059999942779541,2.903252601623535,95000
2016-08-18,3.0799999237060547,3.180000066757202,3.059999942779541,3.140000104904175,2.979154586791992,118800
2016-08-19,3.1600000858306885,3.2899999618530273,3.130000114440918,3.1600000858306885,2.9981300830841064,193100
2016-08-22,3.1600000858306885,3.200000047683716,3.0799999237060547,3.1600000858306885,2.9981300830841064,116900
2016-08-23,3.140000104904175,3.2899999618530273,3.140000104904175,3.2699999809265137,3.1024956703186035,80200
2016-08-24,3.25,3.299999952316284,3.2300000190734863,3.240000009536743,3.0740320682525635,76700
2016-08-25,3.200000047683716,3.309999942779541,3.200000047683716,3.2899999618530273,3.1214709281921387,180000
2016-08-26,3.2899999618530273,3.440000057220459,3.2899999618530273,3.3399999141693115,3.168909788131714,157600
2016-08-29,3.3299999237060547,3.4000000953674316,3.309999942779541,3.3299999237060547,3.159421920776367,150500
2016-08-30,3.3299999237060547,3.4100000858306885,3.3299999237060547,3.4100000858306885,3.235323905944824,59600
2016-08-31,3.430000066757202,3.4700000286102295,3.3399999141693115,3.380000114440918,3.2068607807159424,136500
2016-09-01,3.380000114440918,3.4100000858306885,3.2899999618530273,3.390000104904175,3.216348648071289,149400
2016-09-02,3.4200000762939453,3.4800000190734863,3.4100000858306885,3.4700000286102295,3.292250871658325,109500
2016-09-06,3.5,3.609999895095825,3.5,3.5899999141693115,3.4061033725738525,90700
2016-09-07,3.5999999046325684,3.630000114440918,3.549999952316284,3.569999933242798,3.387127637863159,82900
2016-09-08,3.5399999618530273,3.5899999141693115,3.4800000190734863,3.5,3.320713758468628,79500
2016-09-09,3.430000066757202,3.4800000190734863,3.359999895095825,3.380000114440918,3.2068607807159424,99700
2016-09-12,3.380000114440918,3.4200000762939453,3.309999942779541,3.4100000858306885,3.235323905944824,73700
2016-09-13,3.3499999046325684,3.369999885559082,3.299999952316284,3.3299999237060547,3.159421920776367,64400
2016-09-14,3.3299999237060547,3.359999895095825,3.259999990463257,3.2799999713897705,3.111983060836792,170800
2016-09-15,3.2699999809265137,3.450000047683716,3.2699999809265137,3.4200000762939453,3.244811534881592,89000
2016-09-16,3.430000066757202,3.4700000286102295,3.380000114440918,3.440000057220459,3.263787269592285,369000
2016-09-19,3.4800000190734863,3.7699999809265137,3.4700000286102295,3.5899999141693115,3.4061033725738525,311500
2016-09-20,3.6500000953674316,3.7200000286102295,3.559999942779541,3.569999933242798,3.387127637863159,97900
2016-09-21,3.5999999046325684,3.6700000762939453,3.559999942779541,3.6600000858306885,3.472517728805542,76500
2016-09-22,3.809999942779541,3.880000114440918,3.690000057220459,3.759999990463257,3.5673952102661133,103300
2016-09-23,3.7899999618530273,3.7899999618530273,3.6700000762939453,3.7100000381469727,3.5199568271636963,67900
2016-09-26,3.7200000286102295,3.7200000286102295,3.640000104904175,3.690000057220459,3.500981092453003,53000
2016-09-27,3.6700000762939453,3.7100000381469727,3.619999885559082,3.6700000762939453,3.4820058345794678,97700
2016-09-28,3.6600000858306885,3.7699999809265137,3.6600000858306885,3.759999990463257,3.5673952102661133,79800
2016-09-29,3.7200000286102295,3.7899999618530273,3.680000066757202,3.7300000190734863,3.5389320850372314,89900
2016-09-30,3.7200000286102295,3.7799999713897705,3.630000114440918,3.740000009536743,3.54841947555542,95000
2016-10-03,3.75,3.7699999809265137,3.6600000858306885,3.690000057220459,3.500981092453003,114700
2016-10-04,3.680000066757202,3.700000047683716,3.6500000953674316,3.6600000858306885,3.472517728805542,37500
2016-10-05,3.690000057220459,3.700000047683716,3.6500000953674316,3.6600000858306885,3.472517728805542,51000
2016-10-06,3.640000104904175,3.680000066757202,3.559999942779541,3.5999999046325684,3.415591239929199,33200
2016-10-07,3.619999885559082,3.619999885559082,3.440000057220459,3.569999933242798,3.387127637863159,53400
2016-10-10,3.609999895095825,3.690000057220459,3.5999999046325684,3.6500000953674316,3.4630298614501953,65600
2016-10-11,3.619999885559082,3.6500000953674316,3.5199999809265137,3.5899999141693115,3.4061033725738525,80800
2016-10-12,3.609999895095825,3.6700000762939453,3.5299999713897705,3.630000114440918,3.44405460357666,73500
2016-10-13,3.5799999237060547,3.5899999141693115,3.5199999809265137,3.549999952316284,3.368152618408203,48100
2016-10-14,3.549999952316284,3.569999933242798,3.369999885559082,3.430000066757202,3.2542994022369385,65700
2016-10-17,3.4100000858306885,3.490000009536743,3.4100000858306885,3.4800000190734863,3.3017380237579346,32800
2016-10-18,3.509999990463257,3.5799999237060547,3.4800000190734863,3.569999933242798,3.387127637863159,43700
2016-10-19,3.559999942779541,3.6500000953674316,3.5199999809265137,3.609999895095825,3.425078868865967,50100
2016-10-20,3.619999885559082,3.640000104904175,3.450000047683716,3.5299999713897705,3.349177122116089,57300
2016-10-21,3.4700000286102295,3.569999933242798,3.4700000286102295,3.5399999618530273,3.3586647510528564,37000
2016-10-24,3.549999952316284,3.619999885559082,3.490000009536743,3.559999942779541,3.3776402473449707,44200
2016-10-25,3.5399999618530273,3.5399999618530273,3.450000047683716,3.490000009536743,3.3112258911132812,117300
2016-10-26,3.4600000381469727,3.5899999141693115,3.4600000381469727,3.5399999618530273,3.3586647510528564,47200
2016-10-27,3.569999933242798,3.569999933242798,3.390000104904175,3.4600000381469727,3.2827627658843994,53900
2016-10-28,3.450000047683716,3.4800000190734863,3.2699999809265137,3.319999933242798,3.1499338150024414,111900
2016-10-31,3.3299999237060547,3.440000057220459,3.309999942779541,3.430000066757202,3.2542994022369385,83000
2016-11-01,3.440000057220459,3.450000047683716,3.3499999046325684,3.390000104904175,3.216348648071289,55500
2016-11-02,3.380000114440918,3.4000000953674316,3.25,3.25,3.083519697189331,65500
2016-11-03,3.4800000190734863,3.5299999713897705,3.4100000858306885,3.4600000381469727,3.2827627658843994,75600
2016-11-04,3.4700000286102295,3.549999952316284,3.4000000953674316,3.4000000953674316,3.2258362770080566,92200
2016-11-07,3.509999990463257,3.509999990463257,3.380000114440918,3.5,3.320713758468628,97900
2016-11-08,3.5199999809265137,3.8499999046325684,3.5199999809265137,3.7899999618530273,3.5958588123321533,116100
2016-11-09,3.680000066757202,3.9100000858306885,3.5799999237060547,3.8499999046325684,3.652784824371338,213500
2016-11-10,3.890000104904175,3.9800000190734863,3.700000047683716,3.869999885559082,3.6717605590820312,215600
2016-11-11,3.859999895095825,4.429999828338623,3.859999895095825,4.360000133514404,4.136660099029541,298700
2016-11-14,4.5,4.590000152587891,4.199999809265137,4.309999942779541,4.089222431182861,176600
2016-11-15,4.329999923706055,4.369999885559082,4.230000019073486,4.28000020980835,4.060758590698242,54900
2016-11-16,4.230000019073486,4.360000133514404,4.230000019073486,4.28000020980835,4.060758590698242,67700
2016-11-17,4.340000152587891,4.389999866485596,4.25,4.349999904632568,4.127172470092773,77500
2016-11-18,4.329999923706055,4.440000057220459,4.25,4.429999828338623,4.203074932098389,177100
2016-11-21,4.420000076293945,4.5,4.400000095367432,4.46999979019165,4.241025924682617,83300
2016-11-22,4.480000019073486,4.650000095367432,4.449999809265137,4.650000095367432,4.411805629730225,66200
2016-11-23,4.610000133514404,4.699999809265137,4.539999961853027,4.699999809265137,4.4592437744140625,55200
2016-11-25,4.699999809265137,4.820000171661377,4.639999866485596,4.789999961853027,4.544633865356445,39200
2016-11-28,4.789999961853027,4.809999942779541,4.650000095367432,4.650000095367432,4.411805629730225,101600
2016-11-29,4.699999809265137,4.800000190734863,4.679999828338623,4.710000038146973,4.468731880187988,59300
2016-11-30,4.78000020980835,4.809999942779541,4.449999809265137,4.460000038146973,4.231538772583008,104800
2016-12-01,4.440000057220459,4.659999847412109,4.440000057220459,4.579999923706055,4.345391273498535,105300
2016-12-02,4.599999904632568,4.690000057220459,4.5,4.539999961853027,4.307440280914307,57600
2016-12-05,4.550000190734863,4.78000020980835,4.53000020980835,4.75,4.506682395935059,100500
2016-12-06,4.800000190734863,4.849999904632568,4.690000057220459,4.820000171661377,4.573097229003906,108100
2016-12-07,4.860000133514404,4.900000095367432,4.769999980926514,4.78000020980835,4.535146236419678,116400
2016-12-08,4.800000190734863,4.849999904632568,4.690000057220459,4.820000171661377,4.573097229003906,100500
2016-12-09,4.849999904632568,4.949999809265137,4.760000228881836,4.949999809265137,4.696437835693359,76400
2016-12-12,4.929999828338623,5.0,4.840000152587891,4.940000057220459,4.686950206756592,86700
2016-12-13,5.03000020980835,5.039999961853027,4.860000133514404,4.889999866485596,4.6395111083984375,67200
2016-12-14,4.880000114440918,4.980000019073486,4.71999979019165,4.78000020980835,4.535146236419678,76800
2016-12-15,4.789999961853027,4.960000038146973,4.789999961853027,4.820000171661377,4.573097229003906,134100
2016-12-16,4.800000190734863,5.010000228881836,4.760000228881836,4.809999942779541,4.5636091232299805,672300
2016-12-19,4.860000133514404,5.0,4.760000228881836,4.980000019073486,4.72490119934082,92700
2016-12-20,5.03000020980835,5.099999904632568,4.949999809265137,5.010000228881836,4.753364562988281,96500
2016-12-21,5.0,5.0,4.809999942779541,4.929999828338623,4.677462577819824,116700
2016-12-22,4.889999866485596,4.949999809265137,4.840000152587891,4.869999885559082,4.620535373687744,53200
2016-12-23,4.900000095367432,4.96999979019165,4.760000228881836,4.96999979019165,4.7154130935668945,52900
2016-12-27,4.949999809265137,5.099999904632568,4.940000057220459,5.039999961853027,4.781827926635742,83700
2016-12-28,5.050000190734863,5.050000190734863,4.860000133514404,4.920000076293945,4.667974472045898,52400
2016-12-29,4.900000095367432,4.980000019073486,4.809999942779541,4.920000076293945,4.667974472045898,104900
2016-12-30,4.900000095367432,5.099999904632568,4.880000114440918,5.079999923706055,4.819778919219971,58000
2017-01-03,5.210000038146973,5.389999866485596,5.0,5.360000133514404,5.085435390472412,212800
2017-01-04,5.360000133514404,5.550000190734863,5.349999904632568,5.440000057220459,5.1613383293151855,135800
2017-01-05,5.449999809265137,5.510000228881836,5.349999904632568,5.380000114440918,5.1044111251831055,133000
2017-01-06,5.400000095367432,5.400000095367432,5.039999961853027,5.079999923706055,4.819778919219971,72400
2017-01-09,5.130000114440918,5.139999866485596,5.019999980926514,5.03000020980835,4.772339344024658,84200
2017-01-10,5.019999980926514,5.199999809265137,4.900000095367432,5.150000095367432,4.886192321777344,80200
2017-01-11,5.170000076293945,5.289999961853027,5.050000190734863,5.28000020980835,5.009533405303955,60600
2017-01-12,5.349999904632568,5.380000114440918,5.0,5.119999885559082,4.857729434967041,61900
2017-01-13,5.199999809265137,5.199999809265137,5.130000114440918,5.170000076293945,4.905168533325195,58300
2017-01-17,5.159999847412109,5.21999979019165,4.940000057220459,4.989999771118164,4.7343878746032715,74300
2017-01-18,5.079999923706055,5.079999923706055,5.0,5.03000020980835,4.772339344024658,37200
2017-01-19,5.090000152587891,5.090000152587891,4.829999923706055,4.860000133514404,4.611048221588135,129200
2017-01-20,4.840000152587891,5.010000228881836,4.840000152587891,5.0,4.743875980377197,144900
2017-01-23,4.96999979019165,5.010000228881836,4.849999904632568,4.949999809265137,4.696437835693359,98400
2017-01-24,4.980000019073486,5.070000171661377,4.860000133514404,4.949999809265137,4.696437835693359,125100
2017-01-25,5.0,5.050000190734863,4.909999847412109,4.989999771118164,4.7343878746032715,144000
2017-01-26,5.03000020980835,5.050000190734863,4.860000133514404,4.889999866485596,4.6395111083984375,37100
2017-01-27,4.880000114440918,4.960000038146973,4.75,4.809999942779541,4.5636091232299805,71500
2017-01-30,4.71999979019165,4.739999771118164,4.579999923706055,4.690000057220459,4.449756622314453,79200
2017-01-31,4.630000114440918,4.75,4.510000228881836,4.710000038146973,4.468731880187988,51600
2017-02-01,4.730000019073486,4.789999961853027,4.679999828338623,4.739999771118164,4.497194766998291,56700
2017-02-02,4.75,4.900000095367432,4.659999847412109,4.679999828338623,4.4402689933776855,73100
2017-02-03,4.730000019073486,4.75,4.679999828338623,4.690000057220459,4.449756622314453,61500
2017-02-06,4.710000038146973,4.75,4.570000171661377,4.590000152587891,4.354878902435303,66600
2017-02-07,4.630000114440918,4.659999847412109,4.449999809265137,4.460000038146973,4.231538772583008,48600
2017-02-08,4.429999828338623,4.5,4.349999904632568,4.360000133514404,4.136660099029541,124900
2017-02-09,4.400000095367432,4.510000228881836,4.369999885559082,4.440000057220459,4.212562561035156,80700
2017-02-10,4.510000228881836,4.75,4.440000057220459,4.710000038146973,4.468731880187988,88600
2017-02-13,4.710000038146973,4.820000171661377,4.699999809265137,4.730000019073486,4.487707138061523,116200
2017-02-14,4.699999809265137,4.75,4.699999809265137,4.75,4.506682395935059,124900
2017-02-15,4.75,4.820000171661377,4.71999979019165,4.75,4.506682395935059,89100
2017-02-16,4.739999771118164,4.789999961853027,4.659999847412109,4.739999771118164,4.497194766998291,77000
2017-02-17,4.75,4.769999980926514,4.690000057220459,4.730000019073486,4.487707138061523,106900
2017-02-21,4.730000019073486,4.75,4.619999885559082,4.670000076293945,4.430781364440918,114200
2017-02-22,4.78000020980835,4.829999923706055,4.349999904632568,4.440000057220459,4.212562561035156,128000
2017-02-23,4.440000057220459,4.489999771118164,4.349999904632568,4.369999885559082,4.146148204803467,90600
2017-02-24,4.320000171661377,4.369999885559082,4.269999980926514,4.360000133514404,4.136660099029541,76300
2017-02-27,4.320000171661377,4.349999904632568,4.25,4.260000228881836,4.041782855987549,89600
2017-02-28,4.239999771118164,4.239999771118164,4.0,4.019999980926514,3.814077138900757,113900
2017-03-01,4.099999904632568,4.179999828338623,4.070000171661377,4.139999866485596,3.9279298782348633,155100
2017-03-02,4.099999904632568,4.340000152587891,4.059999942779541,4.309999942779541,4.089222431182861,107800
2017-03-03,4.320000171661377,4.449999809265137,4.210000038146973,4.400000095367432,4.174611568450928,104600
2017-03-06,4.409999847412109,4.409999847412109,4.28000020980835,4.360000133514404,4.136660099029541,80500
2017-03-07,4.389999866485596,4.389999866485596,4.25,4.25,4.032295227050781,57200
2017-03-08,4.25,4.28000020980835,4.099999904632568,4.110000133514404,3.8994662761688232,57200
2017-03-09,4.050000190734863,4.139999866485596,4.010000228881836,4.070000171661377,3.861515522003174,64900
2017-03-10,4.150000095367432,4.179999828338623,4.050000190734863,4.099999904632568,3.8899786472320557,71400
2017-03-13,4.050000190734863,4.210000038146973,4.050000190734863,4.179999828338623,3.9658806324005127,81900
2017-03-14,4.150000095367432,4.150000095367432,3.9200000762939453,3.9200000762939453,3.7191994190216064,164800
2017-03-15,3.940000057220459,4.070000171661377,3.9000000953674316,4.050000190734863,3.8425402641296387,59600
2017-03-16,4.079999923706055,4.099999904632568,4.0,4.010000228881836,3.804589033126831,97900
2017-03-17,4.050000190734863,4.050000190734863,3.890000104904175,3.9100000858306885,3.709711790084839,267000
2017-03-20,4.110000133514404,4.190000057220459,4.039999961853027,4.079999923706055,3.8710031509399414,123200
2017-03-21,4.110000133514404,4.139999866485596,3.740000009536743,3.75,3.5579075813293457,118600
2017-03-22,3.75,3.8499999046325684,3.5,3.700000047683716,3.5104689598083496,189700
2017-03-23,3.6700000762939453,3.75,3.6600000858306885,3.740000009536743,3.54841947555542,86600
2017-03-24,3.75,3.7699999809265137,3.6600000858306885,3.75,3.5579075813293457,76500
2017-03-27,3.7699999809265137,3.809999942779541,3.6700000762939453,3.799999952316284,3.605346441268921,56100
2017-03-28,3.759999990463257,3.8399999141693115,3.75,3.8299999237060547,3.6338095664978027,56300
2017-03-29,3.819999933242798,3.869999885559082,3.740000009536743,3.859999895095825,3.6622729301452637,82500
2017-03-30,3.890000104904175,3.9000000953674316,3.640000104904175,3.75,3.5579075813293457,180200
2017-03-31,3.75,3.759999990463257,3.4100000858306885,3.450000047683716,3.2732748985290527,612200
2017-04-03,3.5,3.680000066757202,3.5,3.6500000953674316,3.4630298614501953,199900
2017-04-04,3.680000066757202,3.740000009536743,3.549999952316284,3.569999933242798,3.387127637863159,148500
2017-04-05,3.5899999141693115,3.6700000762939453,3.4700000286102295,3.4800000190734863,3.3017380237579346,184500
2017-04-06,3.4800000190734863,3.619999885559082,3.4600000381469727,3.619999885559082,3.4345667362213135,97000
2017-04-07,3.5899999141693115,3.619999885559082,3.5399999618530273,3.549999952316284,3.368152618408203,114100
2017-04-10,3.5999999046325684,3.7200000286102295,3.559999942779541,3.5999999046325684,3.415591239929199,72800
2017-04-11,3.5799999237060547,3.5799999237060547,3.4600000381469727,3.5299999713897705,3.349177122116089,79000
2017-04-12,3.559999942779541,3.569999933242798,3.4100000858306885,3.4800000190734863,3.3017380237579346,79600
2017-04-13,3.4600000381469727,3.559999942779541,3.430000066757202,3.4800000190734863,3.3017380237579346,111700
2017-04-17,3.450000047683716,3.4600000381469727,3.319999933242798,3.359999895095825,3.187885046005249,114000
2017-04-18,3.3299999237060547,3.4200000762939453,3.2899999618530273,3.4200000762939453,3.244811534881592,81700
2017-04-19,3.450000047683716,3.509999990463257,3.4000000953674316,3.490000009536743,3.3112258911132812,71000
2017-04-20,3.4800000190734863,3.509999990463257,3.430000066757202,3.4600000381469727,3.2827627658843994,104100
2017-04-21,3.450000047683716,3.5299999713897705,3.4200000762939453,3.509999990463257,3.3302013874053955,120100
2017-04-24,3.5199999809265137,3.6500000953674316,3.4800000190734863,3.5899999141693115,3.4061033725738525,111300
2017-04-25,3.630000114440918,3.6700000762939453,3.509999990463257,3.509999990463257,3.3302013874053955,132400
2017-04-26,3.5,3.7200000286102295,3.5,3.6700000762939453,3.4820058345794678,148100
2017-04-27,3.640000104904175,3.75,3.609999895095825,3.690000057220459,3.500981092453003,86200
2017-04-28,3.700000047683716,3.7200000286102295,3.609999895095825,3.680000066757202,3.4914932250976562,123100
2017-05-01,3.700000047683716,3.740000009536743,3.630000114440918,3.6700000762939453,3.4820058345794678,104700
2017-05-02,3.7200000286102295,3.75,3.680000066757202,3.7200000286102295,3.5294442176818848,124900
2017-05-03,3.799999952316284,3.8399999141693115,3.2300000190734863,3.319999933242798,3.1499338150024414,180500
2017-05-04,3.3399999141693115,3.359999895095825,3.1700000762939453,3.2300000190734863,3.064544439315796,305400
2017-05-05,3.240000009536743,3.359999895095825,3.190000057220459,3.3299999237060547,3.159421920776367,465100
2017-05-08,3.4000000953674316,3.450000047683716,3.359999895095825,3.380000114440918,3.2068607807159424,131500
2017-05-09,3.380000114440918,3.4800000190734863,3.3499999046325684,3.4000000953674316,3.2258362770080566,206800
2017-05-10,3.3499999046325684,3.619999885559082,3.3499999046325684,3.569999933242798,3.387127637863159,161200
2017-05-11,3.5399999618530273,3.700000047683716,3.5,3.6700000762939453,3.4820058345794678,119200
2017-05-12,3.640000104904175,3.7899999618530273,3.5899999141693115,3.759999990463257,3.5673952102661133,190300
2017-05-15,3.740000009536743,3.8499999046325684,3.740000009536743,3.8399999141693115,3.6432974338531494,147000
2017-05-16,3.8399999141693115,3.8399999141693115,3.740000009536743,3.7799999713897705,3.5863711833953857,193800
2017-05-17,3.700000047683716,3.7100000381469727,3.549999952316284,3.549999952316284,3.368152618408203,108400
2017-05-18,3.549999952316284,3.5999999046325684,3.4600000381469727,3.509999990463257,3.3302013874053955,76800
2017-05-19,3.5,3.5999999046325684,3.440000057220459,3.450000047683716,3.2732748985290527,98100
2017-05-22,3.4200000762939453,3.5,3.359999895095825,3.369999885559082,3.1973726749420166,55100
2017-05-23,3.390000104904175,3.430000066757202,3.309999942779541,3.4200000762939453,3.244811534881592,68200
2017-05-24,3.380000114440918,3.4700000286102295,3.2899999618530273,3.319999933242798,3.1499338150024414,100200
2017-05-25,3.319999933242798,3.4100000858306885,3.2799999713897705,3.2799999713897705,3.111983060836792,96700
2017-05-26,3.259999990463257,3.309999942779541,3.180000066757202,3.240000009536743,3.0740320682525635,111600
2017-05-30,3.2100000381469727,3.3399999141693115,3.2100000381469727,3.2899999618530273,3.1214709281921387,61000
2017-05-31,3.2899999618530273,3.3399999141693115,3.25,3.309999942779541,3.140446424484253,112300
2017-06-01,3.309999942779541,3.430000066757202,3.2799999713897705,3.4200000762939453,3.244811534881592,77000
2017-06-02,3.440000057220459,3.5999999046325684,3.430000066757202,3.5,3.320713758468628,118400
2017-06-05,3.5399999618530273,3.700000047683716,3.509999990463257,3.5299999713897705,3.349177122116089,154600
2017-06-06,3.4800000190734863,3.740000009536743,3.4800000190734863,3.680000066757202,3.4914932250976562,106600
2017-06-07,3.680000066757202,3.9000000953674316,3.6600000858306885,3.869999885559082,3.6717605590820312,253400
2017-06-08,3.869999885559082,4.0,3.8299999237060547,3.9800000190734863,3.77612566947937,174600
2017-06-09,4.0,4.110000133514404,3.9600000381469727,4.059999942779541,3.852027654647827,134300
2017-06-12,4.079999923706055,4.230000019073486,4.070000171661377,4.230000019073486,4.013319969177246,238300
2017-06-13,4.28000020980835,4.320000171661377,4.050000190734863,4.199999809265137,3.984856367111206,224700
2017-06-14,4.199999809265137,4.230000019073486,4.059999942779541,4.119999885559082,3.908954620361328,195600
2017-06-15,4.070000171661377,4.28000020980835,4.070000171661377,4.230000019073486,4.013319969177246,87400
2017-06-16,4.150000095367432,4.239999771118164,4.099999904632568,4.230000019073486,4.013319969177246,231300
2017-06-19,4.28000020980835,4.349999904632568,4.170000076293945,4.340000152587891,4.117685317993164,130600
2017-06-20,4.349999904632568,4.420000076293945,4.309999942779541,4.340000152587891,4.117685317993164,110000
2017-06-21,4.340000152587891,4.550000190734863,4.309999942779541,4.349999904632568,4.127172470092773,114200
2017-06-22,4.349999904632568,4.409999847412109,4.340000152587891,4.380000114440918,4.155636310577393,79000
2017-06-23,4.389999866485596,4.449999809265137,4.360000133514404,4.420000076293945,4.193587303161621,184900
2017-06-26,4.429999828338623,4.449999809265137,4.349999904632568,4.420000076293945,4.193587303161621,74700
2017-06-27,4.429999828338623,4.429999828338623,4.309999942779541,4.329999923706055,4.108197212219238,82100
2017-06-28,4.369999885559082,4.369999885559082,4.190000057220459,4.210000038146973,3.9943439960479736,162700
2017-06-29,4.21999979019165,4.260000228881836,4.039999961853027,4.090000152587891,3.880491256713867,58600
2017-06-30,4.090000152587891,4.199999809265137,4.050000190734863,4.159999847412109,3.9469053745269775,75100
2017-07-03,4.199999809265137,4.21999979019165,4.170000076293945,4.199999809265137,3.984856367111206,60400
2017-07-05,4.179999828338623,4.179999828338623,4.050000190734863,4.119999885559082,3.908954620361328,53200
2017-07-06,4.099999904632568,4.170000076293945,4.039999961853027,4.050000190734863,3.8425402641296387,72400
2017-07-07,4.119999885559082,4.179999828338623,4.03000020980835,4.099999904632568,3.8899786472320557,83800
2017-07-10,4.079999923706055,4.179999828338623,4.059999942779541,4.070000171661377,3.861515522003174,66400
2017-07-11,4.059999942779541,4.139999866485596,4.050000190734863,4.099999904632568,3.8899786472320557,63400
2017-07-12,4.159999847412109,4.199999809265137,4.119999885559082,4.159999847412109,3.9469053745269775,67500
2017-07-13,4.150000095367432,4.159999847412109,4.039999961853027,4.150000095367432,3.937417507171631,71100
2017-07-14,4.119999885559082,4.260000228881836,4.119999885559082,4.179999828338623,3.9658806324005127,44800
2017-07-17,4.179999828338623,4.190000057220459,4.059999942779541,4.099999904632568,3.8899786472320557,102800
2017-07-18,4.070000171661377,4.090000152587891,4.0,4.039999961853027,3.833052635192871,114600
2017-07-19,4.039999961853027,4.130000114440918,4.039999961853027,4.059999942779541,3.852027654647827,71700
2017-07-20,4.03000020980835,4.070000171661377,3.9200000762939453,3.940000057220459,3.7381746768951416,85300
2017-07-21,4.010000228881836,4.010000228881836,3.9000000953674316,3.9200000762939453,3.7191994190216064,109500
2017-07-24,3.9100000858306885,3.9100000858306885,3.7799999713897705,3.8299999237060547,3.6338095664978027,72000
2017-07-25,3.859999895095825,3.9200000762939453,3.799999952316284,3.8399999141693115,3.6432974338531494,64400
2017-07-26,3.8399999141693115,3.869999885559082,3.7799999713897705,3.7899999618530273,3.5958588123321533,50600
2017-07-27,3.7899999618530273,3.8499999046325684,3.5799999237060547,3.619999885559082,3.4345667362213135,74400
2017-07-28,3.5799999237060547,3.700000047683716,3.450000047683716,3.450000047683716,3.2732748985290527,84300
2017-07-31,3.440000057220459,3.6700000762939453,3.4200000762939453,3.4600000381469727,3.2827627658843994,108600
2017-08-01,3.5199999809265137,3.5999999046325684,3.4200000762939453,3.509999990463257,3.3302013874053955,62800
2017-08-02,4.03000020980835,4.050000190734863,3.740000009536743,3.869999885559082,3.6717605590820312,183900
2017-08-03,3.9100000858306885,4.010000228881836,3.75,3.7799999713897705,3.5863711833953857,124900
2017-08-04,3.7799999713897705,3.9100000858306885,3.759999990463257,3.890000104904175,3.6907362937927246,150800
2017-08-07,3.930000066757202,4.019999980926514,3.819999933242798,3.9100000858306885,3.709711790084839,65100
2017-08-08,3.9200000762939453,4.010000228881836,3.890000104904175,3.9000000953674316,3.700223922729492,39900
2017-08-09,3.8499999046325684,3.930000066757202,3.740000009536743,3.759999990463257,3.5673952102661133,68600
2017-08-10,3.7300000190734863,3.799999952316284,3.6500000953674316,3.6700000762939453,3.4820058345794678,71500
2017-08-11,3.619999885559082,3.680000066757202,3.3299999237060547,3.5199999809265137,3.339689254760742,139600
2017-08-14,3.5,3.799999952316284,3.5,3.7699999809265137,3.57688307762146,103200
2017-08-15,3.809999942779541,3.8499999046325684,3.7100000381469727,3.799999952316284,3.605346441268921,82900
2017-08-16,3.799999952316284,3.990000009536743,3.75,3.7699999809265137,3.57688307762146,99100
2017-08-17,3.75,3.8299999237060547,3.5999999046325684,3.609999895095825,3.425078868865967,82400
2017-08-18,3.5399999618530273,3.6600000858306885,3.5199999809265137,3.5299999713897705,3.349177122116089,110900
2017-08-21,3.549999952316284,3.5999999046325684,3.5,3.559999942779541,3.3776402473449707,49300
2017-08-22,3.5999999046325684,3.630000114440918,3.509999990463257,3.5999999046325684,3.415591239929199,44200
2017-08-23,3.549999952316284,3.5899999141693115,3.5,3.509999990463257,3.3302013874053955,44800
2017-08-24,3.5199999809265137,3.569999933242798,3.4800000190734863,3.5199999809265137,3.339689254760742,38500
2017-08-25,3.5299999713897705,3.5999999046325684,3.4600000381469727,3.4700000286102295,3.292250871658325,36900
2017-08-28,3.4700000286102295,3.549999952316284,3.4100000858306885,3.490000009536743,3.3112258911132812,58100
2017-08-29,3.4600000381469727,3.5899999141693115,3.430000066757202,3.440000057220459,3.263787269592285,70600
2017-08-30,3.440000057220459,3.5299999713897705,3.430000066757202,3.450000047683716,3.2732748985290527,53000
2017-08-31,3.4700000286102295,3.5799999237060547,3.4600000381469727,3.5299999713897705,3.349177122116089,77800
2017-09-01,3.569999933242798,3.6500000953674316,3.5399999618530273,3.630000114440918,3.44405460357666,90600
2017-09-05,3.630000114440918,3.740000009536743,3.619999885559082,3.7100000381469727,3.5199568271636963,87100
2017-09-06,3.7200000286102295,3.7699999809265137,3.619999885559082,3.6500000953674316,3.4630298614501953,101900
2017-09-07,3.6500000953674316,3.700000047683716,3.5299999713897705,3.559999942779541,3.3776402473449707,52000
2017-09-08,3.5299999713897705,3.680000066757202,3.5,3.509999990463257,3.3302013874053955,54200
2017-09-11,3.549999952316284,3.609999895095825,3.5399999618530273,3.549999952316284,3.368152618408203,34000
2017-09-12,3.630000114440918,3.75,3.5899999141693115,3.75,3.5579075813293457,43400
2017-09-13,3.759999990463257,3.869999885559082,3.75,3.819999933242798,3.624321937561035,103200
2017-09-14,3.819999933242798,3.940000057220459,3.7799999713897705,3.890000104904175,3.6907362937927246,56300
2017-09-15,3.9000000953674316,4.03000020980835,3.890000104904175,3.950000047683716,3.7476627826690674,230900
2017-09-18,4.0,4.03000020980835,3.9100000858306885,3.940000057220459,3.7381746768951416,93600
2017-09-19,3.9200000762939453,3.950000047683716,3.809999942779541,3.8399999141693115,3.6432974338531494,95000
2017-09-20,3.8399999141693115,3.9700000286102295,3.8399999141693115,3.9200000762939453,3.7191994190216064,57700
2017-09-21,3.9200000762939453,3.9700000286102295,3.9000000953674316,3.9100000858306885,3.709711790084839,51800
2017-09-22,3.9200000762939453,3.9700000286102295,3.880000114440918,3.940000057220459,3.7381746768951416,33400
2017-09-25,3.940000057220459,3.9800000190734863,3.869999885559082,3.940000057220459,3.7381746768951416,106300
2017-09-26,3.9600000381469727,4.079999923706055,3.9200000762939453,3.940000057220459,3.7381746768951416,100500
2017-09-27,3.9700000286102295,4.070000171661377,3.9700000286102295,4.070000171661377,3.861515522003174,155800
2017-09-28,4.050000190734863,4.139999866485596,4.039999961853027,4.099999904632568,3.8899786472320557,315300
2017-09-29,4.110000133514404,4.139999866485596,4.050000190734863,4.090000152587891,3.880491256713867,218000
2017-10-02,4.110000133514404,4.150000095367432,4.070000171661377,4.110000133514404,3.8994662761688232,340200
2017-10-03,4.130000114440918,4.190000057220459,4.039999961853027,4.110000133514404,3.8994662761688232,142200
2017-10-04,4.119999885559082,4.179999828338623,3.990000009536743,4.010000228881836,3.804589033126831,122300
2017-10-05,4.050000190734863,4.130000114440918,4.019999980926514,4.059999942779541,3.852027654647827,98200
2017-10-06,4.079999923706055,4.110000133514404,4.010000228881836,4.03000020980835,3.8235647678375244,98200
2017-10-09,4.059999942779541,4.110000133514404,3.9000000953674316,3.930000066757202,3.728687047958374,140800
2017-10-10,3.930000066757202,4.070000171661377,3.890000104904175,4.03000020980835,3.8235647678375244,281500
2017-10-11,4.039999961853027,4.099999904632568,3.9800000190734863,4.059999942779541,3.852027654647827,190900
2017-10-12,4.059999942779541,4.059999942779541,3.9600000381469727,4.039999961853027,3.833052635192871,214100
2017-10-13,4.050000190734863,4.070000171661377,4.019999980926514,4.050000190734863,3.8425402641296387,263300
2017-10-16,4.110000133514404,4.21999979019165,4.059999942779541,4.170000076293945,3.956393003463745,564800
2017-10-17,4.210000038146973,4.269999980926514,4.099999904632568,4.119999885559082,3.908954620361328,237700
2017-10-18,4.150000095367432,4.230000019073486,4.110000133514404,4.190000057220459,3.9753682613372803,300300
2017-10-19,4.190000057220459,4.369999885559082,4.170000076293945,4.349999904632568,4.127172470092773,314300
2017-10-20,4.389999866485596,4.639999866485596,4.360000133514404,4.619999885559082,4.383342266082764,164700
2017-10-23,4.670000076293945,4.699999809265137,4.53000020980835,4.690000057220459,4.449756622314453,261500
2017-10-24,4.75,4.840000152587891,4.639999866485596,4.659999847412109,4.421292304992676,220400
2017-10-25,4.659999847412109,4.659999847412109,4.5,4.550000190734863,4.316928386688232,263900
2017-10-26,4.559999942779541,4.679999828338623,4.559999942779541,4.630000114440918,4.3928303718566895,68200
2017-10-27,4.630000114440918,4.650000095367432,4.510000228881836,4.599999904632568,4.3643670082092285,197900
2017-10-30,4.639999866485596,4.679999828338623,4.300000190734863,4.309999942779541,4.089222431182861,155100
2017-10-31,4.28000020980835,4.489999771118164,4.28000020980835,4.420000076293945,4.193587303161621,237600
2017-11-01,4.5,4.5,4.269999980926514,4.440000057220459,4.212562561035156,116800
2017-11-02,3.309999942779541,3.8399999141693115,3.009999990463257,3.4800000190734863,3.3017380237579346,613800
2017-11-03,3.4700000286102295,3.4700000286102295,2.6500000953674316,2.819999933242798,2.675546169281006,522900
2017-11-06,2.75,2.9000000953674316,2.5999999046325684,2.7699999809265137,2.6281075477600098,541700
2017-11-07,2.740000009536743,2.890000104904175,2.6700000762939453,2.809999942779541,2.6660587787628174,279100
2017-11-08,2.809999942779541,2.950000047683716,2.7899999618530273,2.930000066757202,2.779911518096924,399500
2017-11-09,2.9200000762939453,3.1700000762939453,2.890000104904175,3.109999895095825,2.9506912231445312,232500
2017-11-10,3.0899999141693115,3.130000114440918,2.9200000762939453,2.9200000762939453,2.7704241275787354,182400
2017-11-13,2.9200000762939453,2.9700000286102295,2.7100000381469727,2.7100000381469727,2.571181297302246,272100
2017-11-14,2.680000066757202,2.930000066757202,2.680000066757202,2.8399999141693115,2.69452166557312,220000
2017-11-15,2.809999942779541,2.819999933242798,2.6700000762939453,2.680000066757202,2.542717695236206,179000
2017-11-16,2.700000047683716,2.990000009536743,2.690000057220459,2.9000000953674316,2.751448392868042,172700
2017-11-17,2.859999895095825,2.930000066757202,2.6500000953674316,2.6500000953674316,2.5142548084259033,202000
2017-11-20,2.7100000381469727,2.7899999618530273,2.609999895095825,2.680000066757202,2.542717695236206,355600
2017-11-21,2.6600000858306885,2.8299999237060547,2.6500000953674316,2.819999933242798,2.675546169281006,193900
2017-11-22,2.799999952316284,2.990000009536743,2.7799999713897705,2.950000047683716,2.798887252807617,220800
2017-11-24,2.9600000381469727,3.069999933242798,2.950000047683716,3.009999990463257,2.855813503265381,214900
2017-11-27,3.009999990463257,3.059999942779541,2.880000114440918,3.0,2.8463258743286133,143500
2017-11-28,3.0,3.0,2.8299999237060547,2.869999885559082,2.722985029220581,205100
2017-11-29,2.8499999046325684,3.119999885559082,2.8499999046325684,2.9700000286102295,2.8178627490997314,183900
2017-11-30,3.0,3.0,2.759999990463257,2.759999990463257,2.618619680404663,333200
2017-12-01,2.759999990463257,2.799999952316284,2.619999885559082,2.6700000762939453,2.5332300662994385,165500
2017-12-04,2.680000066757202,2.75,2.509999990463257,2.5399999618530273,2.4098894596099854,283700
2017-12-05,2.5399999618530273,2.609999895095825,2.5,2.5299999713897705,2.4004013538360596,202100
2017-12-06,2.5,2.5299999713897705,2.390000104904175,2.4100000858306885,2.286548614501953,183500
2017-12-07,2.4100000858306885,2.5,2.299999952316284,2.4100000858306885,2.286548614501953,176600
2017-12-08,2.4200000762939453,2.490000009536743,2.4000000953674316,2.4200000762939453,2.2960360050201416,152900
2017-12-11,2.430000066757202,2.4800000190734863,2.390000104904175,2.440000057220459,2.315011501312256,168600
2017-12-12,2.4600000381469727,2.5899999141693115,2.440000057220459,2.4800000190734863,2.3529629707336426,163600
2017-12-13,2.5,2.630000114440918,2.5,2.5999999046325684,2.466815710067749,187700
2017-12-14,2.5799999237060547,2.6500000953674316,2.549999952316284,2.559999942779541,2.4288647174835205,167700
2017-12-15,2.559999942779541,2.799999952316284,2.559999942779541,2.759999990463257,2.618619680404663,424100
2017-12-18,2.7899999618530273,2.880000114440918,2.7100000381469727,2.799999952316284,2.6565709114074707,287700
2017-12-19,2.809999942779541,2.9200000762939453,2.740000009536743,2.759999990463257,2.618619680404663,173700
2017-12-20,2.799999952316284,2.799999952316284,2.6600000858306885,2.680000066757202,2.542717695236206,175400
2017-12-21,2.680000066757202,2.7799999713897705,2.6500000953674316,2.7100000381469727,2.571181297302246,147400
2017-12-22,2.7100000381469727,2.7100000381469727,2.630000114440918,2.6500000953674316,2.5142548084259033,143100
2017-12-26,2.6500000953674316,2.690000057220459,2.5299999713897705,2.5299999713897705,2.4004013538360596,149500
2017-12-27,2.5299999713897705,2.619999885559082,2.5,2.5399999618530273,2.4098894596099854,152700
2017-12-28,2.5399999618530273,2.640000104904175,2.5399999618530273,2.619999885559082,2.4857912063598633,196200
2017-12-29,2.609999895095825,2.6600000858306885,2.549999952316284,2.549999952316284,2.419377088546753,175800
2018-01-02,2.5799999237060547,2.6500000953674316,2.549999952316284,2.549999952316284,2.419377088546753,102900
2018-01-03,2.559999942779541,2.5799999237060547,2.450000047683716,2.4800000190734863,2.3529629707336426,344800
2018-01-04,2.509999990463257,2.5999999046325684,2.509999990463257,2.5799999237060547,2.4478402137756348,229800
2018-01-05,2.619999885559082,2.619999885559082,2.450000047683716,2.4600000381469727,2.333987236022949,198000
2018-01-08,2.4600000381469727,2.5,2.4000000953674316,2.5,2.3719379901885986,92900
2018-01-09,2.509999990463257,2.509999990463257,2.450000047683716,2.450000047683716,2.3244993686676025,66100
2018-01-10,2.430000066757202,2.4700000286102295,2.4000000953674316,2.450000047683716,2.3244993686676025,72500
2018-01-11,2.450000047683716,2.930000066757202,2.4200000762939453,2.569999933242798,2.438352346420288,345900
2018-01-12,2.5999999046325684,2.619999885559082,2.5,2.5999999046325684,2.466815710067749,137300
2018-01-16,2.5999999046325684,2.6700000762939453,2.3499999046325684,2.3499999046325684,2.2296218872070312,198300
2018-01-17,2.380000114440918,2.490000009536743,2.369999885559082,2.4800000190734863,2.3529629707336426,113000
2018-01-18,2.4700000286102295,2.4700000286102295,2.359999895095825,2.390000104904175,2.267573118209839,125800
2018-01-19,2.359999895095825,2.4000000953674316,2.3299999237060547,2.4000000953674316,2.2770609855651855,178500
2018-01-22,2.380000114440918,2.4000000953674316,2.3299999237060547,2.369999885559082,2.2485973834991455,84000
2018-01-23,2.369999885559082,2.4000000953674316,2.3299999237060547,2.390000104904175,2.267573118209839,145500
2018-01-24,2.390000104904175,2.390000104904175,2.3299999237060547,2.359999895095825,2.239109754562378,179800
2018-01-25,2.359999895095825,2.5,2.3299999237060547,2.450000047683716,2.3244993686676025,165800
2018-01-26,2.5,2.5,2.3499999046325684,2.440000057220459,2.315011501312256,138800
2018-01-29,2.430000066757202,2.4800000190734863,2.380000114440918,2.440000057220459,2.315011501312256,79900
2018-01-30,2.380000114440918,2.4700000286102295,2.359999895095825,2.4200000762939453,2.2960360050201416,168100
2018-01-31,2.440000057220459,2.450000047683716,2.380000114440918,2.4200000762939453,2.2960360050201416,185800
2018-02-01,2.4100000858306885,2.450000047683716,2.369999885559082,2.4100000858306885,2.286548614501953,135400
2018-02-02,2.390000104904175,2.440000057220459,2.3499999046325684,2.380000114440918,2.258085012435913,204400
2018-02-05,2.4000000953674316,2.440000057220459,2.3299999237060547,2.3299999237060547,2.210646152496338,169600
2018-02-06,2.299999952316284,2.4100000858306885,2.1500000953674316,2.1700000762939453,2.058842658996582,333700
2018-02-07,2.1700000762939453,2.309999942779541,2.0999999046325684,2.2300000190734863,2.115769386291504,189000
2018-02-08,2.2300000190734863,2.2300000190734863,2.119999885559082,2.140000104904175,2.030379295349121,222000
2018-02-09,2.1700000762939453,2.2300000190734863,2.109999895095825,2.180000066757202,2.0683300495147705,153000
2018-02-12,2.1700000762939453,2.2300000190734863,2.119999885559082,2.190000057220459,2.0778181552886963,265200
2018-02-13,2.1700000762939453,2.25,2.1700000762939453,2.2200000286102295,2.106281280517578,115300
2018-02-14,2.190000057220459,2.2200000286102295,2.1500000953674316,2.1700000762939453,2.058842658996582,178000
2018-02-15,2.200000047683716,2.2300000190734863,2.1500000953674316,2.2200000286102295,2.106281280517578,211000
2018-02-16,2.200000047683716,2.25,2.1700000762939453,2.190000057220459,2.0778181552886963,144500
2018-02-20,2.190000057220459,2.2699999809265137,2.1700000762939453,2.190000057220459,2.0778181552886963,107200
2018-02-21,2.2100000381469727,2.299999952316284,2.180000066757202,2.2200000286102295,2.106281280517578,109900
2018-02-22,2.2300000190734863,2.2899999618530273,2.200000047683716,2.2100000381469727,2.0967936515808105,117300
2018-02-23,2.2300000190734863,2.259999990463257,2.1500000953674316,2.180000066757202,2.0683300495147705,163100
2018-02-26,2.200000047683716,2.2300000190734863,2.119999885559082,2.2100000381469727,2.0967936515808105,290800
2018-02-27,2.2200000286102295,2.2899999618530273,2.2100000381469727,2.2100000381469727,2.0967936515808105,72000
2018-02-28,2.2100000381469727,2.369999885559082,2.130000114440918,2.130000114440918,2.0208914279937744,512100
2018-03-01,2.140000104904175,2.190000057220459,2.0899999141693115,2.130000114440918,2.0208914279937744,147800
2018-03-02,2.200000047683716,2.369999885559082,2.1600000858306885,2.2699999809265137,2.1537201404571533,332900
2018-03-05,2.25,2.2799999713897705,2.119999885559082,2.2300000190734863,2.115769386291504,203700
2018-03-06,2.240000009536743,2.430000066757202,2.2200000286102295,2.369999885559082,2.2485973834991455,205900
2018-03-07,2.3499999046325684,2.380000114440918,2.3299999237060547,2.3499999046325684,2.2296218872070312,120600
2018-03-08,2.3399999141693115,2.380000114440918,2.2899999618530273,2.359999895095825,2.239109754562378,170100
2018-03-09,2.369999885559082,2.4700000286102295,2.359999895095825,2.390000104904175,2.267573118209839,181200
2018-03-12,2.390000104904175,2.4000000953674316,2.3499999046325684,2.380000114440918,2.258085012435913,204100
2018-03-13,2.390000104904175,2.4600000381469727,2.3299999237060547,2.4000000953674316,2.2770609855651855,293600
2018-03-14,2.430000066757202,2.440000057220459,2.3499999046325684,2.4100000858306885,2.286548614501953,209800
2018-03-15,2.4100000858306885,2.4200000762939453,2.0799999237060547,2.3499999046325684,2.2296218872070312,245200
2018-03-16,2.380000114440918,2.5899999141693115,2.380000114440918,2.5899999141693115,2.4573280811309814,616600
2018-03-19,2.559999942779541,2.6700000762939453,2.509999990463257,2.6500000953674316,2.5142548084259033,188600
2018-03-20,2.6500000953674316,2.6600000858306885,2.5199999809265137,2.5399999618530273,2.4098894596099854,135100
2018-03-21,2.5299999713897705,2.619999885559082,2.5299999713897705,2.5999999046325684,2.466815710067749,90300
2018-03-22,2.569999933242798,2.640000104904175,2.4200000762939453,2.4200000762939453,2.2960360050201416,224500
2018-03-23,2.4200000762939453,2.4200000762939453,2.2799999713897705,2.2799999713897705,2.1632080078125,168400
2018-03-26,2.3299999237060547,2.3499999046325684,2.180000066757202,2.240000009536743,2.1252567768096924,100100
2018-03-27,2.25,2.2899999618530273,2.200000047683716,2.200000047683716,2.087305784225464,161100
2018-03-28,2.2200000286102295,2.2300000190734863,2.1600000858306885,2.200000047683716,2.087305784225464,95700
2018-03-29,2.2100000381469727,2.2100000381469727,2.1600000858306885,2.200000047683716,2.087305784225464,146200
2018-04-02,2.200000047683716,2.200000047683716,2.0799999237060547,2.0899999141693115,1.9829403162002563,218500
2018-04-03,2.109999895095825,2.1700000762939453,2.049999952316284,2.1600000858306885,2.0493550300598145,165400
2018-04-04,2.140000104904175,2.200000047683716,2.0999999046325684,2.140000104904175,2.030379295349121,111200
2018-04-05,2.140000104904175,2.25,2.140000104904175,2.200000047683716,2.087305784225464,128700
2018-04-06,2.190000057220459,2.2100000381469727,2.069999933242798,2.0999999046325684,1.992428183555603,174400
2018-04-09,2.119999885559082,2.1600000858306885,2.0899999141693115,2.0999999046325684,1.992428183555603,90100
2018-04-10,2.130000114440918,2.180000066757202,2.0899999141693115,2.130000114440918,2.0208914279937744,182600
2018-04-11,2.130000114440918,2.190000057220459,2.0399999618530273,2.0799999237060547,1.9734526872634888,241200
2018-04-12,2.0999999046325684,2.1700000762939453,2.0799999237060547,2.140000104904175,2.030379295349121,206500
2018-04-13,2.1500000953674316,2.1500000953674316,2.059999942779541,2.0999999046325684,1.992428183555603,125400
2018-04-16,2.0999999046325684,2.2200000286102295,2.059999942779541,2.2100000381469727,2.0967936515808105,119200
2018-04-17,2.240000009536743,2.2799999713897705,2.1700000762939453,2.2300000190734863,2.115769386291504,155900
2018-04-18,2.2300000190734863,2.2799999713897705,2.1700000762939453,2.25,2.13474440574646,62900
2018-04-19,2.259999990463257,2.2699999809265137,2.1600000858306885,2.2100000381469727,2.0967936515808105,62900
2018-04-20,2.200000047683716,2.2799999713897705,2.200000047683716,2.25,2.13474440574646,47600
2018-04-23,2.25,2.25,2.140000104904175,2.180000066757202,2.0683300495147705,108700
2018-04-24,2.190000057220459,2.240000009536743,2.190000057220459,2.2200000286102295,2.106281280517578,129500
2018-04-25,2.2300000190734863,2.25,2.200000047683716,2.240000009536743,2.1252567768096924,77400
2018-04-26,2.25,2.25,2.1700000762939453,2.180000066757202,2.0683300495147705,89300
2018-04-27,2.200000047683716,2.299999952316284,2.1700000762939453,2.240000009536743,2.1252567768096924,90800
2018-04-30,2.240000009536743,2.25,2.200000047683716,2.200000047683716,2.087305784225464,105500
2018-05-01,2.200000047683716,2.200000047683716,2.109999895095825,2.190000057220459,2.0778181552886963,91500
2018-05-02,2.1500000953674316,2.200000047683716,2.119999885559082,2.1700000762939453,2.058842658996582,117500
2018-05-03,2.140000104904175,2.180000066757202,2.0799999237060547,2.1700000762939453,2.058842658996582,141800
2018-05-04,2.1500000953674316,2.2100000381469727,2.130000114440918,2.200000047683716,2.087305784225464,66200
2018-05-07,2.200000047683716,2.309999942779541,2.190000057220459,2.2699999809265137,2.1537201404571533,167200
2018-05-08,2.25,2.2799999713897705,2.130000114440918,2.2300000190734863,2.115769386291504,113400
2018-05-09,2.2200000286102295,2.25,2.1500000953674316,2.2300000190734863,2.115769386291504,78800
2018-05-10,2.2300000190734863,2.240000009536743,2.1700000762939453,2.2300000190734863,2.115769386291504,53500
2018-05-11,2.25,2.25,2.180000066757202,2.2200000286102295,2.106281280517578,132600
2018-05-14,2.2300000190734863,2.2699999809265137,2.2200000286102295,2.240000009536743,2.1252567768096924,130100
2018-05-15,2.240000009536743,2.4000000953674316,2.2300000190734863,2.2899999618530273,2.1726956367492676,312600
2018-05-16,2.309999942779541,2.359999895095825,2.1600000858306885,2.1700000762939453,2.058842658996582,141900
2018-05-17,2.180000066757202,2.190000057220459,2.0999999046325684,2.130000114440918,2.0208914279937744,170100
2018-05-18,2.1500000953674316,2.1700000762939453,2.0999999046325684,2.109999895095825,2.00191593170166,145300
2018-05-21,2.130000114440918,2.140000104904175,2.0399999618530273,2.0399999618530273,1.9355015754699707,211200
2018-05-22,2.059999942779541,2.109999895095825,1.9900000095367432,1.9900000095367432,1.888062834739685,298100
2018-05-23,2.0,2.0199999809265137,1.9600000381469727,1.9800000190734863,1.8785752058029175,154700
2018-05-24,2.0799999237060547,2.0799999237060547,1.9299999475479126,1.9600000381469727,1.8595997095108032,172400
2018-05-25,1.9700000286102295,2.0,1.9500000476837158,1.9600000381469727,1.8595997095108032,121800
2018-05-29,1.9500000476837158,1.9700000286102295,1.909999966621399,1.9299999475479126,1.8311364650726318,186900
2018-05-30,1.9500000476837158,2.009999990463257,1.9299999475479126,1.9700000286102295,1.8690873384475708,218100
2018-05-31,1.9800000190734863,2.0199999809265137,1.940000057220459,1.9500000476837158,1.850111961364746,120200
2018-06-01,1.9800000190734863,1.9800000190734863,1.8899999856948853,1.9199999570846558,1.8216487169265747,171900
2018-06-04,1.940000057220459,1.9500000476837158,1.8799999952316284,1.899999976158142,1.8026732206344604,147500
2018-06-05,1.8700000047683716,2.0299999713897705,1.8700000047683716,1.9900000095367432,1.888062834739685,241500
2018-06-06,2.0,2.059999942779541,1.9900000095367432,2.0,1.8975505828857422,295200
2018-06-07,1.9900000095367432,2.069999933242798,1.9700000286102295,2.059999942779541,1.954477310180664,137300
2018-06-08,2.069999933242798,2.119999885559082,2.0399999618530273,2.049999952316284,1.9449893236160278,172600
2018-06-11,2.0199999809265137,2.119999885559082,2.0199999809265137,2.0999999046325684,1.992428183555603,190100
2018-06-12,2.0999999046325684,2.130000114440918,2.059999942779541,2.0899999141693115,1.9829403162002563,200200
2018-06-13,2.140000104904175,2.1500000953674316,2.0799999237060547,2.109999895095825,2.00191593170166,161900
2018-06-14,2.119999885559082,2.119999885559082,2.0,2.049999952316284,1.9449893236160278,144300
2018-06-15,2.0399999618530273,2.0999999046325684,2.0199999809265137,2.049999952316284,1.9449893236160278,214500
2018-06-18,2.0399999618530273,2.069999933242798,1.9900000095367432,2.009999990463257,1.9070385694503784,184400
2018-06-19,2.009999990463257,2.049999952316284,1.9600000381469727,2.0199999809265137,1.9165263175964355,247200
2018-06-20,2.0199999809265137,2.049999952316284,1.9800000190734863,1.9800000190734863,1.8785752058029175,271600
2018-06-21,1.9800000190734863,2.009999990463257,1.9199999570846558,1.9199999570846558,1.8216487169265747,277600
2018-06-22,1.940000057220459,2.0,1.809999942779541,1.8200000524520874,1.7267712354660034,4892800
2018-06-25,1.8300000429153442,1.899999976158142,1.8300000429153442,1.850000023841858,1.7552344799041748,322500
2018-06-26,1.850000023841858,1.899999976158142,1.8200000524520874,1.8300000429153442,1.736258864402771,261700
2018-06-27,1.850000023841858,1.899999976158142,1.7999999523162842,1.809999942779541,1.7172833681106567,434600
2018-06-28,1.8200000524520874,1.8600000143051147,1.7599999904632568,1.7799999713897705,1.6888201236724854,165500
2018-06-29,1.7999999523162842,1.8300000429153442,1.7599999904632568,1.7699999809265137,1.6793323755264282,90300
2018-07-02,1.7599999904632568,1.7699999809265137,1.7200000286102295,1.7599999904632568,1.669844627380371,193000
2018-07-03,1.7999999523162842,1.8200000524520874,1.7400000095367432,1.7599999904632568,1.669844627380371,77200
2018-07-05,1.7799999713897705,1.840000033378601,1.7599999904632568,1.7899999618530273,1.698307991027832,239200
2018-07-06,1.7899999618530273,1.8200000524520874,1.75,1.75,1.660356879234314,86200
2018-07-09,1.75,1.850000023841858,1.7400000095367432,1.7599999904632568,1.669844627380371,758700
2018-07-10,1.7400000095367432,1.75,1.7000000476837158,1.7000000476837158,1.6129181385040283,187200
2018-07-11,1.7000000476837158,1.75,1.649999976158142,1.7300000190734863,1.6413813829421997,318800
2018-07-12,1.7400000095367432,1.7599999904632568,1.7000000476837158,1.7100000381469727,1.622405767440796,363100
2018-07-13,1.7100000381469727,1.7599999904632568,1.6200000047683716,1.6399999856948853,1.555991530418396,257500
2018-07-16,1.659999966621399,2.200000047683716,1.659999966621399,2.0399999618530273,1.9355015754699707,1903100
2018-07-17,2.0299999713897705,2.140000104904175,2.009999990463257,2.109999895095825,2.00191593170166,316200
2018-07-18,2.0999999046325684,2.430000066757202,2.0999999046325684,2.369999885559082,2.2485973834991455,637000
2018-07-19,2.4000000953674316,2.440000057220459,2.299999952316284,2.3499999046325684,2.2296218872070312,302200
2018-07-20,2.3299999237060547,2.509999990463257,2.3299999237060547,2.450000047683716,2.3244993686676025,289500
2018-07-23,2.440000057220459,2.4600000381469727,2.0899999141693115,2.369999885559082,2.2485973834991455,366800
2018-07-24,2.380000114440918,2.440000057220459,2.3499999046325684,2.4100000858306885,2.286548614501953,87100
2018-07-25,2.4000000953674316,2.430000066757202,2.240000009536743,2.240000009536743,2.1252567768096924,195500
2018-07-26,2.2300000190734863,2.4100000858306885,2.190000057220459,2.4000000953674316,2.2770609855651855,211100
2018-07-27,2.380000114440918,2.390000104904175,2.299999952316284,2.359999895095825,2.239109754562378,284800
2018-07-30,2.380000114440918,2.4700000286102295,2.380000114440918,2.440000057220459,2.315011501312256,175700
2018-07-31,2.430000066757202,2.740000009536743,2.430000066757202,2.5799999237060547,2.4478402137756348,455500
2018-08-01,2.700000047683716,2.7300000190734863,2.569999933242798,2.5899999141693115,2.4573280811309814,226900
2018-08-02,2.5899999141693115,2.6500000953674316,2.4800000190734863,2.509999990463257,2.3814258575439453,304300
2018-08-03,3.0899999141693115,3.259999990463257,2.619999885559082,2.7200000286102295,2.5806691646575928,952800
2018-08-06,2.9000000953674316,3.109999895095825,2.7699999809265137,3.0399999618530273,2.884277105331421,901900
2018-08-07,3.009999990463257,3.3399999141693115,3.0,3.2300000190734863,3.064544439315796,762200
2018-08-08,3.240000009536743,3.299999952316284,2.9100000858306885,2.9800000190734863,2.827350616455078,526100
2018-08-09,2.9200000762939453,3.0999999046325684,2.9000000953674316,3.069999933242798,2.9127402305603027,288000
2018-08-10,3.049999952316284,3.2699999809265137,3.009999990463257,3.119999885559082,2.960179090499878,595500
2018-08-13,3.180000066757202,3.3399999141693115,3.109999895095825,3.1700000762939453,3.007617712020874,685400
2018-08-14,3.190000057220459,3.3299999237060547,3.119999885559082,3.2300000190734863,3.064544439315796,380600
2018-08-15,3.2200000286102295,3.2200000286102295,3.0299999713897705,3.1500000953674316,2.988642454147339,433100
2018-08-16,3.1500000953674316,3.259999990463257,3.119999885559082,3.200000047683716,3.036081075668335,293700
2018-08-17,3.200000047683716,3.4000000953674316,3.049999952316284,3.2200000286102295,3.055056571960449,396000
2018-08-20,3.2200000286102295,3.2200000286102295,3.049999952316284,3.1600000858306885,2.9981300830841064,333600
2018-08-21,3.140000104904175,3.2300000190734863,3.059999942779541,3.2100000381469727,3.0455689430236816,409500
2018-08-22,3.2100000381469727,3.25,3.0399999618530273,3.140000104904175,2.979154586791992,794700
2018-08-23,3.140000104904175,3.180000066757202,3.0799999237060547,3.0999999046325684,2.9412033557891846,268000
2018-08-24,3.130000114440918,3.2799999713897705,3.049999952316284,3.200000047683716,3.036081075668335,416600
2018-08-27,3.25,3.3499999046325684,3.1700000762939453,3.299999952316284,3.1309587955474854,431100
2018-08-28,3.3299999237060547,3.5799999237060547,3.3299999237060547,3.4700000286102295,3.292250871658325,481700
2018-08-29,3.490000009536743,3.5899999141693115,3.309999942779541,3.3299999237060547,3.159421920776367,302400
2018-08-30,3.3299999237060547,3.390000104904175,3.2300000190734863,3.259999990463257,3.0930075645446777,230000
2018-08-31,3.2300000190734863,3.2899999618530273,3.0999999046325684,3.2200000286102295,3.055056571960449,299800
2018-09-04,3.190000057220459,3.190000057220459,3.059999942779541,3.0999999046325684,2.9412033557891846,304700
2018-09-05,3.0799999237060547,3.1600000858306885,3.009999990463257,3.069999933242798,2.9127402305603027,452700
2018-09-06,3.0999999046325684,3.1600000858306885,2.9700000286102295,3.0199999809265137,2.8653016090393066,224500
2018-09-07,3.0399999618530273,3.2300000190734863,3.0299999713897705,3.2200000286102295,3.055056571960449,377200
2018-09-10,3.2200000286102295,3.2300000190734863,3.059999942779541,3.200000047683716,3.036081075668335,266300
2018-09-11,3.2200000286102295,3.299999952316284,3.140000104904175,3.180000066757202,3.0171055793762207,412900
2018-09-12,3.190000057220459,3.259999990463257,3.0299999713897705,3.0399999618530273,2.884277105331421,255200
2018-09-13,3.049999952316284,3.0899999141693115,2.9100000858306885,2.940000057220459,2.7893993854522705,260900
2018-09-14,2.9100000858306885,2.9800000190734863,2.9000000953674316,2.930000066757202,2.779911518096924,227400
2018-09-17,2.9100000858306885,2.9800000190734863,2.740000009536743,2.8299999237060547,2.6850342750549316,572700
2018-09-18,2.859999895095825,3.0299999713897705,2.8499999046325684,2.9100000858306885,2.7609362602233887,282500
2018-09-19,2.950000047683716,3.0299999713897705,2.9000000953674316,3.0199999809265137,2.8653016090393066,270300
2018-09-20,3.059999942779541,3.2100000381469727,3.0299999713897705,3.1700000762939453,3.007617712020874,341600
2018-09-21,3.1500000953674316,3.1700000762939453,2.9800000190734863,3.049999952316284,2.8937647342681885,329100
2018-09-24,3.0299999713897705,3.0799999237060547,2.9000000953674316,2.9200000762939453,2.7704241275787354,264200
2018-09-25,2.9200000762939453,2.9700000286102295,2.9000000953674316,2.9100000858306885,2.7609362602233887,185900
2018-09-26,2.930000066757202,2.950000047683716,2.8499999046325684,2.880000114440918,2.7324728965759277,158300
2018-09-27,2.880000114440918,3.0,2.8499999046325684,2.940000057220459,2.7893993854522705,246900
2018-09-28,2.940000057220459,2.940000057220459,2.819999933242798,2.8399999141693115,2.69452166557312,217700
2018-10-01,2.799999952316284,2.8299999237060547,2.559999942779541,2.690000057220459,2.5522055625915527,418600
2018-10-02,2.6700000762939453,2.740000009536743,2.5999999046325684,2.5999999046325684,2.466815710067749,168500
2018-10-03,2.6500000953674316,2.740000009536743,2.619999885559082,2.680000066757202,2.542717695236206,279100
2018-10-04,2.680000066757202,2.7799999713897705,2.680000066757202,2.740000009536743,2.599644184112549,193500
2018-10-05,2.740000009536743,2.7699999809265137,2.680000066757202,2.700000047683716,2.5616931915283203,204900
2018-10-08,2.690000057220459,2.759999990463257,2.609999895095825,2.740000009536743,2.599644184112549,154000
2018-10-09,2.7300000190734863,2.7699999809265137,2.700000047683716,2.740000009536743,2.599644184112549,247700
2018-10-10,2.740000009536743,2.799999952316284,2.609999895095825,2.6600000858306885,2.523742198944092,223000
2018-10-11,2.619999885559082,2.6500000953674316,2.509999990463257,2.5399999618530273,2.4098894596099854,141700
2018-10-12,2.559999942779541,2.5999999046325684,2.5,2.5399999618530273,2.4098894596099854,138000
2018-10-15,2.5399999618530273,2.640000104904175,2.5,2.609999895095825,2.4763033390045166,111200
2018-10-16,2.609999895095825,2.75,2.609999895095825,2.7200000286102295,2.5806691646575928,132700
2018-10-17,2.7100000381469727,2.759999990463257,2.680000066757202,2.7300000190734863,2.5901565551757812,131600
2018-10-18,2.7300000190734863,2.740000009536743,2.609999895095825,2.680000066757202,2.542717695236206,93900
2018-10-19,2.6600000858306885,2.7300000190734863,2.609999895095825,2.630000114440918,2.495279312133789,102500
2018-10-22,2.609999895095825,2.740000009536743,2.609999895095825,2.630000114440918,2.495279312133789,122100
2018-10-23,2.609999895095825,2.619999885559082,2.5299999713897705,2.559999942779541,2.4288647174835205,75300
2018-10-24,2.559999942779541,2.5999999046325684,2.4000000953674316,2.440000057220459,2.315011501312256,162800
2018-10-25,2.450000047683716,2.5,2.2899999618530273,2.3299999237060547,2.210646152496338,163500
2018-10-26,2.299999952316284,2.440000057220459,2.240000009536743,2.359999895095825,2.239109754562378,137400
2018-10-29,2.359999895095825,2.430000066757202,2.140000104904175,2.2200000286102295,2.106281280517578,245800
2018-10-30,2.2100000381469727,2.319999933242798,2.140000104904175,2.299999952316284,2.1821835041046143,74000
2018-10-31,2.3499999046325684,2.359999895095825,2.2300000190734863,2.2799999713897705,2.1632080078125,79800
2018-11-01,2.2799999713897705,2.390000104904175,2.2799999713897705,2.3399999141693115,2.2201344966888428,97100
2018-11-02,2.3399999141693115,2.4000000953674316,2.2799999713897705,2.2899999618530273,2.1726956367492676,154200
2018-11-05,2.2899999618530273,2.359999895095825,2.2200000286102295,2.259999990463257,2.1442325115203857,154500
2018-11-06,2.25,2.319999933242798,2.1700000762939453,2.2799999713897705,2.1632080078125,126800
2018-11-07,2.2799999713897705,2.3499999046325684,2.25,2.2899999618530273,2.1726956367492676,149800
2018-11-08,2.740000009536743,3.069999933242798,2.609999895095825,2.759999990463257,2.618619680404663,589500
2018-11-09,2.7300000190734863,3.069999933242798,2.7300000190734863,2.8399999141693115,2.69452166557312,445600
2018-11-12,2.9000000953674316,2.9200000762939453,2.6700000762939453,2.740000009536743,2.599644184112549,155600
2018-11-13,2.8399999141693115,3.009999990463257,2.75,2.859999895095825,2.7134974002838135,277500
2018-11-14,2.859999895095825,2.859999895095825,2.559999942779541,2.6600000858306885,2.523742198944092,167600
2018-11-15,2.6700000762939453,2.799999952316284,2.609999895095825,2.7699999809265137,2.6281075477600098,111500
2018-11-16,2.75,2.809999942779541,2.5999999046325684,2.630000114440918,2.495279312133789,72700
2018-11-19,2.569999933242798,2.759999990463257,2.569999933242798,2.700000047683716,2.5616931915283203,132400
2018-11-20,2.700000047683716,2.700000047683716,2.5799999237060547,2.619999885559082,2.4857912063598633,113800
2018-11-21,2.619999885559082,2.690000057220459,2.559999942779541,2.630000114440918,2.495279312133789,27000
2018-11-23,2.619999885559082,2.690000057220459,2.4700000286102295,2.4700000286102295,2.343475103378296,57200
2018-11-26,2.5199999809265137,2.619999885559082,2.4700000286102295,2.5299999713897705,2.4004013538360596,126700
2018-11-27,2.509999990463257,2.569999933242798,2.430000066757202,2.450000047683716,2.3244993686676025,78900
2018-11-28,2.450000047683716,2.569999933242798,2.450000047683716,2.490000009536743,2.36245059967041,131900
2018-11-29,2.490000009536743,2.569999933242798,2.4000000953674316,2.440000057220459,2.315011501312256,100700
2018-11-30,2.450000047683716,2.509999990463257,2.4100000858306885,2.4100000858306885,2.286548614501953,283300
2018-12-03,2.4700000286102295,2.559999942779541,2.4100000858306885,2.490000009536743,2.36245059967041,152500
2018-12-04,2.490000009536743,2.5299999713897705,2.4000000953674316,2.430000066757202,2.3055241107940674,207400
2018-12-06,2.4000000953674316,2.4800000190734863,2.0899999141693115,2.369999885559082,2.2485973834991455,209000
2018-12-07,2.390000104904175,2.440000057220459,2.390000104904175,2.4200000762939453,2.2960360050201416,105500
2018-12-10,2.4200000762939453,2.450000047683716,2.259999990463257,2.299999952316284,2.1821835041046143,205500
2018-12-11,2.3499999046325684,2.4200000762939453,2.319999933242798,2.359999895095825,2.239109754562378,141900
2018-12-12,2.380000114440918,2.450000047683716,2.259999990463257,2.2799999713897705,2.1632080078125,202200
2018-12-13,2.2699999809265137,2.3499999046325684,2.200000047683716,2.309999942779541,2.191671133041382,329300
2018-12-14,2.319999933242798,2.369999885559082,2.200000047683716,2.259999990463257,2.1442325115203857,197000
2018-12-17,2.2300000190734863,2.299999952316284,2.119999885559082,2.1600000858306885,2.0493550300598145,308800
2018-12-18,2.1600000858306885,2.2100000381469727,2.049999952316284,2.0799999237060547,1.9734526872634888,433900
2018-12-19,2.0799999237060547,2.130000114440918,1.899999976158142,2.069999933242798,1.9639649391174316,581300
2018-12-20,2.049999952316284,2.119999885559082,1.899999976158142,1.9700000286102295,1.8690873384475708,365500
2018-12-21,1.9600000381469727,2.0199999809265137,1.8300000429153442,1.8700000047683716,1.77420973777771,465300
2018-12-24,1.899999976158142,1.9500000476837158,1.7799999713897705,1.9299999475479126,1.8311364650726318,178000
2018-12-26,1.9500000476837158,1.9700000286102295,1.840000033378601,1.8799999952316284,1.7836976051330566,326800
2018-12-27,1.850000023841858,1.9299999475479126,1.8300000429153442,1.8600000143051147,1.7647221088409424,180200
2018-12-28,1.8799999952316284,2.0299999713897705,1.8600000143051147,2.0,1.8975505828857422,156300
2018-12-31,2.049999952316284,2.0899999141693115,1.9600000381469727,2.049999952316284,1.9449893236160278,134800
2019-01-02,2.0399999618530273,2.2799999713897705,2.0199999809265137,2.240000009536743,2.1252567768096924,210600
2019-01-03,2.2699999809265137,2.4000000953674316,2.2100000381469727,2.369999885559082,2.2485973834991455,207900
2019-01-04,2.440000057220459,2.890000104904175,2.380000114440918,2.7100000381469727,2.571181297302246,450600
2019-01-07,2.700000047683716,2.940000057220459,2.6700000762939453,2.7899999618530273,2.647083044052124,567700
2019-01-08,2.819999933242798,2.880000114440918,2.7100000381469727,2.7899999618530273,2.647083044052124,285000
2019-01-09,2.799999952316284,2.819999933242798,2.619999885559082,2.7699999809265137,2.6281075477600098,218800
2019-01-10,2.7799999713897705,2.799999952316284,2.440000057220459,2.490000009536743,2.36245059967041,350900
2019-01-11,2.4600000381469727,2.619999885559082,2.3499999046325684,2.5999999046325684,2.466815710067749,315500
2019-01-14,2.569999933242798,2.5999999046325684,2.440000057220459,2.549999952316284,2.419377088546753,227700
2019-01-15,2.549999952316284,2.619999885559082,2.4700000286102295,2.5899999141693115,2.4573280811309814,203700
2019-01-16,2.5999999046325684,2.75,2.569999933242798,2.7100000381469727,2.571181297302246,200500
2019-01-17,2.680000066757202,2.7899999618530273,2.640000104904175,2.690000057220459,2.5522055625915527,204600
2019-01-18,2.700000047683716,2.799999952316284,2.6600000858306885,2.7300000190734863,2.5901565551757812,210600
2019-01-22,2.7200000286102295,2.7799999713897705,2.6600000858306885,2.6600000858306885,2.523742198944092,208200
2019-01-23,2.6700000762939453,2.740000009536743,2.5399999618530273,2.619999885559082,2.4857912063598633,169100
2019-01-24,2.609999895095825,2.680000066757202,2.430000066757202,2.450000047683716,2.3244993686676025,145500
2019-01-25,2.490000009536743,2.619999885559082,2.4200000762939453,2.440000057220459,2.315011501312256,195200
2019-01-28,2.4000000953674316,2.4800000190734863,2.2799999713897705,2.4000000953674316,2.2770609855651855,244100
2019-01-29,2.4000000953674316,2.450000047683716,2.2799999713897705,2.309999942779541,2.191671133041382,124600
2019-01-30,2.3299999237060547,2.4100000858306885,2.1600000858306885,2.369999885559082,2.2485973834991455,309600
2019-01-31,2.369999885559082,2.450000047683716,2.2699999809265137,2.430000066757202,2.3055241107940674,150100
2019-02-01,2.4100000858306885,2.4800000190734863,2.3499999046325684,2.430000066757202,2.3055241107940674,143300
2019-02-04,2.4600000381469727,2.569999933242798,2.4000000953674316,2.549999952316284,2.419377088546753,175100
2019-02-05,2.5399999618530273,2.5999999046325684,2.4700000286102295,2.5399999618530273,2.4098894596099854,133700
2019-02-06,2.5199999809265137,2.559999942779541,2.4600000381469727,2.5399999618530273,2.4098894596099854,71900
2019-02-07,2.509999990463257,2.509999990463257,2.369999885559082,2.440000057220459,2.315011501312256,70100
2019-02-08,2.450000047683716,2.490000009536743,2.299999952316284,2.3299999237060547,2.210646152496338,80400
2019-02-11,2.309999942779541,2.4000000953674316,2.2799999713897705,2.3399999141693115,2.2201344966888428,128200
2019-02-12,2.3399999141693115,2.440000057220459,2.319999933242798,2.380000114440918,2.258085012435913,129300
2019-02-13,2.369999885559082,2.440000057220459,2.3499999046325684,2.4200000762939453,2.2960360050201416,57800
2019-02-14,2.4100000858306885,2.440000057220459,2.3499999046325684,2.4000000953674316,2.2770609855651855,69400
2019-02-15,2.4200000762939453,2.5399999618530273,2.390000104904175,2.5199999809265137,2.390913963317871,70300
2019-02-19,2.490000009536743,2.5899999141693115,2.4800000190734863,2.569999933242798,2.438352346420288,104400
2019-02-20,2.569999933242798,2.680000066757202,2.509999990463257,2.5999999046325684,2.466815710067749,137300
2019-02-21,2.5899999141693115,2.619999885559082,2.4800000190734863,2.5199999809265137,2.390913963317871,54200
2019-02-22,2.509999990463257,2.6500000953674316,2.509999990463257,2.609999895095825,2.4763033390045166,76700
2019-02-25,2.609999895095825,2.690000057220459,2.5799999237060547,2.6600000858306885,2.523742198944092,77300
2019-02-26,2.6700000762939453,2.690000057220459,2.569999933242798,2.5999999046325684,2.466815710067749,158600
2019-02-27,2.5999999046325684,2.6600000858306885,2.180000066757202,2.2899999618530273,2.1726956367492676,662500
2019-02-28,2.299999952316284,2.4000000953674316,2.259999990463257,2.369999885559082,2.2485973834991455,112900
2019-03-01,2.4000000953674316,2.430000066757202,2.2699999809265137,2.359999895095825,2.239109754562378,221900
2019-03-04,2.359999895095825,2.4100000858306885,2.2799999713897705,2.2899999618530273,2.1726956367492676,88600
2019-03-05,2.2899999618530273,2.309999942779541,2.180000066757202,2.240000009536743,2.1252567768096924,145900
2019-03-06,2.25,2.319999933242798,2.200000047683716,2.200000047683716,2.087305784225464,80900
2019-03-07,2.2100000381469727,2.309999942779541,2.109999895095825,2.240000009536743,2.1252567768096924,1388500
2019-03-08,2.240000009536743,2.3399999141693115,2.240000009536743,2.2799999713897705,2.1632080078125,59600
2019-03-11,2.2899999618530273,2.309999942779541,2.25,2.2799999713897705,2.1632080078125,72600
2019-03-12,2.299999952316284,2.380000114440918,2.299999952316284,2.3499999046325684,2.2296218872070312,70800
2019-03-13,2.3299999237060547,2.4100000858306885,2.319999933242798,2.369999885559082,2.2485973834991455,109400
2019-03-14,2.319999933242798,2.390000104904175,2.2799999713897705,2.3499999046325684,2.2296218872070312,71200
2019-03-15,2.3499999046325684,2.390000104904175,2.2200000286102295,2.2300000190734863,2.115769386291504,152000
2019-03-18,2.240000009536743,2.359999895095825,2.1500000953674316,2.3399999141693115,2.2201344966888428,104800
2019-03-19,2.3299999237060547,2.380000114440918,2.240000009536743,2.2699999809265137,2.1537201404571533,46600
2019-03-20,2.25,2.3499999046325684,2.2200000286102295,2.3299999237060547,2.210646152496338,91500
2019-03-21,2.319999933242798,2.359999895095825,2.2699999809265137,2.3399999141693115,2.2201344966888428,75800
2019-03-22,2.3299999237060547,2.380000114440918,2.2100000381469727,2.240000009536743,2.1252567768096924,120800
2019-03-25,2.2200000286102295,2.2699999809265137,2.180000066757202,2.25,2.13474440574646,99800
2019-03-26,2.2799999713897705,2.2799999713897705,2.2100000381469727,2.240000009536743,2.1252567768096924,36400
2019-03-27,2.259999990463257,2.2799999713897705,2.240000009536743,2.2699999809265137,2.1537201404571533,36000
2019-03-28,2.259999990463257,2.299999952316284,2.2100000381469727,2.2100000381469727,2.0967936515808105,70600
2019-03-29,2.2100000381469727,2.259999990463257,2.1600000858306885,2.2300000190734863,2.115769386291504,120100
2019-04-01,2.2899999618530273,2.2899999618530273,2.25,2.2899999618530273,2.1726956367492676,109200
2019-04-02,2.2899999618530273,2.2899999618530273,2.2300000190734863,2.259999990463257,2.1442325115203857,62500
2019-04-03,2.2899999618530273,2.2899999618530273,2.240000009536743,2.259999990463257,2.1442325115203857,215600
2019-04-04,2.25,2.2699999809265137,2.200000047683716,2.200000047683716,2.087305784225464,53300
2019-04-05,2.190000057220459,2.25,2.1700000762939453,2.2200000286102295,2.106281280517578,302000
2019-04-08,2.2200000286102295,2.3399999141693115,2.2100000381469727,2.2799999713897705,2.1632080078125,61900
2019-04-09,2.2899999618530273,2.3299999237060547,2.259999990463257,2.3299999237060547,2.210646152496338,388100
2019-04-10,2.3399999141693115,2.380000114440918,2.25,2.2899999618530273,2.1726956367492676,162100
2019-04-11,2.299999952316284,2.3399999141693115,2.2699999809265137,2.3399999141693115,2.2201344966888428,279300
2019-04-12,2.359999895095825,2.430000066757202,2.3299999237060547,2.380000114440918,2.258085012435913,115100
2019-04-15,2.4000000953674316,2.450000047683716,2.380000114440918,2.4200000762939453,2.2960360050201416,152100
2019-04-16,2.4200000762939453,2.4600000381469727,2.380000114440918,2.4000000953674316,2.2770609855651855,46600
2019-04-17,2.4000000953674316,2.4700000286102295,2.380000114440918,2.450000047683716,2.3244993686676025,68100
2019-04-18,2.440000057220459,2.4700000286102295,2.4000000953674316,2.4100000858306885,2.286548614501953,42400
2019-04-22,2.4200000762939453,2.4200000762939453,2.299999952316284,2.309999942779541,2.191671133041382,75700
2019-04-23,2.3299999237060547,2.4200000762939453,2.299999952316284,2.359999895095825,2.239109754562378,239900
2019-04-24,2.390000104904175,2.430000066757202,2.319999933242798,2.4000000953674316,2.2770609855651855,119800
2019-04-25,2.4000000953674316,2.440000057220459,2.3499999046325684,2.369999885559082,2.2485973834991455,20200
2019-04-26,2.369999885559082,2.390000104904175,2.3399999141693115,2.3399999141693115,2.2201344966888428,50900
2019-04-29,2.3299999237060547,2.4200000762939453,2.309999942779541,2.4000000953674316,2.2770609855651855,85500
2019-04-30,2.4100000858306885,2.4200000762939453,2.319999933242798,2.380000114440918,2.258085012435913,103400
2019-05-01,2.380000114440918,2.390000104904175,2.259999990463257,2.2899999618530273,2.1726956367492676,145000
2019-05-02,2.2899999618530273,2.380000114440918,2.2699999809265137,2.2899999618530273,2.1726956367492676,70300
2019-05-03,2.299999952316284,2.319999933242798,2.259999990463257,2.319999933242798,2.2011590003967285,38300
2019-05-06,2.299999952316284,2.4000000953674316,2.299999952316284,2.369999885559082,2.2485973834991455,105400
2019-05-07,2.25,2.359999895095825,2.25,2.309999942779541,2.191671133041382,110100
2019-05-08,2.2899999618530273,2.2899999618530273,2.180000066757202,2.2200000286102295,2.106281280517578,144300
2019-05-09,2.2200000286102295,2.2200000286102295,2.049999952316284,2.140000104904175,2.030379295349121,130600
2019-05-10,2.119999885559082,2.119999885559082,2.049999952316284,2.059999942779541,1.954477310180664,167600
2019-05-13,2.0399999618530273,2.059999942779541,1.940000057220459,2.049999952316284,1.9449893236160278,294800
2019-05-14,2.049999952316284,2.200000047683716,2.0,2.190000057220459,2.0778181552886963,98700
2019-05-15,2.1500000953674316,2.180000066757202,2.119999885559082,2.1500000953674316,2.0398671627044678,52900
2019-05-16,2.1700000762939453,2.1700000762939453,2.049999952316284,2.069999933242798,1.9639649391174316,72400
2019-05-17,2.059999942779541,2.109999895095825,2.0399999618530273,2.049999952316284,1.9449893236160278,56900
2019-05-20,2.0199999809265137,2.0999999046325684,1.9700000286102295,2.0799999237060547,1.9734526872634888,85200
2019-05-21,2.0799999237060547,2.1600000858306885,2.069999933242798,2.0899999141693115,1.9829403162002563,72200
2019-05-22,2.049999952316284,2.119999885559082,2.049999952316284,2.0899999141693115,1.9829403162002563,32300
2019-05-23,2.0799999237060547,2.1600000858306885,2.0799999237060547,2.1500000953674316,2.0398671627044678,129400
2019-05-24,2.1500000953674316,2.1500000953674316,2.059999942779541,2.0799999237060547,1.9734526872634888,40200
2019-05-28,2.059999942779541,2.069999933242798,2.0199999809265137,2.0299999713897705,1.9260138273239136,93600
2019-05-29,2.009999990463257,2.069999933242798,2.009999990463257,2.009999990463257,1.9070385694503784,63100
2019-05-30,2.0199999809265137,2.0299999713897705,2.0,2.0,1.8975505828857422,51400
2019-05-31,1.9800000190734863,2.009999990463257,1.9600000381469727,2.0,1.8975505828857422,64200
2019-06-03,2.0,2.0799999237060547,1.9600000381469727,2.0399999618530273,1.9355015754699707,93900
2019-06-04,2.059999942779541,2.130000114440918,2.059999942779541,2.109999895095825,2.00191593170166,75300
2019-06-05,2.109999895095825,2.140000104904175,2.0799999237060547,2.0899999141693115,1.9829403162002563,57200
2019-06-06,2.0999999046325684,2.119999885559082,2.0999999046325684,2.0999999046325684,1.992428183555603,37400
2019-06-07,2.0999999046325684,2.140000104904175,2.0999999046325684,2.0999999046325684,1.992428183555603,36600
2019-06-10,2.0999999046325684,2.1500000953674316,2.0999999046325684,2.130000114440918,2.0208914279937744,47200
2019-06-11,2.130000114440918,2.1500000953674316,2.109999895095825,2.140000104904175,2.030379295349121,45200
2019-06-12,2.0999999046325684,2.140000104904175,2.0999999046325684,2.119999885559082,2.0114035606384277,157600
2019-06-13,2.130000114440918,2.1700000762939453,2.119999885559082,2.1500000953674316,2.0398671627044678,76600
2019-06-14,2.1600000858306885,2.1700000762939453,2.0799999237060547,2.0799999237060547,1.9734526872634888,40000
2019-06-17,2.0799999237060547,2.130000114440918,2.0799999237060547,2.0999999046325684,1.992428183555603,68900
2019-06-18,2.0999999046325684,2.140000104904175,2.0799999237060547,2.0799999237060547,1.9734526872634888,94000
2019-06-19,2.0899999141693115,2.119999885559082,2.0799999237060547,2.0899999141693115,1.9829403162002563,55700
2019-06-20,2.109999895095825,2.1500000953674316,2.0999999046325684,2.109999895095825,2.00191593170166,39400
2019-06-21,2.0899999141693115,2.1500000953674316,2.0899999141693115,2.119999885559082,2.0114035606384277,97000
2019-06-24,2.109999895095825,2.130000114440918,2.0399999618530273,2.069999933242798,1.9639649391174316,60700
2019-06-25,2.059999942779541,2.059999942779541,2.0,2.049999952316284,1.9449893236160278,66400
2019-06-26,2.049999952316284,2.049999952316284,2.0,2.0399999618530273,1.9355015754699707,43900
2019-06-27,2.0399999618530273,2.0399999618530273,2.0,2.009999990463257,1.9070385694503784,205200
2019-06-28,2.0199999809265137,2.0399999618530273,2.0,2.0399999618530273,1.9355015754699707,117500
2019-07-01,2.0399999618530273,2.049999952316284,2.0,2.0,1.8975505828857422,33100
2019-07-02,2.0,2.059999942779541,1.9900000095367432,2.049999952316284,1.9449893236160278,100600
2019-07-03,2.049999952316284,2.0899999141693115,2.0299999713897705,2.049999952316284,1.9449893236160278,207000
2019-07-05,2.0399999618530273,2.0899999141693115,2.0399999618530273,2.059999942779541,1.954477310180664,157800
2019-07-08,2.069999933242798,2.109999895095825,2.059999942779541,2.0899999141693115,1.9829403162002563,71200
2019-07-09,2.0799999237060547,2.0799999237060547,2.049999952316284,2.059999942779541,1.954477310180664,18400
2019-07-10,2.049999952316284,2.0899999141693115,1.9900000095367432,1.9900000095367432,1.888062834739685,509100
2019-07-11,1.9900000095367432,2.0199999809265137,1.9700000286102295,1.9900000095367432,1.888062834739685,27300
2019-07-12,2.0,2.0,1.9500000476837158,1.9500000476837158,1.850111961364746,55300
2019-07-15,1.9500000476837158,1.9500000476837158,1.840000033378601,1.899999976158142,1.8026732206344604,193400
2019-07-16,1.899999976158142,1.9600000381469727,1.8200000524520874,1.9500000476837158,1.850111961364746,276600
2019-07-17,1.9199999570846558,1.9800000190734863,1.850000023841858,1.850000023841858,1.7552344799041748,119800
2019-07-18,1.8700000047683716,1.909999966621399,1.8700000047683716,1.8700000047683716,1.77420973777771,27700
2019-07-19,1.8700000047683716,1.909999966621399,1.850000023841858,1.850000023841858,1.7552344799041748,30100
2019-07-22,1.850000023841858,1.8899999856948853,1.7799999713897705,1.7999999523162842,1.7077956199645996,208400
2019-07-23,1.8200000524520874,1.8200000524520874,1.7599999904632568,1.7899999618530273,1.698307991027832,73400
2019-07-24,1.7699999809265137,1.8600000143051147,1.7699999809265137,1.8200000524520874,1.7267712354660034,50600
2019-07-25,1.8200000524520874,1.840000033378601,1.809999942779541,1.8200000524520874,1.7267712354660034,34300
2019-07-26,1.8200000524520874,1.840000033378601,1.7899999618530273,1.8200000524520874,1.7267712354660034,138600
2019-07-29,1.8200000524520874,1.8899999856948853,1.8200000524520874,1.8700000047683716,1.77420973777771,50300
2019-07-30,1.840000033378601,1.8600000143051147,1.8200000524520874,1.840000033378601,1.7457466125488281,37700
2019-07-31,1.8600000143051147,1.909999966621399,1.840000033378601,1.8899999856948853,1.7931855916976929,118300
2019-08-01,1.8899999856948853,1.9600000381469727,1.8899999856948853,1.940000057220459,1.840624213218689,112500
2019-08-02,1.9500000476837158,1.9600000381469727,1.899999976158142,1.9199999570846558,1.8216487169265747,95900
2019-08-05,1.899999976158142,1.9299999475479126,1.8200000524520874,1.8200000524520874,1.7267712354660034,105200
2019-08-06,1.850000023841858,1.9199999570846558,1.850000023841858,1.909999966621399,1.8121609687805176,79000
2019-08-07,1.850000023841858,1.850000023841858,1.6200000047683716,1.690000057220459,1.6034303903579712,176800
2019-08-08,1.7300000190734863,1.7999999523162842,1.5700000524520874,1.5800000429153442,1.4990650415420532,213000
2019-08-09,1.600000023841858,1.600000023841858,1.399999976158142,1.4299999475479126,1.3567487001419067,128400
2019-08-12,1.4299999475479126,1.6699999570846558,1.4199999570846558,1.600000023841858,1.5180405378341675,143700
2019-08-13,1.600000023841858,1.6399999856948853,1.399999976158142,1.4199999570846558,1.34726083278656,72400
2019-08-14,1.4500000476837158,1.4900000095367432,1.4199999570846558,1.4600000381469727,1.3852120637893677,121100
2019-08-15,1.4500000476837158,1.4500000476837158,1.350000023841858,1.3600000143051147,1.2903345823287964,119300
2019-08-16,1.3799999952316284,1.5299999713897705,1.3799999952316284,1.5099999904632568,1.4326508045196533,146600
2019-08-19,1.5099999904632568,1.590000033378601,1.350000023841858,1.5299999713897705,1.4516263008117676,112600
2019-08-20,1.5199999809265137,1.5299999713897705,1.4199999570846558,1.4199999570846558,1.34726083278656,83500
2019-08-21,1.4199999570846558,1.4800000190734863,1.4199999570846558,1.440000057220459,1.3662364482879639,41800
2019-08-22,1.4299999475479126,1.4800000190734863,1.3300000429153442,1.3899999856948853,1.3187978267669678,115500
2019-08-23,1.3700000047683716,1.3799999952316284,1.340000033378601,1.350000023841858,1.2808465957641602,50600
2019-08-26,1.3600000143051147,1.4199999570846558,1.350000023841858,1.409999966621399,1.337773084640503,38700
2019-08-27,1.409999966621399,1.4299999475479126,1.309999942779541,1.3700000047683716,1.2998220920562744,62500
2019-08-28,1.3600000143051147,1.399999976158142,1.340000033378601,1.3899999856948853,1.3187978267669678,40200
2019-08-29,1.3899999856948853,1.4199999570846558,1.3799999952316284,1.399999976158142,1.3282854557037354,56000
2019-08-30,1.399999976158142,1.399999976158142,1.3300000429153442,1.3899999856948853,1.3187978267669678,64500
2019-09-03,1.3899999856948853,1.399999976158142,1.2999999523162842,1.340000033378601,1.271358847618103,106600
2019-09-04,1.350000023841858,1.4199999570846558,1.350000023841858,1.409999966621399,1.337773084640503,48500
2019-09-05,1.4199999570846558,1.4800000190734863,1.399999976158142,1.399999976158142,1.3282854557037354,87200
2019-09-06,1.399999976158142,1.4500000476837158,1.3600000143051147,1.4299999475479126,1.3567487001419067,79300
2019-09-09,1.4500000476837158,1.5,1.3600000143051147,1.3600000143051147,1.2903345823287964,52300
2019-09-10,1.3600000143051147,1.4299999475479126,1.350000023841858,1.3899999856948853,1.3187978267669678,130700
2019-09-11,1.3899999856948853,1.409999966621399,1.3300000429153442,1.3700000047683716,1.2998220920562744,107700
2019-09-12,1.3700000047683716,1.409999966621399,1.350000023841858,1.3700000047683716,1.2998220920562744,98900
2019-09-13,1.3700000047683716,1.4199999570846558,1.350000023841858,1.3700000047683716,1.2998220920562744,170300
2019-09-16,1.3700000047683716,1.409999966621399,1.350000023841858,1.3799999952316284,1.3093098402023315,288900
2019-09-17,1.3700000047683716,1.4199999570846558,1.350000023841858,1.3799999952316284,1.3093098402023315,74400
2019-09-18,1.3700000047683716,1.4199999570846558,1.340000033378601,1.340000033378601,1.271358847618103,405600
2019-09-19,1.340000033378601,1.3600000143051147,1.2799999713897705,1.2999999523162842,1.2334078550338745,424600
2019-09-20,1.2999999523162842,1.3300000429153442,1.2799999713897705,1.3300000429153442,1.261871099472046,393900
2019-09-23,1.3300000429153442,1.3799999952316284,1.309999942779541,1.3200000524520874,1.2523833513259888,186800
2019-09-24,1.309999942779541,1.3600000143051147,1.2899999618530273,1.3200000524520874,1.2523833513259888,346200
2019-09-25,1.3200000524520874,1.3700000047683716,1.3200000524520874,1.340000033378601,1.271358847618103,135600
2019-09-26,1.350000023841858,1.3700000047683716,1.2799999713897705,1.2999999523162842,1.2334078550338745,97500
2019-09-27,1.309999942779541,1.3600000143051147,1.2899999618530273,1.309999942779541,1.2428956031799316,185000
2019-09-30,1.3300000429153442,1.4299999475479126,1.2899999618530273,1.3600000143051147,1.2903345823287964,517400
2019-10-01,1.3700000047683716,1.440000057220459,1.3700000047683716,1.409999966621399,1.337773084640503,121500
2019-10-02,1.4299999475479126,1.4299999475479126,1.3899999856948853,1.399999976158142,1.3282854557037354,36300
2019-10-03,1.3899999856948853,1.440000057220459,1.3200000524520874,1.399999976158142,1.3282854557037354,110700
2019-10-04,1.399999976158142,1.409999966621399,1.3799999952316284,1.409999966621399,1.337773084640503,38700
2019-10-07,1.4199999570846558,1.5,1.399999976158142,1.4299999475479126,1.3567487001419067,124700
2019-10-08,1.440000057220459,1.5099999904632568,1.4199999570846558,1.4700000286102295,1.3946996927261353,92800
2019-10-09,1.4800000190734863,1.4800000190734863,1.4199999570846558,1.4600000381469727,1.3852120637893677,72200
2019-10-10,1.4500000476837158,1.5,1.4299999475479126,1.4500000476837158,1.375724196434021,61900
2019-10-11,1.440000057220459,1.4800000190734863,1.4199999570846558,1.4299999475479126,1.3567487001419067,119700
2019-10-14,1.440000057220459,1.4600000381469727,1.3799999952316284,1.440000057220459,1.3662364482879639,245600
2019-10-15,1.4199999570846558,1.4500000476837158,1.3799999952316284,1.4299999475479126,1.3567487001419067,140400
2019-10-16,1.409999966621399,1.440000057220459,1.399999976158142,1.4199999570846558,1.34726083278656,122100
2019-10-17,1.4299999475479126,1.440000057220459,1.3799999952316284,1.3899999856948853,1.3187978267669678,31700
2019-10-18,1.399999976158142,1.4299999475479126,1.3799999952316284,1.409999966621399,1.337773084640503,79700
2019-10-21,1.409999966621399,1.4500000476837158,1.3700000047683716,1.4299999475479126,1.3567487001419067,143800
2019-10-22,1.440000057220459,1.4700000286102295,1.350000023841858,1.3899999856948853,1.3187978267669678,76600
2019-10-23,1.3700000047683716,1.4199999570846558,1.3700000047683716,1.3799999952316284,1.3093098402023315,109500
2019-10-24,1.409999966621399,1.4299999475479126,1.2999999523162842,1.2999999523162842,1.2334078550338745,107900
2019-10-25,1.3600000143051147,1.3799999952316284,1.340000033378601,1.3799999952316284,1.3093098402023315,106800
2019-10-28,1.3899999856948853,1.399999976158142,1.340000033378601,1.350000023841858,1.2808465957641602,49100
2019-10-29,1.350000023841858,1.3600000143051147,1.2999999523162842,1.309999942779541,1.2428956031799316,132100
2019-10-30,1.3200000524520874,1.3600000143051147,1.3200000524520874,1.3600000143051147,1.2903345823287964,63000
2019-10-31,1.3600000143051147,1.3700000047683716,1.340000033378601,1.3600000143051147,1.2903345823287964,64600
2019-11-01,1.3700000047683716,1.3799999952316284,1.340000033378601,1.3799999952316284,1.3093098402023315,89100
2019-11-04,1.3700000047683716,1.3799999952316284,1.340000033378601,1.3700000047683716,1.2998220920562744,64900
2019-11-05,1.3600000143051147,1.3700000047683716,1.2400000095367432,1.25,1.1859689950942993,172800
2019-11-06,1.2400000095367432,1.3700000047683716,1.2400000095367432,1.3700000047683716,1.2998220920562744,142600
2019-11-07,1.3799999952316284,1.3899999856948853,1.340000033378601,1.340000033378601,1.271358847618103,167800
2019-11-08,1.3799999952316284,1.3799999952316284,1.309999942779541,1.3200000524520874,1.2523833513259888,89400
2019-11-11,1.340000033378601,1.3600000143051147,1.3300000429153442,1.340000033378601,1.271358847618103,131000
2019-11-12,1.3600000143051147,1.3700000047683716,1.3300000429153442,1.350000023841858,1.2808465957641602,96400
2019-11-13,1.350000023841858,1.3700000047683716,1.309999942779541,1.309999942779541,1.2428956031799316,183400
2019-11-14,1.309999942779541,1.309999942779541,1.2699999809265137,1.2699999809265137,1.2049447298049927,302600
2019-11-15,1.309999942779541,1.3200000524520874,1.25,1.2699999809265137,1.2049447298049927,97600
2019-11-18,1.25,1.2699999809265137,1.2400000095367432,1.2400000095367432,1.1764814853668213,117000
2019-11-19,1.25,1.2699999809265137,1.1799999475479126,1.2100000381469727,1.1480180025100708,201100
2019-11-20,1.190000057220459,1.2300000190734863,1.1699999570846558,1.1699999570846558,1.1100672483444214,136100
2019-11-21,1.159999966621399,1.2000000476837158,1.159999966621399,1.1699999570846558,1.1100672483444214,77300
2019-11-22,1.1799999475479126,1.2100000381469727,1.1299999952316284,1.1299999952316284,1.0721162557601929,175300
2019-11-25,1.090000033378601,1.2200000286102295,1.090000033378601,1.190000057220459,1.1290425062179565,180500
2019-11-26,1.1799999475479126,1.2000000476837158,1.1399999856948853,1.1399999856948853,1.08160400390625,139600
2019-11-27,1.1399999856948853,1.1799999475479126,1.1399999856948853,1.149999976158142,1.0910917520523071,136500
2019-11-29,1.149999976158142,1.1699999570846558,1.1200000047683716,1.1200000047683716,1.0626283884048462,99800
2019-12-02,1.1299999952316284,1.1699999570846558,1.1299999952316284,1.1399999856948853,1.08160400390625,122100
2019-12-03,1.100000023841858,1.1699999570846558,1.100000023841858,1.1100000143051147,1.053140640258789,82500
2019-12-04,1.1200000047683716,1.1699999570846558,1.090000033378601,1.1100000143051147,1.053140640258789,197600
2019-12-05,1.1200000047683716,1.149999976158142,1.0700000524520874,1.0700000524520874,1.0151896476745605,364300
2019-12-06,1.0800000429153442,1.1299999952316284,1.0700000524520874,1.100000023841858,1.043652892112732,492600
2019-12-09,1.100000023841858,1.1299999952316284,1.090000033378601,1.1200000047683716,1.0626283884048462,297400
2019-12-10,1.1299999952316284,1.1699999570846558,1.1100000143051147,1.1299999952316284,1.0721162557601929,249600
2019-12-11,1.1200000047683716,1.149999976158142,1.1100000143051147,1.1399999856948853,1.08160400390625,170700
2019-12-12,1.1299999952316284,1.159999966621399,1.1100000143051147,1.1200000047683716,1.0626283884048462,180400
2019-12-13,1.1100000143051147,1.2000000476837158,1.100000023841858,1.1799999475479126,1.119554877281189,548300
2019-12-16,1.159999966621399,1.309999942779541,1.159999966621399,1.2100000381469727,1.1480180025100708,191700
2019-12-17,1.2200000286102295,1.2799999713897705,1.2100000381469727,1.2300000190734863,1.1669936180114746,50800
2019-12-18,1.2200000286102295,1.2599999904632568,1.2100000381469727,1.2200000286102295,1.157505750656128,137700
2019-12-19,1.2400000095367432,1.3700000047683716,1.2300000190734863,1.3300000429153442,1.261871099472046,159500
2019-12-20,1.3300000429153442,1.3600000143051147,1.3300000429153442,1.340000033378601,1.271358847618103,270300
2019-12-23,1.3600000143051147,1.5,1.3600000143051147,1.4199999570846558,1.34726083278656,219900
2019-12-24,1.4199999570846558,1.4900000095367432,1.4199999570846558,1.4500000476837158,1.375724196434021,40600
2019-12-26,1.4700000286102295,1.4900000095367432,1.3700000047683716,1.4500000476837158,1.375724196434021,50000
2019-12-27,1.4500000476837158,1.4800000190734863,1.409999966621399,1.4500000476837158,1.375724196434021,66700
2019-12-30,1.4500000476837158,1.4600000381469727,1.409999966621399,1.440000057220459,1.3662364482879639,84200
2019-12-31,1.440000057220459,1.4600000381469727,1.3600000143051147,1.3899999856948853,1.3187978267669678,167500
2020-01-02,1.3799999952316284,1.440000057220459,1.3600000143051147,1.4199999570846558,1.34726083278656,112800
2020-01-03,1.4199999570846558,1.4500000476837158,1.399999976158142,1.399999976158142,1.3282854557037354,46100
2020-01-06,1.3600000143051147,1.399999976158142,1.350000023841858,1.399999976158142,1.3282854557037354,349300
2020-01-07,1.399999976158142,1.399999976158142,1.3600000143051147,1.3899999856948853,1.3187978267669678,91200
2020-01-08,1.3799999952316284,1.409999966621399,1.3600000143051147,1.3799999952316284,1.3093098402023315,59100
2020-01-09,1.3899999856948853,1.4900000095367432,1.2799999713897705,1.3200000524520874,1.2523833513259888,89400
2020-01-10,1.3200000524520874,1.350000023841858,1.2699999809265137,1.350000023841858,1.2808465957641602,101700
2020-01-13,1.350000023841858,1.350000023841858,1.2999999523162842,1.3300000429153442,1.261871099472046,57600
2020-01-14,1.350000023841858,1.350000023841858,1.309999942779541,1.3300000429153442,1.261871099472046,37700
2020-01-15,1.3300000429153442,1.3300000429153442,1.2699999809265137,1.2799999713897705,1.2144323587417603,76200
2020-01-16,1.2699999809265137,1.340000033378601,1.2699999809265137,1.3200000524520874,1.2523833513259888,82500
2020-01-17,1.3300000429153442,1.340000033378601,1.2999999523162842,1.309999942779541,1.2428956031799316,18400
2020-01-21,1.309999942779541,1.3300000429153442,1.2699999809265137,1.3300000429153442,1.261871099472046,116400
2020-01-22,1.340000033378601,1.3600000143051147,1.3300000429153442,1.3600000143051147,1.2903345823287964,84900
2020-01-23,1.340000033378601,1.3600000143051147,1.3200000524520874,1.3200000524520874,1.2523833513259888,85100
2020-01-24,1.2999999523162842,1.350000023841858,1.2999999523162842,1.3300000429153442,1.261871099472046,107100
2020-01-27,1.3300000429153442,1.350000023841858,1.2999999523162842,1.3200000524520874,1.2523833513259888,81400
2020-01-28,1.309999942779541,1.3200000524520874,1.2699999809265137,1.2999999523162842,1.2334078550338745,38900
2020-01-29,1.2999999523162842,1.3300000429153442,1.2799999713897705,1.3200000524520874,1.2523833513259888,71600
2020-01-30,1.2999999523162842,1.3200000524520874,1.2599999904632568,1.2999999523162842,1.2428232431411743,39100
2020-01-31,1.2799999713897705,1.309999942779541,1.2599999904632568,1.2799999713897705,1.2237029075622559,55800
2020-02-03,1.2799999713897705,1.309999942779541,1.2599999904632568,1.2599999904632568,1.2045823335647583,39900
2020-02-04,1.2599999904632568,1.2999999523162842,1.25,1.2599999904632568,1.2045823335647583,29700
2020-02-05,1.2599999904632568,1.2999999523162842,1.2599999904632568,1.2799999713897705,1.2237029075622559,29300
2020-02-06,1.2599999904632568,1.3200000524520874,1.2599999904632568,1.2999999523162842,1.2428232431411743,43500
2020-02-07,1.309999942779541,1.309999942779541,1.190000057220459,1.2000000476837158,1.1472214460372925,73600
2020-02-10,1.2000000476837158,1.2699999809265137,1.2000000476837158,1.25,1.1950222253799438,68600
2020-02-11,1.2599999904632568,1.2899999618530273,1.2200000286102295,1.2899999618530273,1.2332630157470703,60500
2020-02-12,1.2799999713897705,1.2899999618530273,1.2100000381469727,1.2799999713897705,1.2237029075622559,54300
2020-02-13,1.2599999904632568,1.2899999618530273,1.25,1.2599999904632568,1.2045823335647583,31900
2020-02-14,1.25,1.25,1.2200000286102295,1.2400000095367432,1.1854623556137085,43700
2020-02-18,1.2400000095367432,1.2599999904632568,1.2000000476837158,1.25,1.1950222253799438,39200
2020-02-19,1.2699999809265137,1.2699999809265137,1.2200000286102295,1.2699999809265137,1.2141426801681519,36900
2020-02-20,1.2699999809265137,1.2699999809265137,1.2000000476837158,1.2000000476837158,1.1472214460372925,97400
2020-02-21,1.2000000476837158,1.2400000095367432,1.2000000476837158,1.2300000190734863,1.1759021282196045,70700
2020-02-24,1.2200000286102295,1.2400000095367432,1.1799999475479126,1.2100000381469727,1.1567816734313965,191100
2020-02-25,1.2200000286102295,1.2300000190734863,1.1299999952316284,1.159999966621399,1.108980655670166,168200
2020-02-26,1.190000057220459,1.340000033378601,1.190000057220459,1.309999942779541,1.2523832321166992,261500
2020-02-27,1.2400000095367432,1.4299999475479126,1.2000000476837158,1.3899999856948853,1.3288648128509521,1808200
2020-02-28,1.3799999952316284,1.440000057220459,1.2999999523162842,1.3799999952316284,1.3193047046661377,160800
2020-03-02,1.350000023841858,1.4199999570846558,1.340000033378601,1.3700000047683716,1.3097443580627441,327800
2020-03-03,1.3700000047683716,1.3799999952316284,1.3300000429153442,1.340000033378601,1.2810640335083008,66700
2020-03-04,1.340000033378601,1.4199999570846558,1.2999999523162842,1.350000023841858,1.2906241416931152,175000
2020-03-05,1.350000023841858,1.3899999856948853,1.309999942779541,1.340000033378601,1.2810640335083008,80900
2020-03-06,1.309999942779541,1.3300000429153442,1.1799999475479126,1.25,1.1950222253799438,103700
2020-03-09,1.190000057220459,1.2100000381469727,1.100000023841858,1.1699999570846558,1.1185410022735596,73800
2020-03-10,1.159999966621399,1.1699999570846558,1.0099999904632568,1.0800000429153442,1.0324993133544922,112300
2020-03-11,1.059999942779541,1.149999976158142,1.0499999523162842,1.1100000143051147,1.0611799955368042,399700
2020-03-12,1.0499999523162842,1.0700000524520874,0.9599999785423279,0.9900000095367432,0.9464577436447144,96100
2020-03-13,1.0099999904632568,1.0800000429153442,0.8999999761581421,0.9200000166893005,0.8795364499092102,449200
2020-03-16,0.8700000047683716,0.9100000262260437,0.550000011920929,0.6100000143051147,0.5831709504127502,366100
2020-03-17,0.5899999737739563,0.6299999952316284,0.5400000214576721,0.5400000214576721,0.5162496566772461,639200
2020-03-18,0.5600000023841858,0.6200000047683716,0.3400000035762787,0.5099999904632568,0.48756909370422363,329500
2020-03-19,0.4699999988079071,0.6700000166893005,0.4699999988079071,0.5199999809265137,0.49712926149368286,167700
2020-03-20,0.550000011920929,0.7599999904632568,0.550000011920929,0.550000011920929,0.5258098244667053,378900
2020-03-23,0.5400000214576721,0.7400000095367432,0.5400000214576721,0.6299999952316284,0.6022911667823792,125100
2020-03-24,0.6800000071525574,0.75,0.6000000238418579,0.6499999761581421,0.6214116215705872,58800
2020-03-25,0.699999988079071,0.75,0.6399999856948853,0.6600000262260437,0.6309717297554016,92600
2020-03-26,0.6800000071525574,0.8500000238418579,0.6800000071525574,0.7400000095367432,0.7074532508850098,86100
2020-03-27,0.7699999809265137,0.7799999713897705,0.6800000071525574,0.6800000071525574,0.6500921845436096,29400
2020-03-30,0.7400000095367432,0.7400000095367432,0.6700000166893005,0.6700000166893005,0.6405320167541504,35100
2020-03-31,0.7200000286102295,0.8100000023841858,0.6899999976158142,0.8100000023841858,0.7743744254112244,52800
2020-04-01,0.8100000023841858,0.8100000023841858,0.699999988079071,0.7900000214576721,0.7552542090415955,83600
2020-04-02,0.7900000214576721,0.7900000214576721,0.7300000190734863,0.75,0.717013418674469,122600
2020-04-03,0.75,0.7900000214576721,0.7300000190734863,0.7900000214576721,0.7552542090415955,344200
2020-04-06,0.7900000214576721,0.8799999952316284,0.7599999904632568,0.7599999904632568,0.7265735864639282,60000
2020-04-07,0.75,0.800000011920929,0.6700000166893005,0.75,0.717013418674469,150900
2020-04-08,0.7799999713897705,0.8199999928474426,0.7200000286102295,0.800000011920929,0.7648143172264099,15700
2020-04-09,0.7599999904632568,0.8600000143051147,0.7300000190734863,0.7799999713897705,0.7456939220428467,97800
2020-04-13,0.7799999713897705,0.800000011920929,0.6700000166893005,0.7200000286102295,0.6883329153060913,43200
2020-04-14,0.7200000286102295,0.7300000190734863,0.6000000238418579,0.6299999952316284,0.6022911667823792,84600
2020-04-15,0.6600000262260437,0.6600000262260437,0.6000000238418579,0.6100000143051147,0.5831709504127502,41500
2020-04-16,0.6499999761581421,0.6499999761581421,0.5899999737739563,0.6100000143051147,0.5831709504127502,64800
2020-04-17,0.6100000143051147,0.6899999976158142,0.6100000143051147,0.6600000262260437,0.6309717297554016,74900
2020-04-20,0.6700000166893005,0.75,0.6600000262260437,0.699999988079071,0.6692125201225281,161200
2020-04-21,0.699999988079071,0.7300000190734863,0.6200000047683716,0.6200000047683716,0.5927311778068542,49100
2020-04-22,0.6499999761581421,0.6899999976158142,0.6499999761581421,0.6700000166893005,0.6405320167541504,15200
2020-04-23,0.6700000166893005,0.699999988079071,0.6499999761581421,0.6600000262260437,0.6309717297554016,16400
2020-04-24,0.6499999761581421,0.6899999976158142,0.6499999761581421,0.6700000166893005,0.6405320167541504,43500
2020-04-27,0.699999988079071,0.7300000190734863,0.6800000071525574,0.6899999976158142,0.6596523523330688,32600
2020-04-28,0.7099999785423279,0.7699999809265137,0.6700000166893005,0.7099999785423279,0.6787726879119873,45000
2020-04-29,0.7099999785423279,0.7300000190734863,0.6899999976158142,0.6899999976158142,0.6690760254859924,85600
2020-04-30,0.6899999976158142,0.7599999904632568,0.6600000262260437,0.699999988079071,0.6787727475166321,95600
2020-05-01,0.7200000286102295,0.7200000286102295,0.6800000071525574,0.6800000071525574,0.6593791842460632,71000
2020-05-04,0.6800000071525574,0.7300000190734863,0.6600000262260437,0.699999988079071,0.6787727475166321,65500
2020-05-05,0.7200000286102295,0.7200000286102295,0.6899999976158142,0.7099999785423279,0.688469409942627,48300
2020-05-06,0.7099999785423279,0.8199999928474426,0.699999988079071,0.8199999928474426,0.7951337695121765,185000
2020-05-07,0.8500000238418579,0.8500000238418579,0.800000011920929,0.8199999928474426,0.7951337695121765,144700
2020-05-08,0.8199999928474426,0.8999999761581421,0.8100000023841858,0.8299999833106995,0.8048304319381714,124100
2020-05-11,0.8299999833106995,0.8899999856948853,0.800000011920929,0.800000011920929,0.7757402658462524,127600
2020-05-12,0.800000011920929,0.8500000238418579,0.800000011920929,0.8500000238418579,0.824224054813385,77200
2020-05-13,0.8600000143051147,0.8899999856948853,0.8100000023841858,0.8399999737739563,0.8145272731781006,59100
2020-05-14,0.8600000143051147,0.8600000143051147,0.7799999713897705,0.800000011920929,0.7757402658462524,216100
2020-05-15,0.7799999713897705,0.8199999928474426,0.6899999976158142,0.8100000023841858,0.7854369878768921,177800
2020-05-18,0.8199999928474426,0.8399999737739563,0.7599999904632568,0.8199999928474426,0.7951337695121765,82700
2020-05-19,0.7699999809265137,0.8199999928474426,0.7699999809265137,0.8100000023841858,0.7854369878768921,105700
2020-05-20,0.8199999928474426,0.8299999833106995,0.75,0.8299999833106995,0.8048304319381714,94400
2020-05-21,0.8199999928474426,0.8299999833106995,0.7799999713897705,0.7799999713897705,0.7563467025756836,50600
2020-05-22,0.8199999928474426,0.8199999928474426,0.7599999904632568,0.8100000023841858,0.7854369878768921,22400
2020-05-26,0.8299999833106995,0.949999988079071,0.8199999928474426,0.9200000166893005,0.8921012878417969,221800
2020-05-27,0.949999988079071,0.949999988079071,0.9200000166893005,0.9399999976158142,0.911494791507721,43100
2020-05-28,0.949999988079071,0.949999988079071,0.9300000071525574,0.9399999976158142,0.911494791507721,32700
2020-05-29,0.9399999976158142,1.0199999809265137,0.8799999952316284,1.0199999809265137,0.9890687465667725,89900
2020-06-01,1.0399999618530273,1.0399999618530273,0.9100000262260437,0.9399999976158142,0.911494791507721,85700
2020-06-02,0.9300000071525574,0.9800000190734863,0.8999999761581421,0.8999999761581421,0.872707724571228,41000
2020-06-03,1.0199999809265137,1.0199999809265137,0.8700000047683716,0.9800000190734863,0.9502817988395691,125600
2020-06-04,1.0,1.0,0.9399999976158142,0.9599999785423279,0.9308882355690002,65200
2020-06-05,1.0,1.0299999713897705,0.949999988079071,1.0,0.9696753025054932,66700
2020-06-08,1.0199999809265137,1.100000023841858,1.0,1.090000033378601,1.0569461584091187,124400
2020-06-09,1.100000023841858,1.100000023841858,1.0299999713897705,1.059999942779541,1.0278558731079102,49100
2020-06-10,1.059999942779541,1.100000023841858,1.0099999904632568,1.0399999618530273,1.0084623098373413,43900
2020-06-11,1.0099999904632568,1.0199999809265137,0.9900000095367432,0.9900000095367432,0.9599785804748535,139500
2020-06-12,1.0299999713897705,1.0399999618530273,0.9800000190734863,1.0,0.9696753025054932,63300
2020-06-15,1.0,1.0099999904632568,0.9599999785423279,1.0,0.9696753025054932,46900
2020-06-16,1.0299999713897705,1.0399999618530273,1.0,1.0199999809265137,0.9890687465667725,39800
2020-06-17,1.0399999618530273,1.0399999618530273,0.9800000190734863,1.0299999713897705,0.9987654685974121,75300
2020-06-18,1.0099999904632568,1.0399999618530273,0.9800000190734863,1.0299999713897705,0.9987654685974121,77200
2020-06-19,1.0299999713897705,1.0499999523162842,0.9800000190734863,1.0499999523162842,1.018159031867981,122700
2020-06-22,1.090000033378601,1.090000033378601,1.0299999713897705,1.0700000524520874,1.0375525951385498,85100
2020-06-23,1.090000033378601,1.090000033378601,1.0399999618530273,1.059999942779541,1.0278558731079102,181000
2020-06-24,1.059999942779541,1.059999942779541,0.9900000095367432,1.0299999713897705,0.9987654685974121,174500
2020-06-25,1.0499999523162842,1.0499999523162842,0.9599999785423279,0.9900000095367432,0.9599785804748535,64100
2020-06-26,0.9599999785423279,0.9800000190734863,0.7699999809265137,0.7900000214576721,0.766043484210968,189300
2020-06-29,0.8299999833106995,0.9800000190734863,0.7900000214576721,0.9599999785423279,0.9308882355690002,224800
2020-06-30,1.0399999618530273,1.0499999523162842,0.9700000286102295,1.0,0.9696753025054932,236700
2020-07-01,0.9900000095367432,1.0099999904632568,0.8500000238418579,0.9399999976158142,0.911494791507721,95400
2020-07-02,0.9700000286102295,0.9900000095367432,0.8899999856948853,0.9200000166893005,0.8921012878417969,48800
2020-07-06,0.949999988079071,0.9700000286102295,0.8999999761581421,0.9200000166893005,0.8921012878417969,101000
2020-07-07,0.9200000166893005,0.9399999976158142,0.8199999928474426,0.8399999737739563,0.8145272731781006,72200
2020-07-08,0.8399999737739563,0.9200000166893005,0.8100000023841858,0.9100000262260437,0.8824045062065125,130500
2020-07-09,0.9200000166893005,0.9300000071525574,0.8299999833106995,0.8399999737739563,0.8145272731781006,97100
2020-07-10,0.8399999737739563,0.8700000047683716,0.8199999928474426,0.8500000238418579,0.824224054813385,86000
2020-07-13,0.8799999952316284,0.8799999952316284,0.7799999713897705,0.7900000214576721,0.766043484210968,108500
2020-07-14,0.7799999713897705,0.8299999833106995,0.75,0.8100000023841858,0.7854369878768921,80100
2020-07-15,0.8100000023841858,0.8299999833106995,0.7699999809265137,0.7799999713897705,0.7563467025756836,1245500
2020-07-16,1.0800000429153442,1.4900000095367432,0.9599999785423279,1.1100000143051147,1.076339602470398,11799100
2020-07-17,1.100000023841858,1.2999999523162842,1.0199999809265137,1.2400000095367432,1.202397346496582,3581900
2020-07-20,1.25,1.2599999904632568,1.0,1.0499999523162842,1.018159031867981,1141000
2020-07-21,1.0700000524520874,1.149999976158142,1.0700000524520874,1.1399999856948853,1.1054298877716064,426600
2020-07-22,1.1100000143051147,1.1399999856948853,1.0499999523162842,1.0700000524520874,1.0375525951385498,250600
2020-07-23,1.0700000524520874,1.100000023841858,1.0099999904632568,1.0199999809265137,0.9890687465667725,228300
2020-07-24,1.0199999809265137,1.0800000429153442,0.949999988079071,1.0099999904632568,0.9793720841407776,412500
2020-07-27,1.0,1.0,0.949999988079071,0.949999988079071,0.9211915135383606,150100
2020-07-28,0.949999988079071,0.9700000286102295,0.8999999761581421,0.8999999761581421,0.872707724571228,244000
2020-07-29,0.8999999761581421,1.2000000476837158,0.8999999761581421,1.149999976158142,1.115126609802246,3238500
2020-07-30,1.0800000429153442,1.2400000095367432,1.0,1.0099999904632568,0.9793720841407776,1030500
2020-07-31,1.0099999904632568,1.0299999713897705,0.949999988079071,0.9800000190734863,0.9502817988395691,369500
2020-08-03,0.9700000286102295,1.1299999952316284,0.949999988079071,1.0700000524520874,1.0375525951385498,771500
2020-08-04,1.0499999523162842,1.0700000524520874,1.0,1.0499999523162842,1.018159031867981,1091400
2020-08-05,1.100000023841858,1.4500000476837158,1.059999942779541,1.440000057220459,1.3963325023651123,2785400
2020-08-06,1.2999999523162842,1.600000023841858,1.25,1.309999942779541,1.2702745199203491,1569600
2020-08-07,1.2999999523162842,1.350000023841858,1.2699999809265137,1.309999942779541,1.2702745199203491,359400
2020-08-10,1.2400000095367432,1.3200000524520874,1.2200000286102295,1.25,1.2120943069458008,377000
2020-08-11,1.3200000524520874,1.3200000524520874,1.1799999475479126,1.2100000381469727,1.173307180404663,153700
2020-08-12,1.1699999570846558,1.2100000381469727,1.1399999856948853,1.2000000476837158,1.1636103391647339,217800
2020-08-13,1.1799999475479126,1.2599999904632568,1.1799999475479126,1.2400000095367432,1.202397346496582,139600
2020-08-14,1.2899999618530273,1.2899999618530273,1.2300000190734863,1.2699999809265137,1.2314876317977905,124300
2020-08-17,1.2599999904632568,1.2699999809265137,1.2200000286102295,1.2300000190734863,1.1927006244659424,148100
2020-08-18,1.2300000190734863,1.25,1.2200000286102295,1.25,1.2120943069458008,332700
2020-08-19,1.2799999713897705,1.2799999713897705,1.2000000476837158,1.2300000190734863,1.1927006244659424,144500
2020-08-20,1.2100000381469727,1.2699999809265137,1.2000000476837158,1.2200000286102295,1.1830039024353027,104100
2020-08-21,1.2000000476837158,1.25,1.1799999475479126,1.2400000095367432,1.202397346496582,166600
2020-08-24,1.2300000190734863,1.2599999904632568,1.2000000476837158,1.2400000095367432,1.202397346496582,105900
2020-08-25,1.2400000095367432,1.2400000095367432,1.1699999570846558,1.2100000381469727,1.173307180404663,140500
2020-08-26,1.2200000286102295,1.2200000286102295,1.1399999856948853,1.1399999856948853,1.1054298877716064,365400
2020-08-27,1.1399999856948853,1.1699999570846558,1.1299999952316284,1.1399999856948853,1.1054298877716064,165900
2020-08-28,1.1299999952316284,1.1299999952316284,1.090000033378601,1.1100000143051147,1.076339602470398,129000
2020-08-31,1.1100000143051147,1.1299999952316284,1.059999942779541,1.059999942779541,1.0278558731079102,147700
2020-09-01,1.0499999523162842,1.1399999856948853,1.0499999523162842,1.1100000143051147,1.076339602470398,89500
2020-09-02,1.1200000047683716,1.149999976158142,1.100000023841858,1.1100000143051147,1.076339602470398,68300
2020-09-03,1.100000023841858,1.2899999618530273,1.059999942779541,1.1100000143051147,1.076339602470398,604700
2020-09-04,1.100000023841858,1.100000023841858,1.0499999523162842,1.0800000429153442,1.047249436378479,203800
2020-09-08,1.0800000429153442,1.100000023841858,1.0399999618530273,1.059999942779541,1.0278558731079102,118800
2020-09-09,1.0800000429153442,1.0800000429153442,1.0199999809265137,1.0299999713897705,0.9987654685974121,141900
2020-09-10,1.0299999713897705,1.090000033378601,1.0299999713897705,1.0399999618530273,1.0084623098373413,45200
2020-09-11,1.0499999523162842,1.059999942779541,1.0,1.0,0.9696753025054932,127100
2020-09-14,1.0099999904632568,1.0299999713897705,0.9800000190734863,1.0099999904632568,0.9793720841407776,69800
2020-09-15,1.0199999809265137,1.0399999618530273,0.9900000095367432,1.0,0.9696753025054932,31800
2020-09-16,0.9800000190734863,1.0299999713897705,0.9800000190734863,0.9900000095367432,0.9599785804748535,38700
2020-09-17,0.9900000095367432,1.0199999809265137,0.9900000095367432,1.0,0.9696753025054932,54700
2020-09-18,1.0,1.0299999713897705,0.9700000286102295,1.0,0.9696753025054932,77100
2020-09-21,1.0199999809265137,1.0299999713897705,0.9700000286102295,0.9800000190734863,0.9502817988395691,82100
2020-09-22,1.0,1.0199999809265137,0.9399999976158142,0.9599999785423279,0.9308882355690002,145600
2020-09-23,1.0,1.0,0.9399999976158142,0.9399999976158142,0.911494791507721,65900
2020-09-24,0.9599999785423279,0.9599999785423279,0.8999999761581421,0.8999999761581421,0.872707724571228,56500
2020-09-25,0.8999999761581421,0.9700000286102295,0.8899999856948853,0.9300000071525574,0.9017980098724365,56100
2020-09-28,0.949999988079071,0.9700000286102295,0.8600000143051147,0.8999999761581421,0.872707724571228,67200
2020-09-29,0.9300000071525574,0.9700000286102295,0.8700000047683716,0.9300000071525574,0.9017980098724365,152800
2020-09-30,0.949999988079071,0.9599999785423279,0.8999999761581421,0.8999999761581421,0.872707724571228,52700
2020-10-01,0.8999999761581421,0.949999988079071,0.8999999761581421,0.9300000071525574,0.9017980098724365,126400
2020-10-02,0.8899999856948853,1.0,0.8899999856948853,0.9800000190734863,0.9502817988395691,85100
2020-10-05,0.9399999976158142,0.9900000095367432,0.9399999976158142,0.9700000286102295,0.9405850768089294,154600
2020-10-06,0.949999988079071,1.0800000429153442,0.949999988079071,1.0,0.9696753025054932,140200
2020-10-07,1.0800000429153442,1.1200000047683716,1.0,1.1200000047683716,1.086036205291748,217200
2020-10-08,1.1299999952316284,1.1299999952316284,1.0199999809265137,1.100000023841858,1.0666428804397583,111000
2020-10-09,1.0700000524520874,1.1100000143051147,1.0299999713897705,1.090000033378601,1.0569461584091187,166500
2020-10-12,1.090000033378601,1.100000023841858,1.0499999523162842,1.059999942779541,1.0278558731079102,60400
2020-10-13,1.0800000429153442,1.0800000429153442,1.0299999713897705,1.0299999713897705,0.9987654685974121,36900
2020-10-14,1.0199999809265137,1.0700000524520874,1.0199999809265137,1.0499999523162842,1.018159031867981,58300
2020-10-15,1.0299999713897705,1.059999942779541,1.0,1.0299999713897705,0.9987654685974121,62600
2020-10-16,1.0499999523162842,1.0499999523162842,1.0,1.0299999713897705,0.9987654685974121,119900
2020-10-19,1.100000023841858,1.25,1.100000023841858,1.2000000476837158,1.1636103391647339,982500
2020-10-20,1.25,1.25,1.149999976158142,1.2000000476837158,1.1636103391647339,237700
2020-10-21,1.2000000476837158,1.2000000476837158,1.159999966621399,1.1799999475479126,1.144216775894165,86700
2020-10-22,1.1699999570846558,1.2000000476837158,1.159999966621399,1.1799999475479126,1.144216775894165,63000
2020-10-23,1.2000000476837158,1.2000000476837158,1.159999966621399,1.1799999475479126,1.144216775894165,62000
2020-10-26,1.1699999570846558,1.25,1.1399999856948853,1.2400000095367432,1.202397346496582,358900
2020-10-27,1.2699999809265137,1.3799999952316284,1.159999966621399,1.190000057220459,1.1539137363433838,381100
2020-10-28,1.149999976158142,1.2200000286102295,1.100000023841858,1.1100000143051147,1.076339602470398,298300
2020-10-29,1.100000023841858,1.2300000190734863,1.0499999523162842,1.2000000476837158,1.1636103391647339,336400
2020-10-30,1.2400000095367432,1.2400000095367432,1.1100000143051147,1.1699999570846558,1.134520173072815,206500
2020-11-02,1.190000057220459,1.2400000095367432,1.1200000047683716,1.159999966621399,1.1248232126235962,214000
2020-11-03,1.1799999475479126,1.2300000190734863,1.1699999570846558,1.2000000476837158,1.1636103391647339,195500
2020-11-04,1.2200000286102295,1.25,1.190000057220459,1.2400000095367432,1.202397346496582,2346700
2020-11-05,1.2599999904632568,1.3200000524520874,1.2000000476837158,1.3200000524520874,1.2799713611602783,1011800
2020-11-06,1.2999999523162842,1.309999942779541,1.2300000190734863,1.2899999618530273,1.2508809566497803,367800
2020-11-09,1.3700000047683716,1.3700000047683716,1.2699999809265137,1.2999999523162842,1.260577917098999,212900
2020-11-10,1.2899999618530273,1.3600000143051147,1.2799999713897705,1.340000033378601,1.2993649244308472,221500
2020-11-11,1.3300000429153442,1.3799999952316284,1.2999999523162842,1.3300000429153442,1.2896682024002075,216500
2020-11-12,1.3200000524520874,1.4299999475479126,1.309999942779541,1.3899999856948853,1.3478485345840454,189200
2020-11-13,1.4500000476837158,1.4600000381469727,1.350000023841858,1.3600000143051147,1.3187583684921265,181400
2020-11-16,1.3200000524520874,1.440000057220459,1.3200000524520874,1.399999976158142,1.3575454950332642,321900
2020-11-17,1.3899999856948853,1.3899999856948853,1.350000023841858,1.3600000143051147,1.3187583684921265,131000
2020-11-18,1.3700000047683716,1.409999966621399,1.340000033378601,1.3700000047683716,1.3284550905227661,159500
2020-11-19,1.399999976158142,1.399999976158142,1.2999999523162842,1.340000033378601,1.2993649244308472,80300
2020-11-20,1.340000033378601,1.3799999952316284,1.3200000524520874,1.3600000143051147,1.3187583684921265,112400
2020-11-23,1.3600000143051147,1.3799999952316284,1.340000033378601,1.340000033378601,1.2993649244308472,137800
2020-11-24,1.3600000143051147,1.3899999856948853,1.25,1.3200000524520874,1.2799713611602783,206100
2020-11-25,1.2999999523162842,1.4199999570846558,1.2999999523162842,1.3799999952316284,1.3381520509719849,725500
2020-11-27,1.399999976158142,1.4199999570846558,1.3300000429153442,1.399999976158142,1.3575454950332642,154700
2020-11-30,1.399999976158142,1.5,1.3600000143051147,1.4500000476837158,1.4060291051864624,387100
2020-12-01,1.4800000190734863,1.559999942779541,1.4199999570846558,1.4700000286102295,1.4254226684570312,203200
2020-12-02,1.4900000095367432,1.5199999809265137,1.3899999856948853,1.399999976158142,1.3575454950332642,245300
2020-12-03,1.409999966621399,1.4600000381469727,1.3700000047683716,1.3799999952316284,1.3381520509719849,107800
2020-12-04,1.3799999952316284,1.3899999856948853,1.3200000524520874,1.3600000143051147,1.3187583684921265,139900
2020-12-07,1.3600000143051147,1.3600000143051147,1.2899999618530273,1.2999999523162842,1.260577917098999,346700
2020-12-08,1.2799999713897705,1.3200000524520874,1.2000000476837158,1.25,1.2120943069458008,1384500
2020-12-09,1.25,1.2999999523162842,1.2300000190734863,1.2300000190734863,1.1927006244659424,262500
2020-12-10,1.2699999809265137,1.3700000047683716,1.2599999904632568,1.3600000143051147,1.3187583684921265,553800
2020-12-11,1.3700000047683716,1.409999966621399,1.350000023841858,1.399999976158142,1.3575454950332642,346900
2020-12-14,1.3799999952316284,1.440000057220459,1.3799999952316284,1.409999966621399,1.3672422170639038,177500
2020-12-15,1.440000057220459,1.440000057220459,1.3899999856948853,1.409999966621399,1.3672422170639038,106200
2020-12-16,1.4299999475479126,1.4600000381469727,1.399999976158142,1.399999976158142,1.3575454950332642,191100
2020-12-17,1.409999966621399,1.4700000286102295,1.399999976158142,1.4600000381469727,1.4157259464263916,186100
2020-12-18,1.4700000286102295,1.4900000095367432,1.4299999475479126,1.4299999475479126,1.386635661125183,248500
2020-12-21,1.409999966621399,1.4299999475479126,1.3799999952316284,1.3899999856948853,1.3478485345840454,150200
2020-12-22,1.3899999856948853,1.4199999570846558,1.3700000047683716,1.3899999856948853,1.3478485345840454,155700
2020-12-23,1.399999976158142,1.409999966621399,1.3799999952316284,1.399999976158142,1.3575454950332642,148000
2020-12-24,1.440000057220459,1.440000057220459,1.399999976158142,1.4199999570846558,1.376938819885254,86400
2020-12-28,1.399999976158142,1.4299999475479126,1.399999976158142,1.409999966621399,1.3672422170639038,105200
2020-12-29,1.409999966621399,1.4199999570846558,1.3700000047683716,1.4199999570846558,1.376938819885254,227400
2020-12-30,1.4299999475479126,1.4299999475479126,1.3899999856948853,1.4199999570846558,1.376938819885254,85600
2020-12-31,1.399999976158142,1.4900000095367432,1.399999976158142,1.4800000190734863,1.4351195096969604,251800
2021-01-04,1.4900000095367432,1.5499999523162842,1.4700000286102295,1.5399999618530273,1.493299961090088,226100
2021-01-05,1.5199999809265137,1.75,1.5199999809265137,1.7000000476837158,1.64844810962677,593500
2021-01-06,1.75,1.7699999809265137,1.6699999570846558,1.6799999475479126,1.6290545463562012,296800
2021-01-07,1.649999976158142,1.7799999713897705,1.649999976158142,1.7599999904632568,1.706628441810608,244800
2021-01-08,1.7799999713897705,1.7999999523162842,1.6799999475479126,1.690000057220459,1.6387512683868408,198700
2021-01-11,1.7400000095367432,1.840000033378601,1.7300000190734863,1.809999942779541,1.7551122903823853,266900
2021-01-12,1.8700000047683716,2.119999885559082,1.840000033378601,1.899999976158142,1.8423830270767212,657300
2021-01-13,2.059999942779541,2.1500000953674316,1.899999976158142,1.9500000476837158,1.8908668756484985,397500
2021-01-14,2.0,2.0199999809265137,1.899999976158142,1.9700000286102295,1.9102603197097778,317400
2021-01-15,2.0199999809265137,2.119999885559082,2.0,2.0899999141693115,2.0266213417053223,344500
2021-01-19,2.190000057220459,2.2699999809265137,2.119999885559082,2.1600000858306885,2.094498872756958,474900
2021-01-20,2.1500000953674316,2.200000047683716,2.0399999618530273,2.059999942779541,1.9975309371948242,161600
2021-01-21,2.049999952316284,2.059999942779541,1.940000057220459,1.9600000381469727,1.9005635976791382,391200
2021-01-22,1.9199999570846558,1.9500000476837158,1.850000023841858,1.9199999570846558,1.8617764711380005,170100
2021-01-25,1.8899999856948853,2.0299999713897705,1.840000033378601,2.0199999809265137,1.9587441682815552,189900
2021-01-26,2.0199999809265137,2.109999895095825,1.9500000476837158,2.0899999141693115,2.0266213417053223,253000
2021-01-27,2.0899999141693115,2.180000066757202,1.9600000381469727,2.0799999237060547,2.0169246196746826,295800
2021-01-28,2.0399999618530273,2.0799999237060547,1.9199999570846558,2.0199999809265137,1.968206524848938,385600
2021-01-29,2.0,2.009999990463257,1.9199999570846558,1.9600000381469727,1.9097450971603394,173300
2021-02-01,2.009999990463257,2.180000066757202,1.9900000095367432,2.119999885559082,2.0656423568725586,312800
2021-02-02,2.2100000381469727,2.2300000190734863,2.119999885559082,2.140000104904175,2.085129976272583,154800
2021-02-03,2.200000047683716,2.2300000190734863,2.1600000858306885,2.1700000762939453,2.1143605709075928,194800
2021-02-04,2.200000047683716,2.2200000286102295,2.0799999237060547,2.130000114440918,2.0753862857818604,345900
2021-02-05,2.190000057220459,2.240000009536743,2.1500000953674316,2.2100000381469727,2.1533350944519043,298100
2021-02-08,2.25,2.359999895095825,2.2300000190734863,2.319999933242798,2.260514497756958,426100
2021-02-09,2.3499999046325684,2.4000000953674316,2.190000057220459,2.2300000190734863,2.1728222370147705,463400
2021-02-10,2.2200000286102295,2.319999933242798,2.109999895095825,2.25,2.1923093795776367,355100
2021-02-11,2.2799999713897705,2.309999942779541,2.1600000858306885,2.2100000381469727,2.1533350944519043,209000
2021-02-12,2.2100000381469727,2.359999895095825,2.180000066757202,2.3499999046325684,2.289745569229126,345300
2021-02-16,2.4200000762939453,2.5999999046325684,2.380000114440918,2.5399999618530273,2.4748737812042236,635100
2021-02-17,2.5299999713897705,2.5899999141693115,2.380000114440918,2.5,2.435899257659912,347100
2021-02-18,2.490000009536743,2.5899999141693115,2.4200000762939453,2.4200000762939453,2.3579506874084473,176100
2021-02-19,2.4600000381469727,2.690000057220459,2.450000047683716,2.559999942779541,2.4943606853485107,652900
2021-02-22,2.559999942779541,2.680000066757202,2.430000066757202,2.450000047683716,2.387181282043457,421100
2021-02-23,2.559999942779541,2.5799999237060547,2.259999990463257,2.4100000858306885,2.3482069969177246,476300
2021-02-24,2.0999999046325684,2.240000009536743,2.0299999713897705,2.240000009536743,2.182565689086914,983900
2021-02-25,2.1500000953674316,2.2300000190734863,2.130000114440918,2.180000066757202,2.1241042613983154,355700
2021-02-26,2.140000104904175,2.200000047683716,2.0299999713897705,2.109999895095825,2.055899143218994,326800
2021-03-01,2.1500000953674316,2.2100000381469727,2.0899999141693115,2.130000114440918,2.0753862857818604,173100
2021-03-02,2.140000104904175,2.140000104904175,2.059999942779541,2.119999885559082,2.0656423568725586,141600
2021-03-03,2.119999885559082,2.1500000953674316,1.9700000286102295,1.9800000190734863,1.9292322397232056,281800
2021-03-04,1.9700000286102295,2.0299999713897705,1.899999976158142,2.0,1.9487195014953613,376300
2021-03-05,2.0199999809265137,2.049999952316284,1.8700000047683716,2.0,1.9487195014953613,390200
2021-03-08,2.0299999713897705,2.0399999618530273,1.9500000476837158,2.0399999618530273,1.9876939058303833,271500
2021-03-09,2.0299999713897705,2.200000047683716,2.0199999809265137,2.180000066757202,2.1241042613983154,183500
2021-03-10,2.200000047683716,2.240000009536743,2.119999885559082,2.240000009536743,2.182565689086914,141600
2021-03-11,2.2699999809265137,2.4600000381469727,2.25,2.359999895095825,2.2994887828826904,458400
2021-03-12,2.390000104904175,2.5,2.369999885559082,2.4700000286102295,2.4066684246063232,353900
2021-03-15,2.549999952316284,2.549999952316284,2.309999942779541,2.390000104904175,2.3287198543548584,364300
2021-03-16,2.319999933242798,2.3499999046325684,2.1600000858306885,2.25,2.1923093795776367,347800
2021-03-17,2.200000047683716,2.25,2.140000104904175,2.200000047683716,2.1435914039611816,177200
2021-03-18,2.1500000953674316,2.2200000286102295,2.130000114440918,2.1600000858306885,2.104617118835449,164500
2021-03-19,2.2899999618530273,2.2899999618530273,2.130000114440918,2.2799999713897705,2.2215399742126465,372900
2021-03-22,2.2899999618530273,2.3399999141693115,2.1700000762939453,2.2200000286102295,2.163078784942627,220600
2021-03-23,2.2100000381469727,2.2100000381469727,2.049999952316284,2.069999933242798,2.0169246196746826,284000
2021-03-24,2.0999999046325684,2.109999895095825,1.9800000190734863,2.0,1.9487195014953613,335400
2021-03-25,1.9800000190734863,2.0799999237060547,1.899999976158142,2.0799999237060547,2.0266683101654053,249800
2021-03-26,2.0899999141693115,2.119999885559082,2.0299999713897705,2.0999999046325684,2.0461552143096924,133900
2021-03-29,2.119999885559082,2.130000114440918,1.9800000190734863,2.0299999713897705,1.9779503345489502,193600
2021-03-30,1.9900000095367432,2.119999885559082,1.9199999570846558,2.0899999141693115,2.036411762237549,181400
2021-03-31,2.109999895095825,2.1500000953674316,2.0399999618530273,2.109999895095825,2.055899143218994,120300
2021-04-01,2.1500000953674316,2.259999990463257,2.0299999713897705,2.190000057220459,2.133847951889038,373600
2021-04-05,2.25,2.319999933242798,2.200000047683716,2.299999952316284,2.241027355194092,119400
2021-04-06,2.3399999141693115,2.3399999141693115,2.2100000381469727,2.2200000286102295,2.163078784942627,158100
2021-04-07,2.2300000190734863,2.319999933242798,2.200000047683716,2.259999990463257,2.2020528316497803,146800
2021-04-08,2.2799999713897705,2.319999933242798,2.2200000286102295,2.25,2.1923093795776367,128200
2021-04-09,2.2699999809265137,2.2699999809265137,2.2300000190734863,2.25,2.1923093795776367,72500
2021-04-12,2.2300000190734863,2.25,2.049999952316284,2.130000114440918,2.0753862857818604,253200
2021-04-13,2.1600000858306885,2.2200000286102295,2.130000114440918,2.180000066757202,2.1241042613983154,77100
2021-04-14,2.190000057220459,2.2300000190734863,2.1500000953674316,2.2300000190734863,2.1728222370147705,146100
2021-04-15,2.2300000190734863,2.2699999809265137,2.180000066757202,2.25,2.1923093795776367,82100
2021-04-16,2.2699999809265137,2.2699999809265137,2.180000066757202,2.2200000286102295,2.163078784942627,86000
2021-04-19,2.180000066757202,2.2300000190734863,2.1700000762939453,2.190000057220459,2.133847951889038,166700
2021-04-20,2.1700000762939453,2.2100000381469727,2.1700000762939453,2.200000047683716,2.1435914039611816,82400
2021-04-21,2.1700000762939453,2.25,2.1700000762939453,2.240000009536743,2.182565689086914,59900
2021-04-22,2.25,2.3399999141693115,2.190000057220459,2.25,2.1923093795776367,136800
2021-04-23,2.25,2.2799999713897705,2.2200000286102295,2.25,2.1923093795776367,93800
2021-04-26,2.2699999809265137,2.299999952316284,2.2200000286102295,2.259999990463257,2.2020528316497803,121600
2021-04-27,2.2899999618530273,2.299999952316284,2.240000009536743,2.25,2.1923093795776367,29700
2021-04-28,2.2899999618530273,2.2899999618530273,2.240000009536743,2.2699999809265137,2.211796760559082,51400
2021-04-29,2.2699999809265137,2.299999952316284,2.240000009536743,2.2799999713897705,2.2412872314453125,100100
2021-04-30,2.25,2.259999990463257,2.1500000953674316,2.180000066757202,2.1429851055145264,70800
2021-05-03,2.2100000381469727,2.2300000190734863,2.200000047683716,2.2200000286102295,2.1823058128356934,394700
2021-05-04,2.2100000381469727,2.25,2.200000047683716,2.2200000286102295,2.1823058128356934,142700
2021-05-05,2.180000066757202,2.200000047683716,2.0999999046325684,2.130000114440918,2.093834161758423,141900
2021-05-06,2.119999885559082,2.180000066757202,2.0799999237060547,2.109999895095825,2.07417368888855,92500
2021-05-07,2.0999999046325684,2.1700000762939453,2.0999999046325684,2.0999999046325684,2.0643434524536133,127200
2021-05-10,2.109999895095825,2.130000114440918,2.0399999618530273,2.049999952316284,2.0151922702789307,119900
2021-05-11,2.0299999713897705,2.130000114440918,1.9600000381469727,2.069999933242798,2.0348527431488037,99000
2021-05-12,2.049999952316284,2.069999933242798,1.9500000476837158,1.9500000476837158,1.9168903827667236,146900
2021-05-13,1.9500000476837158,2.059999942779541,1.9500000476837158,2.0299999713897705,1.9955320358276367,179300
2021-05-14,2.0899999141693115,2.119999885559082,2.0399999618530273,2.049999952316284,2.0151922702789307,123000
2021-05-17,2.0399999618530273,2.1500000953674316,2.0399999618530273,2.0799999237060547,2.0446832180023193,107200
2021-05-18,2.109999895095825,2.1500000953674316,2.0799999237060547,2.0999999046325684,2.0643434524536133,89500
2021-05-19,2.069999933242798,2.109999895095825,2.049999952316284,2.0999999046325684,2.0643434524536133,30200
2021-05-20,2.0899999141693115,2.140000104904175,2.049999952316284,2.0999999046325684,2.0643434524536133,80000
2021-05-21,2.130000114440918,2.130000114440918,2.0999999046325684,2.119999885559082,2.0840039253234863,71800
2021-05-24,2.069999933242798,2.119999885559082,2.0,2.0,1.9660414457321167,159200
2021-05-25,2.0,2.059999942779541,1.9800000190734863,1.9900000095367432,1.9562112092971802,99600
2021-05-26,2.0199999809265137,2.0399999618530273,1.9900000095367432,2.009999990463257,1.9758715629577637,87000
2021-05-27,2.049999952316284,2.0999999046325684,2.0299999713897705,2.0799999237060547,2.0446832180023193,73200
2021-05-28,2.0999999046325684,2.25,2.0399999618530273,2.1500000953674316,2.113494634628296,1164200
2021-06-01,2.25,2.630000114440918,2.2100000381469727,2.319999933242798,2.2806079387664795,1198400
2021-06-02,2.450000047683716,2.549999952316284,2.2799999713897705,2.3299999237060547,2.290438175201416,437500
2021-06-03,2.369999885559082,2.549999952316284,2.359999895095825,2.4800000190734863,2.4378914833068848,707700
2021-06-04,2.430000066757202,2.509999990463257,2.3299999237060547,2.359999895095825,2.3199286460876465,196700
2021-06-07,2.390000104904175,2.4000000953674316,2.240000009536743,2.2699999809265137,2.231456995010376,409900
2021-06-08,2.059999942779541,2.2100000381469727,2.059999942779541,2.1500000953674316,2.113494634628296,346300
2021-06-09,2.200000047683716,2.440000057220459,2.1500000953674316,2.2300000190734863,2.19213604927063,1242100
2021-06-10,2.180000066757202,2.2799999713897705,2.1700000762939453,2.2100000381469727,2.172475814819336,476200
2021-06-11,2.2100000381469727,2.4000000953674316,2.2100000381469727,2.390000104904175,2.3494198322296143,286800
2021-06-14,2.390000104904175,2.4000000953674316,2.3299999237060547,2.3499999046325684,2.31009840965271,161000
2021-06-15,2.359999895095825,2.4200000762939453,2.240000009536743,2.25,2.211796760559082,381600
2021-06-16,2.240000009536743,2.2699999809265137,2.2200000286102295,2.240000009536743,2.2019665241241455,114200
2021-06-17,2.25,2.2899999618530273,2.119999885559082,2.2100000381469727,2.172475814819336,171600
2021-06-18,2.1500000953674316,2.2799999713897705,2.140000104904175,2.2200000286102295,2.1823058128356934,165500
2021-06-21,2.2200000286102295,2.259999990463257,2.069999933242798,2.200000047683716,2.1626455783843994,136000
2021-06-22,2.2200000286102295,2.2200000286102295,2.1500000953674316,2.200000047683716,2.1626455783843994,136400
2021-06-23,2.200000047683716,2.200000047683716,2.140000104904175,2.1700000762939453,2.133155107498169,104500
2021-06-24,2.200000047683716,2.200000047683716,2.130000114440918,2.1500000953674316,2.113494634628296,137900
2021-06-25,2.180000066757202,2.180000066757202,2.130000114440918,2.1600000858306885,2.1233248710632324,244500
2021-06-28,2.1600000858306885,2.1600000858306885,2.059999942779541,2.109999895095825,2.07417368888855,205000
2021-06-29,2.109999895095825,2.119999885559082,2.069999933242798,2.0899999141693115,2.0545132160186768,165600
2021-06-30,2.0999999046325684,2.1500000953674316,2.0799999237060547,2.1500000953674316,2.113494634628296,44700
