Date,Open,High,Low,Close,Adj Close,Volume
2020-04-24,26.0,26.850000381469727,24.260000228881836,25.770000457763672,25.770000457763672,3699300
2020-04-27,26.350000381469727,28.200000762939453,26.0,26.059999465942383,26.059999465942383,603400
2020-04-28,26.200000762939453,26.5,24.670000076293945,25.68000030517578,25.68000030517578,764800
2020-04-29,26.0,26.90999984741211,25.5,26.31999969482422,26.31999969482422,320500
2020-04-30,26.100000381469727,27.55699920654297,26.0,26.450000762939453,26.450000762939453,248400
2020-05-01,26.5,26.950000762939453,26.0,26.549999237060547,26.549999237060547,401000
2020-05-04,26.700000762939453,28.0,26.389999389648438,27.690000534057617,27.690000534057617,70700
2020-05-05,28.110000610351562,29.6299991607666,27.770000457763672,28.829999923706055,28.829999923706055,191800
2020-05-06,29.0,29.996000289916992,28.5,29.770000457763672,29.770000457763672,232300
2020-05-07,30.209999084472656,31.71500015258789,30.0,31.600000381469727,31.600000381469727,161300
2020-05-08,31.729999542236328,32.72999954223633,31.15999984741211,32.2599983215332,32.2599983215332,75100
2020-05-11,33.08000183105469,34.70000076293945,32.75,33.650001525878906,33.650001525878906,150900
2020-05-12,34.04999923706055,34.4900016784668,31.579999923706055,33.369998931884766,33.369998931884766,170400
2020-05-13,32.59000015258789,33.75,29.1299991607666,30.940000534057617,30.940000534057617,539700
2020-05-14,30.479999542236328,34.0,30.469999313354492,33.970001220703125,33.970001220703125,330400
2020-05-15,33.459999084472656,34.5,31.40999984741211,32.650001525878906,32.650001525878906,396200
2020-05-18,33.0,33.5,31.459999084472656,31.8799991607666,31.8799991607666,62800
2020-05-19,31.920000076293945,33.25,31.639999389648438,31.799999237060547,31.799999237060547,168800
2020-05-20,32.25,33.130001068115234,28.5,28.700000762939453,28.700000762939453,141600
2020-05-21,29.149999618530273,30.0,28.020000457763672,29.040000915527344,29.040000915527344,101900
2020-05-22,29.0,29.190000534057617,27.780000686645508,28.200000762939453,28.200000762939453,85900
2020-05-26,28.260000228881836,28.8700008392334,27.010000228881836,28.229999542236328,28.229999542236328,88400
2020-05-27,28.530000686645508,28.56999969482422,26.079999923706055,27.030000686645508,27.030000686645508,115000
2020-05-28,26.899999618530273,29.0,26.899999618530273,28.469999313354492,28.469999313354492,94700
2020-05-29,28.469999313354492,29.235000610351562,28.0,29.020000457763672,29.020000457763672,57700
2020-06-01,29.190000534057617,31.0,28.579999923706055,30.299999237060547,30.299999237060547,153300
2020-06-02,30.739999771118164,35.09000015258789,29.780000686645508,35.09000015258789,35.09000015258789,256000
2020-06-03,35.4900016784668,36.89699935913086,34.16999816894531,35.880001068115234,35.880001068115234,203900
2020-06-04,35.79999923706055,38.970001220703125,35.029998779296875,36.189998626708984,36.189998626708984,172200
2020-06-05,36.7400016784668,38.439998626708984,36.58000183105469,37.41999816894531,37.41999816894531,205400
2020-06-08,37.880001068115234,38.47999954223633,37.0099983215332,37.869998931884766,37.869998931884766,101700
2020-06-09,38.119998931884766,38.4900016784668,34.45500183105469,35.91999816894531,35.91999816894531,182800
2020-06-10,35.689998626708984,37.06999969482422,34.630001068115234,34.72999954223633,34.72999954223633,137400
2020-06-11,34.04999923706055,34.779998779296875,30.520000457763672,31.899999618530273,31.899999618530273,210800
2020-06-12,32.90999984741211,34.31999969482422,32.90999984741211,33.540000915527344,33.540000915527344,148900
2020-06-15,33.439998626708984,35.48500061035156,32.900001525878906,34.41999816894531,34.41999816894531,201300
2020-06-16,35.45000076293945,35.45000076293945,33.41999816894531,33.84000015258789,33.84000015258789,107100
2020-06-17,34.119998931884766,38.0,33.665000915527344,36.810001373291016,36.810001373291016,137500
2020-06-18,36.52000045776367,37.625,34.63999938964844,34.63999938964844,34.63999938964844,201100
2020-06-19,34.54999923706055,36.73500061035156,33.709999084472656,34.119998931884766,34.119998931884766,729200
2020-06-22,33.900001525878906,34.970001220703125,31.100000381469727,31.75,31.75,266100
2020-06-23,32.220001220703125,36.66999816894531,32.220001220703125,34.540000915527344,34.540000915527344,373900
2020-06-24,34.119998931884766,37.654998779296875,34.119998931884766,36.400001525878906,36.400001525878906,298600
2020-06-25,36.58000183105469,40.66999816894531,36.400001525878906,38.119998931884766,38.119998931884766,290300
2020-06-26,37.83000183105469,38.720001220703125,34.310001373291016,34.88999938964844,34.88999938964844,1223400
2020-06-29,35.2599983215332,35.97999954223633,34.0099983215332,34.189998626708984,34.189998626708984,145800
2020-06-30,33.959999084472656,35.27000045776367,32.599998474121094,33.72999954223633,33.72999954223633,218900
2020-07-01,33.810001373291016,34.029998779296875,31.0,31.260000228881836,31.260000228881836,133500
2020-07-02,31.600000381469727,33.46099853515625,29.520000457763672,29.93000030517578,29.93000030517578,126300
2020-07-06,30.350000381469727,30.75,28.200000762939453,28.600000381469727,28.600000381469727,128600
2020-07-07,28.290000915527344,29.190000534057617,25.4950008392334,25.600000381469727,25.600000381469727,303700
2020-07-08,25.700000762939453,27.040000915527344,24.040000915527344,24.56999969482422,24.56999969482422,331600
2020-07-09,24.809999465942383,25.3799991607666,23.59000015258789,23.760000228881836,23.760000228881836,141500
2020-07-10,23.6200008392334,25.079999923706055,23.610000610351562,24.709999084472656,24.709999084472656,198200
2020-07-13,24.850000381469727,25.43000030517578,23.5,24.299999237060547,24.299999237060547,185500
2020-07-14,24.290000915527344,25.43000030517578,22.3700008392334,23.1299991607666,23.1299991607666,189000
2020-07-15,23.299999237060547,24.725000381469727,23.239999771118164,23.899999618530273,23.899999618530273,102200
2020-07-16,23.690000534057617,23.950000762939453,23.059999465942383,23.600000381469727,23.600000381469727,102500
2020-07-17,23.34000015258789,25.219999313354492,23.290000915527344,25.18000030517578,25.18000030517578,367900
2020-07-20,25.059999465942383,28.209999084472656,24.709999084472656,27.700000762939453,27.700000762939453,190500
2020-07-21,28.0,28.75,25.149999618530273,25.719999313354492,25.719999313354492,354700
2020-07-22,25.510000228881836,27.170000076293945,25.25,25.6200008392334,25.6200008392334,98700
2020-07-23,25.31999969482422,25.56999969482422,22.510000228881836,23.549999237060547,23.549999237060547,191500
2020-07-24,23.389999389648438,24.479999542236328,21.850000381469727,22.100000381469727,22.100000381469727,109700
2020-07-27,22.1200008392334,23.469999313354492,21.299999237060547,21.65999984741211,21.65999984741211,152700
2020-07-28,21.450000762939453,23.799999237060547,21.450000762939453,23.65999984741211,23.65999984741211,238000
2020-07-29,23.809999465942383,24.389999389648438,21.25,21.469999313354492,21.469999313354492,217200
2020-07-30,21.270000457763672,22.889999389648438,20.139999389648438,21.020000457763672,21.020000457763672,149300
2020-07-31,21.020000457763672,21.31999969482422,19.850000381469727,20.06999969482422,20.06999969482422,111500
2020-08-03,20.799999237060547,22.399999618530273,20.309999465942383,22.049999237060547,22.049999237060547,116900
2020-08-04,21.649999618530273,22.899999618530273,21.360000610351562,22.549999237060547,22.549999237060547,42900
2020-08-05,22.799999237060547,23.934999465942383,21.7450008392334,22.25,22.25,84000
2020-08-06,23.030000686645508,26.575000762939453,22.799999237060547,25.3799991607666,25.3799991607666,397700
2020-08-07,25.299999237060547,26.90999984741211,24.670000076293945,25.690000534057617,25.690000534057617,201500
2020-08-10,25.829999923706055,26.184999465942383,25.200000762939453,25.350000381469727,25.350000381469727,123100
2020-08-11,25.280000686645508,25.959999084472656,24.5,25.420000076293945,25.420000076293945,164300
2020-08-12,25.260000228881836,25.735000610351562,24.559999465942383,25.559999465942383,25.559999465942383,171000
2020-08-13,26.239999771118164,26.485000610351562,25.270000457763672,25.459999084472656,25.459999084472656,89300
2020-08-14,25.229999542236328,25.829999923706055,25.209999084472656,25.719999313354492,25.719999313354492,108700
2020-08-17,25.510000228881836,26.6299991607666,25.25,26.350000381469727,26.350000381469727,114600
2020-08-18,26.479999542236328,26.479999542236328,25.204999923706055,26.139999389648438,26.139999389648438,64200
2020-08-19,26.290000915527344,26.299999237060547,25.079999923706055,25.34000015258789,25.34000015258789,85300
2020-08-20,25.260000228881836,25.309999465942383,23.979999542236328,24.809999465942383,24.809999465942383,88500
2020-08-21,24.989999771118164,25.014999389648438,23.899999618530273,24.290000915527344,24.290000915527344,71100
2020-08-24,24.219999313354492,24.360000610351562,22.53499984741211,23.25,23.25,108800
2020-08-25,23.190000534057617,24.959999084472656,23.125,24.020000457763672,24.020000457763672,56200
2020-08-26,24.329999923706055,25.149999618530273,23.34000015258789,23.579999923706055,23.579999923706055,74800
2020-08-27,23.579999923706055,23.799999237060547,22.540000915527344,23.260000228881836,23.260000228881836,62200
2020-08-28,23.239999771118164,24.4950008392334,23.229999542236328,24.420000076293945,24.420000076293945,96600
2020-08-31,24.360000610351562,25.559999465942383,23.889999389648438,25.049999237060547,25.049999237060547,124200
2020-09-01,25.200000762939453,25.875,24.360000610351562,25.68000030517578,25.68000030517578,53000
2020-09-02,25.68000030517578,25.75,24.690000534057617,25.43000030517578,25.43000030517578,46100
2020-09-03,25.399999618530273,25.399999618530273,24.290000915527344,24.520000457763672,24.520000457763672,65200
2020-09-04,24.81999969482422,25.219999313354492,23.610000610351562,24.309999465942383,24.309999465942383,51200
2020-09-08,24.020000457763672,25.440000534057617,23.700000762939453,24.5,24.5,36700
2020-09-09,24.709999084472656,25.010000228881836,23.780000686645508,24.3799991607666,24.3799991607666,73000
2020-09-10,24.3700008392334,24.649999618530273,22.0,22.200000762939453,22.200000762939453,97400
2020-09-11,22.280000686645508,22.719999313354492,20.209999084472656,20.299999237060547,20.299999237060547,100100
2020-09-14,20.579999923706055,22.530000686645508,20.15999984741211,21.8700008392334,21.8700008392334,189200
2020-09-15,22.31999969482422,22.5,21.450000762939453,21.649999618530273,21.649999618530273,55400
2020-09-16,21.65999984741211,22.075000762939453,21.639999389648438,21.889999389648438,21.889999389648438,47700
2020-09-17,21.799999237060547,22.239999771118164,21.235000610351562,21.649999618530273,21.649999618530273,73800
2020-09-18,22.049999237060547,22.049999237060547,20.020000457763672,20.59000015258789,20.59000015258789,139500
2020-09-21,20.209999084472656,20.780000686645508,18.600000381469727,19.75,19.75,111000
2020-09-22,19.760000228881836,20.3700008392334,19.315000534057617,20.3700008392334,20.3700008392334,51400
2020-09-23,20.1200008392334,20.90999984741211,19.469999313354492,20.0,20.0,96100
2020-09-24,20.06999969482422,20.06999969482422,18.889999389648438,19.5,19.5,55000
2020-09-25,19.280000686645508,20.450000762939453,19.260000228881836,19.760000228881836,19.760000228881836,50000
2020-09-28,19.75,20.079999923706055,19.549999237060547,19.700000762939453,19.700000762939453,62600
2020-09-29,19.940000534057617,24.0,19.899999618530273,23.1200008392334,23.1200008392334,153000
2020-09-30,23.31999969482422,25.344999313354492,21.690000534057617,25.010000228881836,25.010000228881836,227200
2020-10-01,25.299999237060547,25.475000381469727,23.600000381469727,23.760000228881836,23.760000228881836,106200
2020-10-02,23.770000457763672,23.860000610351562,21.729999542236328,23.469999313354492,23.469999313354492,95800
2020-10-05,23.549999237060547,24.420000076293945,23.0,23.600000381469727,23.600000381469727,54500
2020-10-06,23.760000228881836,24.389999389648438,22.489999771118164,23.68000030517578,23.68000030517578,56200
2020-10-07,23.670000076293945,24.950000762939453,21.739999771118164,24.1200008392334,24.1200008392334,65700
2020-10-08,24.34000015258789,26.469999313354492,24.170000076293945,25.790000915527344,25.790000915527344,88500
2020-10-09,25.860000610351562,26.489999771118164,23.559999465942383,25.450000762939453,25.450000762939453,85900
2020-10-12,25.520000457763672,25.520000457763672,22.920000076293945,23.280000686645508,23.280000686645508,58300
2020-10-13,23.15999984741211,23.729999542236328,22.479999542236328,22.860000610351562,22.860000610351562,48600
2020-10-14,23.15999984741211,23.559999465942383,21.200000762939453,21.75,21.75,78600
2020-10-15,22.049999237060547,23.5,22.049999237060547,23.350000381469727,23.350000381469727,44700
2020-10-16,23.100000381469727,24.75,22.549999237060547,24.59000015258789,24.59000015258789,61500
2020-10-19,24.790000915527344,25.09000015258789,23.520000457763672,24.260000228881836,24.260000228881836,102300
2020-10-20,25.34000015258789,25.610000610351562,24.09000015258789,25.079999923706055,25.079999923706055,153600
2020-10-21,25.0,25.0,21.40999984741211,21.520000457763672,21.520000457763672,485700
2020-10-22,21.260000228881836,22.0,19.219999313354492,20.31999969482422,20.31999969482422,345700
2020-10-23,21.399999618530273,21.520000457763672,20.1299991607666,21.239999771118164,21.239999771118164,136600
2020-10-26,20.020000457763672,21.049999237060547,20.0,20.329999923706055,20.329999923706055,166200
2020-10-27,20.389999389648438,22.889999389648438,20.389999389648438,22.610000610351562,22.610000610351562,131300
2020-10-28,22.520000457763672,22.520000457763672,20.260000228881836,20.5,20.5,67200
2020-10-29,20.559999465942383,22.6200008392334,20.219999313354492,22.0,22.0,104400
2020-10-30,21.260000228881836,22.43000030517578,21.194000244140625,21.5,21.5,54900
2020-11-02,21.670000076293945,21.684999465942383,20.06999969482422,20.850000381469727,20.850000381469727,166600
2020-11-03,21.329999923706055,21.915000915527344,20.100000381469727,21.809999465942383,21.809999465942383,141300
2020-11-04,22.1200008392334,23.8799991607666,21.889999389648438,23.1200008392334,23.1200008392334,84000
2020-11-05,22.59000015258789,24.405000686645508,20.079999923706055,24.020000457763672,24.020000457763672,76700
2020-11-06,23.65999984741211,24.969999313354492,23.350000381469727,24.010000228881836,24.010000228881836,110600
2020-11-09,24.520000457763672,24.6299991607666,23.600000381469727,24.149999618530273,24.149999618530273,80400
2020-11-10,24.219999313354492,25.0,23.520000457763672,24.139999389648438,24.139999389648438,108600
2020-11-11,22.200000762939453,24.979999542236328,21.864999771118164,24.700000762939453,24.700000762939453,229200
2020-11-12,24.309999465942383,25.299999237060547,23.6299991607666,24.0,24.0,269700
2020-11-13,24.5,26.0,21.1299991607666,24.010000228881836,24.010000228881836,2073400
2020-11-16,24.540000915527344,25.549999237060547,23.65999984741211,24.989999771118164,24.989999771118164,258000
2020-11-17,25.139999389648438,25.969999313354492,24.2549991607666,25.139999389648438,25.139999389648438,238500
2020-11-18,25.100000381469727,28.600000381469727,24.850000381469727,26.0,26.0,409300
2020-11-19,26.0,29.979999542236328,25.90999984741211,29.670000076293945,29.670000076293945,311700
2020-11-20,29.280000686645508,31.5,28.899999618530273,31.190000534057617,31.190000534057617,360500
2020-11-23,31.68000030517578,33.02000045776367,30.239999771118164,31.600000381469727,31.600000381469727,366700
2020-11-24,31.729999542236328,32.400001525878906,30.010000228881836,31.020000457763672,31.020000457763672,272600
2020-11-25,30.940000534057617,31.139999389648438,27.260000228881836,28.31999969482422,28.31999969482422,234300
2020-11-27,28.31999969482422,32.689998626708984,28.31999969482422,31.780000686645508,31.780000686645508,165600
2020-11-30,31.010000228881836,34.849998474121094,31.010000228881836,33.90999984741211,33.90999984741211,524100
2020-12-01,34.119998931884766,35.98400115966797,33.81999969482422,34.130001068115234,34.130001068115234,194100
2020-12-02,33.560001373291016,36.060001373291016,31.459999084472656,35.29999923706055,35.29999923706055,183000
2020-12-03,35.4900016784668,37.91999816894531,34.90999984741211,35.65999984741211,35.65999984741211,174900
2020-12-04,35.7599983215332,36.97999954223633,35.31999969482422,35.970001220703125,35.970001220703125,121600
2020-12-07,35.56999969482422,37.470001220703125,35.56999969482422,36.31999969482422,36.31999969482422,178000
2020-12-08,36.31999969482422,36.31999969482422,34.98500061035156,35.9900016784668,35.9900016784668,182000
2020-12-09,35.9900016784668,36.400001525878906,33.619998931884766,34.61000061035156,34.61000061035156,173700
2020-12-10,34.27000045776367,37.04999923706055,33.8129997253418,35.70000076293945,35.70000076293945,217200
2020-12-11,35.66999816894531,36.18000030517578,31.905000686645508,33.22999954223633,33.22999954223633,253100
2020-12-14,33.34000015258789,38.029998779296875,33.34000015258789,35.77000045776367,35.77000045776367,496600
2020-12-15,36.400001525878906,36.400001525878906,34.4900016784668,34.84000015258789,34.84000015258789,266000
2020-12-16,34.83000183105469,39.75,34.4900016784668,35.38999938964844,35.38999938964844,410300
2020-12-17,35.38999938964844,36.900001525878906,35.0099983215332,36.599998474121094,36.599998474121094,348000
2020-12-18,36.650001525878906,40.810001373291016,36.064998626708984,37.650001525878906,37.650001525878906,2622300
2020-12-21,36.45000076293945,40.43000030517578,35.1879997253418,38.79999923706055,38.79999923706055,240900
2020-12-22,39.83000183105469,39.83000183105469,37.540000915527344,38.45000076293945,38.45000076293945,329900
2020-12-23,38.709999084472656,39.61000061035156,36.5099983215332,39.13999938964844,39.13999938964844,206600
2020-12-24,37.56999969482422,40.290000915527344,36.630001068115234,39.79999923706055,39.79999923706055,75900
2020-12-28,40.439998626708984,40.720001220703125,38.4900016784668,39.34000015258789,39.34000015258789,293400
2020-12-29,39.279998779296875,40.37900161743164,38.25,39.52000045776367,39.52000045776367,229600
2020-12-30,39.63999938964844,39.63999938964844,36.470001220703125,36.66999816894531,36.66999816894531,500900
2020-12-31,36.560001373291016,37.15999984741211,30.589000701904297,33.849998474121094,33.849998474121094,376600
2021-01-04,34.0,34.42599868774414,32.025001525878906,33.33000183105469,33.33000183105469,179400
2021-01-05,33.060001373291016,34.18000030517578,31.760000228881836,32.16999816894531,32.16999816894531,80700
2021-01-06,32.119998931884766,33.20000076293945,31.100000381469727,31.709999084472656,31.709999084472656,188200
2021-01-07,32.04999923706055,33.5,31.56999969482422,32.779998779296875,32.779998779296875,210200
2021-01-08,32.7400016784668,33.47999954223633,30.889999389648438,31.260000228881836,31.260000228881836,504500
2021-01-11,33.470001220703125,34.0,31.299999237060547,31.780000686645508,31.780000686645508,416600
2021-01-12,32.04999923706055,32.13999938964844,31.06999969482422,31.6299991607666,31.6299991607666,242600
2021-01-13,31.6299991607666,32.33000183105469,31.030000686645508,31.469999313354492,31.469999313354492,339100
2021-01-14,32.3650016784668,33.5099983215332,31.40999984741211,33.5,33.5,625400
2021-01-15,33.5,36.310001373291016,32.470001220703125,36.09000015258789,36.09000015258789,1087300
2021-01-19,36.84000015258789,39.45000076293945,35.11000061035156,36.849998474121094,36.849998474121094,978500
2021-01-20,36.93000030517578,37.88999938964844,33.76499938964844,33.970001220703125,33.970001220703125,344800
2021-01-21,33.880001068115234,34.435001373291016,31.850000381469727,32.689998626708984,32.689998626708984,414200
2021-01-22,32.22999954223633,33.46500015258789,30.799999237060547,33.0,33.0,491500
2021-01-25,31.690000534057617,33.880001068115234,31.368000030517578,32.72999954223633,32.72999954223633,266500
2021-01-26,33.04999923706055,34.900001525878906,32.959999084472656,33.27000045776367,33.27000045776367,256400
2021-01-27,32.54999923706055,32.810001373291016,30.329999923706055,31.389999389648438,31.389999389648438,501900
2021-01-28,31.229999542236328,31.59000015258789,29.459999084472656,30.5,30.5,209800
2021-01-29,30.760000228881836,31.549999237060547,28.809999465942383,29.31999969482422,29.31999969482422,129200
2021-02-01,30.09000015258789,30.239999771118164,28.68000030517578,29.829999923706055,29.829999923706055,84700
2021-02-02,30.149999618530273,31.260000228881836,29.209999084472656,30.81999969482422,30.81999969482422,169900
2021-02-03,30.81999969482422,32.61000061035156,30.440000534057617,31.770000457763672,31.770000457763672,129300
2021-02-04,31.850000381469727,34.7400016784668,31.399999618530273,34.0,34.0,246800
2021-02-05,34.0,34.45000076293945,33.060001373291016,33.77000045776367,33.77000045776367,190700
2021-02-08,33.9900016784668,34.72999954223633,33.0099983215332,34.0,34.0,248500
2021-02-09,34.7599983215332,35.0,33.45000076293945,34.72999954223633,34.72999954223633,177200
2021-02-10,34.79999923706055,35.31999969482422,32.31999969482422,33.91999816894531,33.91999816894531,148400
2021-02-11,34.7400016784668,34.7400016784668,32.310001373291016,33.02000045776367,33.02000045776367,102000
2021-02-12,33.0,34.369998931884766,31.34000015258789,32.9900016784668,32.9900016784668,61800
2021-02-16,33.130001068115234,34.45000076293945,31.780000686645508,32.689998626708984,32.689998626708984,124800
2021-02-17,32.290000915527344,34.33000183105469,31.350000381469727,33.779998779296875,33.779998779296875,129100
2021-02-18,33.61000061035156,35.22999954223633,32.29999923706055,34.29999923706055,34.29999923706055,158200
2021-02-19,34.189998626708984,35.310001373291016,33.630001068115234,34.11000061035156,34.11000061035156,131700
2021-02-22,33.95000076293945,36.029998779296875,32.20000076293945,35.720001220703125,35.720001220703125,236300
2021-02-23,34.86000061035156,36.16999816894531,32.83000183105469,35.880001068115234,35.880001068115234,191600
2021-02-24,35.88999938964844,36.89500045776367,34.39500045776367,34.779998779296875,34.779998779296875,165600
2021-02-25,34.290000915527344,35.7599983215332,32.52000045776367,34.880001068115234,34.880001068115234,117200
2021-02-26,35.18000030517578,35.18000030517578,32.0099983215332,32.400001525878906,32.400001525878906,319500
2021-03-01,32.68000030517578,36.650001525878906,32.68000030517578,35.66999816894531,35.66999816894531,191700
2021-03-02,35.0,35.97999954223633,33.959999084472656,34.290000915527344,34.290000915527344,236300
2021-03-03,34.369998931884766,37.0,32.56999969482422,36.2400016784668,36.2400016784668,233400
2021-03-04,36.290000915527344,36.97999954223633,33.58000183105469,34.47999954223633,34.47999954223633,164300
2021-03-05,35.290000915527344,35.290000915527344,30.139999389648438,32.58000183105469,32.58000183105469,294400
2021-03-08,32.58000183105469,35.290000915527344,32.04999923706055,32.25,32.25,156400
2021-03-09,32.58000183105469,35.56999969482422,32.58000183105469,35.41999816894531,35.41999816894531,104200
2021-03-10,35.90999984741211,36.599998474121094,34.439998626708984,34.650001525878906,34.650001525878906,125000
2021-03-11,35.150001525878906,35.150001525878906,31.850000381469727,32.06999969482422,32.06999969482422,209800
2021-03-12,31.579999923706055,31.579999923706055,29.65999984741211,30.56999969482422,30.56999969482422,251400
2021-03-15,30.799999237060547,30.799999237060547,27.860000610351562,28.360000610351562,28.360000610351562,275800
2021-03-16,28.520000457763672,29.34000015258789,27.100000381469727,28.190000534057617,28.190000534057617,139200
2021-03-17,28.149999618530273,29.100000381469727,27.219999313354492,28.809999465942383,28.809999465942383,241900
2021-03-18,29.309999465942383,29.309999465942383,26.239999771118164,26.84000015258789,26.84000015258789,247000
2021-03-19,26.739999771118164,27.290000915527344,25.049999237060547,26.450000762939453,26.450000762939453,1777100
2021-03-22,25.780000686645508,27.139999389648438,25.280000686645508,25.709999084472656,25.709999084472656,216100
2021-03-23,25.399999618530273,25.65999984741211,23.399999618530273,24.079999923706055,24.079999923706055,355600
2021-03-24,24.309999465942383,25.889999389648438,23.530000686645508,24.1200008392334,24.1200008392334,281100
2021-03-25,25.8700008392334,26.344999313354492,24.0,24.3799991607666,24.3799991607666,301900
2021-03-26,24.68000030517578,24.954999923706055,22.75,23.75,23.75,269400
2021-03-29,23.399999618530273,23.979999542236328,22.350000381469727,23.770000457763672,23.770000457763672,388600
2021-03-30,23.770000457763672,24.969999313354492,22.790000915527344,23.670000076293945,23.670000076293945,233800
2021-03-31,24.010000228881836,25.059999465942383,23.6299991607666,24.5,24.5,439800
2021-04-01,24.719999313354492,25.459999084472656,22.90999984741211,23.219999313354492,23.219999313354492,183100
2021-04-05,23.5,24.690000534057617,23.229999542236328,24.31999969482422,24.31999969482422,211500
2021-04-06,24.309999465942383,24.329999923706055,22.110000610351562,22.270000457763672,22.270000457763672,161500
2021-04-07,22.280000686645508,22.93000030517578,21.670000076293945,21.739999771118164,21.739999771118164,291100
2021-04-08,22.010000228881836,23.209999084472656,21.65999984741211,23.190000534057617,23.190000534057617,313400
2021-04-09,23.209999084472656,23.209999084472656,21.489999771118164,21.56999969482422,21.56999969482422,334200
2021-04-12,21.530000686645508,22.204999923706055,19.440000534057617,19.690000534057617,19.690000534057617,219000
2021-04-13,19.989999771118164,20.360000610351562,18.94499969482422,19.719999313354492,19.719999313354492,188200
2021-04-14,19.780000686645508,21.760000228881836,19.3700008392334,21.290000915527344,21.290000915527344,226000
2021-04-15,22.049999237060547,22.049999237060547,21.0049991607666,21.90999984741211,21.90999984741211,160000
2021-04-16,21.93000030517578,21.93000030517578,20.735000610351562,21.329999923706055,21.329999923706055,162700
2021-04-19,21.139999389648438,21.559999465942383,20.43000030517578,21.049999237060547,21.049999237060547,114400
2021-04-20,21.135000228881836,21.5,20.016000747680664,21.020000457763672,21.020000457763672,73700
2021-04-21,21.010000228881836,22.040000915527344,20.600000381469727,21.989999771118164,21.989999771118164,118000
2021-04-22,22.079999923706055,23.889999389648438,21.6299991607666,23.100000381469727,23.100000381469727,250500
2021-04-23,23.110000610351562,23.854999542236328,22.459999084472656,23.139999389648438,23.139999389648438,175200
2021-04-26,23.1200008392334,24.610000610351562,23.1200008392334,24.450000762939453,24.450000762939453,249000
2021-04-27,24.780000686645508,24.860000610351562,23.510000228881836,24.010000228881836,24.010000228881836,227600
2021-04-28,24.0,25.290000915527344,24.0,24.770000457763672,24.770000457763672,391000
2021-04-29,24.920000076293945,25.049999237060547,24.030000686645508,24.68000030517578,24.68000030517578,126200
2021-04-30,24.350000381469727,25.600000381469727,24.0,24.1299991607666,24.1299991607666,110100
2021-05-03,24.170000076293945,24.774999618530273,23.739999771118164,24.43000030517578,24.43000030517578,85700
2021-05-04,24.3700008392334,24.3700008392334,23.520000457763672,23.690000534057617,23.690000534057617,226600
2021-05-05,23.65999984741211,24.280000686645508,23.200000762939453,23.389999389648438,23.389999389648438,166600
2021-05-06,23.299999237060547,24.329999923706055,22.969999313354492,23.8700008392334,23.8700008392334,125800
2021-05-07,24.09000015258789,24.780000686645508,22.899999618530273,23.8799991607666,23.8799991607666,171700
2021-05-10,24.1200008392334,24.1200008392334,22.34000015258789,22.440000534057617,22.440000534057617,159400
2021-05-11,21.8700008392334,25.510000228881836,21.09000015258789,24.809999465942383,24.809999465942383,185200
2021-05-12,24.579999923706055,25.200000762939453,24.0,24.15999984741211,24.15999984741211,128900
2021-05-13,24.399999618530273,25.350000381469727,23.940000534057617,24.239999771118164,24.239999771118164,140300
2021-05-14,24.299999237060547,26.0,24.299999237060547,25.34000015258789,25.34000015258789,215800
2021-05-17,25.100000381469727,25.459999084472656,24.600000381469727,25.0,25.0,146900
2021-05-18,25.1200008392334,26.229999542236328,24.420000076293945,24.809999465942383,24.809999465942383,136900
2021-05-19,24.360000610351562,24.979999542236328,23.3799991607666,23.899999618530273,23.899999618530273,91400
2021-05-20,23.940000534057617,25.270000457763672,23.889999389648438,25.06999969482422,25.06999969482422,126600
2021-05-21,24.7549991607666,25.405000686645508,24.43000030517578,25.0,25.0,92100
2021-05-24,25.0,25.360000610351562,22.469999313354492,22.65999984741211,22.65999984741211,122700
2021-05-25,23.020000457763672,23.489999771118164,22.184999465942383,22.510000228881836,22.510000228881836,152300
2021-05-26,22.739999771118164,24.184999465942383,22.670000076293945,23.969999313354492,23.969999313354492,91900
2021-05-27,24.299999237060547,25.209999084472656,23.93000030517578,24.65999984741211,24.65999984741211,142900
2021-05-28,24.81999969482422,25.209999084472656,22.829999923706055,22.850000381469727,22.850000381469727,115000
2021-06-01,22.850000381469727,23.719999313354492,22.18000030517578,23.040000915527344,23.040000915527344,125800
2021-06-02,23.170000076293945,23.170000076293945,21.0,21.5,21.5,308600
2021-06-03,22.0,22.600000381469727,20.100000381469727,20.3700008392334,20.3700008392334,303200
2021-06-04,20.579999923706055,20.579999923706055,18.795000076293945,19.420000076293945,19.420000076293945,306400
2021-06-07,19.489999771118164,22.309999465942383,19.489999771118164,21.809999465942383,21.809999465942383,277700
2021-06-08,21.700000762939453,22.149999618530273,19.31999969482422,19.84000015258789,19.84000015258789,267400
2021-06-09,19.959999084472656,20.09000015258789,19.399999618530273,19.600000381469727,19.600000381469727,186100
2021-06-10,19.670000076293945,20.280000686645508,19.459999084472656,19.950000762939453,19.950000762939453,143000
2021-06-11,20.110000610351562,20.110000610351562,19.09000015258789,19.520000457763672,19.520000457763672,150100
2021-06-14,19.469999313354492,20.15999984741211,18.969999313354492,19.709999084472656,19.709999084472656,253700
2021-06-15,19.799999237060547,19.84000015258789,18.719999313354492,18.799999237060547,18.799999237060547,175400
2021-06-16,18.84000015258789,19.1299991607666,18.18000030517578,19.030000686645508,19.030000686645508,304900
2021-06-17,18.8700008392334,19.6299991607666,18.639999389648438,19.479999542236328,19.479999542236328,185500
2021-06-18,18.959999084472656,20.489999771118164,18.959999084472656,19.979999542236328,19.979999542236328,557200
2021-06-21,20.110000610351562,20.1200008392334,18.760000228881836,18.899999618530273,18.899999618530273,166500
2021-06-22,19.100000381469727,19.100000381469727,17.860000610351562,18.440000534057617,18.440000534057617,260600
2021-06-23,18.65999984741211,18.899999618530273,17.84000015258789,17.940000534057617,17.940000534057617,180900
2021-06-24,18.239999771118164,18.774999618530273,18.0,18.149999618530273,18.149999618530273,225400
2021-06-25,18.40999984741211,19.200000762939453,17.780000686645508,18.700000762939453,18.700000762939453,1697000
2021-06-28,19.200000762939453,19.3799991607666,17.719999313354492,18.040000915527344,18.040000915527344,199300
2021-06-29,18.25,18.4950008392334,16.920000076293945,17.3700008392334,17.3700008392334,287600
2021-06-30,17.510000228881836,17.8799991607666,16.93000030517578,17.690000534057617,17.690000534057617,215700
