Date,Open,High,Low,Close,Adj Close,Volume
1999-12-02,164.5,218.5500030517578,164.5,207.3874969482422,207.3874969482422,1759404
1999-12-03,222.66250610351562,247.63125610351562,197.39999389648438,198.86874389648438,198.86874389648438,743617
1999-12-06,197.9875030517578,200.33749389648438,179.77499389648438,186.2375030517578,186.2375030517578,266660
1999-12-07,185.94375610351562,185.94375610351562,170.375,173.3125,173.3125,219936
1999-12-08,178.60000610351562,192.6999969482422,173.89999389648438,187.11874389648438,187.11874389648438,342191
1999-12-09,197.9875030517578,200.63125610351562,171.5500030517578,175.66250610351562,175.66250610351562,170511
1999-12-10,181.8312530517578,184.7687530517578,172.72500610351562,173.89999389648438,173.89999389648438,100021
1999-12-13,181.53750610351562,189.7624969482422,173.89999389648438,178.60000610351562,178.60000610351562,152638
1999-12-14,180.06875610351562,180.3625030517578,150.39999389648438,155.3937530517578,155.3937530517578,262447
1999-12-15,155.6875,165.38125610351562,148.0500030517578,164.5,164.5,149511
1999-12-16,165.08749389648438,171.5500030517578,157.4499969482422,162.7375030517578,162.7375030517578,70319
1999-12-17,160.3874969482422,165.08749389648438,154.5124969482422,164.5,164.5,99447
1999-12-20,164.5,176.25,155.10000610351562,159.8000030517578,159.8000030517578,92255
1999-12-21,159.8000030517578,163.03125,148.6374969482422,155.10000610351562,155.10000610351562,138894
1999-12-22,155.10000610351562,166.2624969482422,150.39999389648438,165.6750030517578,165.6750030517578,113106
1999-12-23,164.7937469482422,178.60000610351562,163.3249969482422,173.6062469482422,173.6062469482422,205277
1999-12-27,179.1875,195.0500030517578,171.5500030517578,188.88125610351562,188.88125610351562,293213
1999-12-28,190.9375,197.39999389648438,178.0124969482422,183.59375,183.59375,176574
1999-12-29,185.0625,190.9375,183.00625610351562,186.8249969482422,186.8249969482422,101638
1999-12-30,190.9375,191.52499389648438,178.60000610351562,183.3000030517578,183.3000030517578,63809
1999-12-31,179.77499389648438,186.53125,173.89999389648438,176.25,176.25,64702
2000-01-03,184.47500610351562,187.41250610351562,174.4875030517578,182.125,182.125,164191
2000-01-04,181.8312530517578,181.8312530517578,162.14999389648438,163.3249969482422,163.3249969482422,70596
2000-01-05,161.8562469482422,161.8562469482422,146.875,157.4499969482422,157.4499969482422,118298
2000-01-06,158.9187469482422,169.1999969482422,157.4499969482422,160.68124389648438,160.68124389648438,67447
2000-01-07,163.03125,164.5,155.10000610351562,164.5,164.5,67213
2000-01-10,162.0031280517578,166.85000610351562,158.9187469482422,162.7375030517578,162.7375030517578,71191
2000-01-11,162.14999389648438,176.25,159.8000030517578,168.02499389648438,168.02499389648438,99915
2000-01-12,168.31875610351562,169.1999969482422,162.14999389648438,163.91250610351562,163.91250610351562,48021
2000-01-13,163.91250610351562,164.7937469482422,160.97500610351562,164.2062530517578,164.2062530517578,51426
2000-01-14,165.6750030517578,173.89999389648438,160.68124389648438,165.96875,165.96875,59489
2000-01-18,166.85000610351562,170.375,160.97500610351562,169.1999969482422,169.1999969482422,74362
2000-01-19,167.7312469482422,178.60000610351562,164.5,173.89999389648438,173.89999389648438,90574
2000-01-20,175.66250610351562,175.66250610351562,167.4375,173.89999389648438,173.89999389648438,49362
2000-01-21,173.89999389648438,182.125,169.49374389648438,182.125,182.125,50638
2000-01-24,183.3000030517578,187.41250610351562,176.25,180.06875610351562,180.06875610351562,88234
2000-01-25,176.25,179.77499389648438,170.375,177.71875,177.71875,41340
2000-01-26,173.3125,175.515625,170.96249389648438,172.1374969482422,172.1374969482422,12383
2000-01-27,172.2843780517578,176.25,167.4375,170.0812530517578,170.0812530517578,20447
2000-01-28,169.78750610351562,169.78750610351562,158.625,163.3249969482422,163.3249969482422,39234
2000-01-31,161.2687530517578,162.14999389648438,157.4499969482422,160.3874969482422,160.3874969482422,27936
2000-02-01,158.03750610351562,175.0749969482422,158.03750610351562,172.1374969482422,172.1374969482422,28979
2000-02-02,170.375,178.60000610351562,170.375,172.43124389648438,172.43124389648438,42064
2000-02-03,172.72500610351562,178.30624389648438,171.5500030517578,177.13125610351562,177.13125610351562,37149
2000-02-04,179.4812469482422,185.64999389648438,178.60000610351562,180.3625030517578,180.3625030517578,82681
2000-02-07,182.71249389648438,185.64999389648438,174.4875030517578,180.3625030517578,180.3625030517578,52574
2000-02-08,178.60000610351562,180.3625030517578,173.3125,175.36874389648438,175.36874389648438,28851
2000-02-09,176.10311889648438,176.83749389648438,172.1374969482422,173.89999389648438,173.89999389648438,50319
2000-02-10,171.5500030517578,173.3125,168.02499389648438,168.6125030517578,168.6125030517578,14766
2000-02-11,169.1999969482422,169.1999969482422,165.6750030517578,166.2624969482422,166.2624969482422,20149
2000-02-14,166.2624969482422,168.02499389648438,162.7375030517578,162.7375030517578,162.7375030517578,35766
2000-02-15,163.3249969482422,165.6750030517578,162.14999389648438,163.61874389648438,163.61874389648438,16936
2000-02-16,162.44375610351562,162.7375030517578,143.35000610351562,149.8125,149.8125,44894
2000-02-17,156.8625030517578,171.5500030517578,148.0500030517578,166.85000610351562,166.85000610351562,101362
2000-02-18,168.90625,170.375,162.14999389648438,164.5,164.5,31915
2000-02-22,165.6750030517578,166.2624969482422,157.4499969482422,163.91250610351562,163.91250610351562,9234
2000-02-23,162.14999389648438,189.7624969482422,157.4499969482422,188.0,188.0,98851
2000-02-24,188.58749389648438,189.1750030517578,181.53750610351562,187.41250610351562,187.41250610351562,85213
2000-02-25,185.64999389648438,187.7062530517578,178.60000610351562,179.1875,179.1875,80617
2000-02-28,173.89999389648438,174.4875030517578,165.6750030517578,168.02499389648438,168.02499389648438,29979
2000-02-29,164.5,166.55624389648438,159.8000030517578,160.97500610351562,160.97500610351562,14362
2000-03-01,160.3874969482422,164.5,159.8000030517578,160.97500610351562,160.97500610351562,19957
2000-03-02,159.8000030517578,162.44375610351562,159.8000030517578,161.8562469482422,161.8562469482422,27383
2000-03-03,162.14999389648438,164.5,158.03750610351562,159.8000030517578,159.8000030517578,13340
2000-03-06,159.50625610351562,165.6750030517578,156.27499389648438,163.3249969482422,163.3249969482422,11830
2000-03-07,159.8000030517578,165.6750030517578,159.8000030517578,162.14999389648438,162.14999389648438,20723
2000-03-08,168.90625,176.25,168.6125030517578,175.36874389648438,175.36874389648438,55532
2000-03-09,177.4250030517578,183.59375,175.0749969482422,183.3000030517578,183.3000030517578,52872
2000-03-10,185.64999389648438,186.2375030517578,179.1875,181.53750610351562,181.53750610351562,112872
2000-03-13,179.1875,179.77499389648438,172.1374969482422,173.89999389648438,173.89999389648438,18000
2000-03-14,173.3125,175.0749969482422,166.2624969482422,170.96249389648438,170.96249389648438,29830
2000-03-15,170.375,170.375,157.4499969482422,157.4499969482422,157.4499969482422,21894
2000-03-16,159.21249389648438,159.21249389648438,145.6999969482422,150.9875030517578,150.9875030517578,66660
2000-03-17,150.39999389648438,153.9250030517578,143.35000610351562,150.69375610351562,150.69375610351562,54553
2000-03-20,148.0500030517578,153.63125610351562,137.47500610351562,141.0,141.0,53340
2000-03-21,142.1750030517578,142.7624969482422,131.60000610351562,135.125,135.125,16085
2000-03-22,136.3000030517578,142.1750030517578,134.53750610351562,138.0625,138.0625,14511
2000-03-23,136.3000030517578,136.8874969482422,125.7249984741211,125.7249984741211,125.7249984741211,21894
2000-03-24,124.55000305175781,124.84375,115.4437484741211,121.61250305175781,121.61250305175781,34170
2000-03-27,118.96875,122.4937515258789,118.96875,120.4375,120.4375,11638
2000-03-28,118.67500305175781,118.96875,108.6875,111.0374984741211,111.0374984741211,34383
2000-03-29,89.88749694824219,102.8125,86.94999694824219,90.4749984741211,90.4749984741211,190936
2000-03-30,88.7125015258789,89.30000305175781,82.25,84.5999984741211,84.5999984741211,107447
2000-03-31,84.5999984741211,86.94999694824219,56.400001525878906,75.19999694824219,75.19999694824219,215511
2000-04-03,75.19999694824219,76.375,67.5625,67.5625,67.5625,96426
2000-04-04,63.45000076293945,66.6812515258789,51.993751525878906,61.099998474121094,61.099998474121094,370128
2000-04-05,56.400001525878906,62.275001525878906,48.17499923706055,60.806251525878906,60.806251525878906,251213
2000-04-06,64.0374984741211,72.8499984741211,64.0374984741211,72.8499984741211,72.8499984741211,81255
2000-04-07,77.55000305175781,80.48750305175781,72.8499984741211,75.7874984741211,75.7874984741211,83957
2000-04-10,76.08125305175781,78.7249984741211,68.1500015258789,68.1500015258789,68.1500015258789,16404
2000-04-11,70.79374694824219,72.26249694824219,65.80000305175781,66.38749694824219,66.38749694824219,16255
2000-04-12,65.80000305175781,65.80000305175781,50.525001525878906,59.92499923706055,59.92499923706055,60872
2000-04-13,61.39374923706055,64.625,56.98749923706055,56.98749923706055,56.98749923706055,27489
2000-04-14,56.400001525878906,77.55000305175781,54.04999923706055,65.80000305175781,65.80000305175781,104447
2000-04-17,62.275001525878906,76.375,59.92499923706055,70.5,70.5,59851
2000-04-18,68.73750305175781,75.19999694824219,65.80000305175781,70.5,70.5,23319
2000-04-19,70.5,72.26249694824219,67.5625,68.4437484741211,68.4437484741211,11681
2000-04-20,68.73750305175781,70.20625305175781,66.9749984741211,66.9749984741211,66.9749984741211,19000
2000-04-24,66.09375,66.38749694824219,52.875,55.224998474121094,55.224998474121094,20745
2000-04-25,53.462501525878906,59.337501525878906,53.462501525878906,58.75,58.75,31255
2000-04-26,59.04375076293945,59.04375076293945,55.51874923706055,57.28125,57.28125,11851
2000-04-27,56.400001525878906,56.400001525878906,51.11249923706055,51.11249923706055,51.11249923706055,17511
2000-04-28,53.16875076293945,53.16875076293945,49.349998474121094,51.70000076293945,51.70000076293945,26426
2000-05-01,53.462501525878906,56.98749923706055,48.76250076293945,55.224998474121094,55.224998474121094,55383
2000-05-02,55.224998474121094,55.224998474121094,52.58124923706055,52.58124923706055,52.58124923706055,7128
2000-05-03,51.70000076293945,54.63750076293945,51.70000076293945,53.462501525878906,53.462501525878906,5723
2000-05-04,54.63750076293945,55.224998474121094,51.70000076293945,55.224998474121094,55.224998474121094,9723
2000-05-05,53.462501525878906,53.609375,47.587501525878906,47.881248474121094,47.881248474121094,20830
2000-05-08,47.0,48.76250076293945,39.95000076293945,42.29999923706055,42.29999923706055,28660
2000-05-09,43.181251525878906,44.0625,35.54375076293945,42.29999923706055,42.29999923706055,15043
2000-05-10,41.125,42.29999923706055,38.1875,41.712501525878906,41.712501525878906,7851
2000-05-11,42.006248474121094,44.0625,41.712501525878906,44.0625,44.0625,16468
2000-05-12,43.84218978881836,44.0625,38.775001525878906,38.775001525878906,38.775001525878906,10340
2000-05-15,41.125,42.88750076293945,40.537498474121094,42.15312576293945,42.15312576293945,6362
2000-05-16,42.59375,43.474998474121094,41.125,41.41875076293945,41.41875076293945,17936
2000-05-17,41.41875076293945,42.006248474121094,39.36249923706055,39.36249923706055,39.36249923706055,2489
2000-05-18,40.83124923706055,42.88750076293945,39.36249923706055,40.537498474121094,40.537498474121094,19319
2000-05-19,39.95000076293945,39.95000076293945,30.549999237060547,32.900001525878906,32.900001525878906,74043
2000-05-22,34.07500076293945,34.07500076293945,30.696874618530273,32.900001525878906,32.900001525878906,21128
2000-05-23,32.60625076293945,36.42499923706055,32.60625076293945,33.48749923706055,33.48749923706055,45340
2000-05-24,33.48749923706055,34.07500076293945,30.549999237060547,33.78125,33.78125,21468
2000-05-25,34.07500076293945,34.07500076293945,28.493749618530273,28.493749618530273,28.493749618530273,5085
2000-05-26,28.200000762939453,31.137500762939453,24.087499618530273,24.381250381469727,24.381250381469727,29426
2000-05-30,25.850000381469727,27.024999618530273,22.618749618530273,27.024999618530273,27.024999618530273,63340
2000-05-31,27.024999618530273,27.612499237060547,25.262500762939453,27.612499237060547,27.612499237060547,72319
2000-06-01,28.200000762939453,31.725000381469727,27.024999618530273,31.725000381469727,31.725000381469727,23830
2000-06-02,33.78125,35.837501525878906,30.549999237060547,35.25,35.25,24362
2000-06-05,35.837501525878906,35.837501525878906,33.48749923706055,34.662498474121094,34.662498474121094,13638
2000-06-06,34.95624923706055,35.837501525878906,29.081249237060547,32.900001525878906,32.900001525878906,40809
2000-06-07,32.3125,33.78125,31.725000381469727,32.75312423706055,32.75312423706055,13021
2000-06-08,32.3125,32.900001525878906,30.84375,30.84375,30.84375,11723
2000-06-09,32.3125,32.900001525878906,30.549999237060547,32.900001525878906,32.900001525878906,24894
2000-06-12,33.48749923706055,37.599998474121094,31.137500762939453,32.01874923706055,32.01874923706055,56298
2000-06-13,29.375,36.131248474121094,26.4375,36.131248474121094,36.131248474121094,100043
2000-06-14,35.69062423706055,35.837501525878906,32.900001525878906,34.07500076293945,34.07500076293945,46851
2000-06-15,33.48749923706055,34.515625,29.962499618530273,32.900001525878906,32.900001525878906,23830
2000-06-16,33.48749923706055,37.01250076293945,33.48749923706055,36.71875,36.71875,284915
2000-06-19,36.42499923706055,36.71875,33.046875,35.25,35.25,13234
2000-06-20,33.78125,35.25,28.787500381469727,31.431249618530273,31.431249618530273,13043
2000-06-21,32.01874923706055,32.01874923706055,23.206249237060547,25.262500762939453,25.262500762939453,126638
2000-06-22,26.290624618530273,26.731250762939453,23.353124618530273,23.5,23.5,55021
2000-06-23,24.087499618530273,24.674999237060547,23.206249237060547,24.087499618530273,24.087499618530273,30128
2000-06-26,24.674999237060547,24.674999237060547,20.5625,21.737499237060547,21.737499237060547,29489
2000-06-27,21.737499237060547,22.912500381469727,18.799999237060547,20.856250762939453,20.856250762939453,29979
2000-06-28,20.709375381469727,20.709375381469727,18.212499618530273,19.387500762939453,19.387500762939453,13511
2000-06-29,20.5625,20.5625,18.506250381469727,19.09375,19.09375,6426
2000-06-30,19.16718864440918,23.5,18.799999237060547,22.03125,22.03125,42894
2000-07-03,22.912500381469727,23.5,22.325000762939453,22.618749618530273,22.618749618530273,8596
2000-07-05,23.059375762939453,23.059375762939453,19.681249618530273,20.5625,20.5625,7468
2000-07-06,21.149999618530273,21.737499237060547,18.799999237060547,19.975000381469727,19.975000381469727,17894
2000-07-07,18.799999237060547,19.387500762939453,16.450000762939453,18.212499618530273,18.212499618530273,189426
2000-07-10,18.799999237060547,18.799999237060547,16.15625,18.212499618530273,18.212499618530273,302064
2000-07-11,18.065624237060547,19.975000381469727,17.037500381469727,18.212499618530273,18.212499618530273,82043
2000-07-12,19.975000381469727,21.149999618530273,18.212499618530273,21.149999618530273,21.149999618530273,43362
2000-07-13,21.37031364440918,23.206249237060547,19.681249618530273,19.681249618530273,19.681249618530273,58128
2000-07-14,19.387500762939453,21.149999618530273,19.387500762939453,19.975000381469727,19.975000381469727,22745
2000-07-17,19.681249618530273,22.912500381469727,19.387500762939453,20.856250762939453,20.856250762939453,46085
2000-07-18,21.003124237060547,22.03125,19.681249618530273,21.296875,21.296875,53191
2000-07-19,21.443750381469727,21.737499237060547,19.387500762939453,19.975000381469727,19.975000381469727,33638
2000-07-20,19.975000381469727,21.37031364440918,19.387500762939453,20.709375381469727,20.709375381469727,45872
2000-07-21,21.296875,21.737499237060547,19.681249618530273,19.681249618530273,19.681249618530273,41000
2000-07-24,20.268749237060547,22.618749618530273,19.681249618530273,22.10468864440918,22.10468864440918,34660
2000-07-25,21.590625762939453,22.912500381469727,20.5625,21.149999618530273,21.149999618530273,30234
2000-07-26,21.149999618530273,21.737499237060547,19.681249618530273,20.268749237060547,20.268749237060547,22851
2000-07-27,19.975000381469727,19.975000381469727,19.387500762939453,19.681249618530273,19.681249618530273,50277
2000-07-28,19.387500762939453,20.268749237060547,19.387500762939453,19.681249618530273,19.681249618530273,66511
2000-07-31,19.387500762939453,20.268749237060547,19.387500762939453,20.268749237060547,20.268749237060547,18149
2000-08-01,19.975000381469727,20.121875762939453,16.743749618530273,17.625,17.625,16851
2000-08-02,17.478124618530273,17.478124618530273,14.6875,15.274999618530273,15.274999618530273,24702
2000-08-03,15.568750381469727,15.568750381469727,10.721875190734863,11.456250190734863,11.456250190734863,193979
2000-08-04,12.337499618530273,13.806249618530273,11.162500381469727,12.043749809265137,12.043749809265137,214383
2000-08-07,12.631250381469727,12.925000190734863,11.162500381469727,11.603124618530273,11.603124618530273,100255
2000-08-08,11.456250190734863,12.043749809265137,11.162500381469727,11.456250190734863,11.456250190734863,76064
2000-08-09,12.778124809265137,12.925000190734863,11.162500381469727,11.309374809265137,11.309374809265137,340830
2000-08-10,11.456250190734863,11.75,10.574999809265137,10.721875190734863,10.721875190734863,137851
2000-08-11,10.574999809265137,10.868749618530273,9.399999618530273,9.546875,9.546875,326021
2000-08-14,9.76718807220459,9.987500190734863,9.546875,9.693750381469727,9.693750381469727,104489
2000-08-15,9.546875,9.840624809265137,9.03281307220459,9.03281307220459,9.03281307220459,98979
2000-08-16,9.399999618530273,10.868749618530273,9.399999618530273,10.868749618530273,10.868749618530273,124553
2000-08-17,10.795312881469727,11.162500381469727,10.574999809265137,10.868749618530273,10.868749618530273,60255
2000-08-18,10.795312881469727,11.162500381469727,9.840624809265137,10.574999809265137,10.574999809265137,48213
2000-08-21,10.721875190734863,10.868749618530273,10.574999809265137,10.574999809265137,10.574999809265137,23298
2000-08-22,10.721875190734863,10.868749618530273,9.546875,9.546875,9.546875,61021
2000-08-23,9.693750381469727,10.574999809265137,9.693750381469727,10.574999809265137,10.574999809265137,39234
2000-08-24,10.50156307220459,10.868749618530273,9.399999618530273,9.840624809265137,9.840624809265137,71277
2000-08-25,10.28125,10.574999809265137,9.399999618530273,9.546875,9.546875,137021
2000-08-28,9.693750381469727,9.987500190734863,9.399999618530273,9.693750381469727,9.693750381469727,143021
2000-08-29,9.76718807220459,11.456250190734863,9.546875,10.868749618530273,10.868749618530273,488809
2000-08-30,11.015625,16.743749618530273,10.574999809265137,14.834375381469727,14.834375381469727,1479319
2000-08-31,15.568750381469727,15.568750381469727,12.190625190734863,12.925000190734863,12.925000190734863,538957
2000-09-01,13.512499809265137,13.806249618530273,12.043749809265137,13.071874618530273,13.071874618530273,112681
2000-09-05,13.43906307220459,15.274999618530273,13.21875,14.834375381469727,14.834375381469727,273362
2000-09-06,14.90781307220459,14.981249809265137,13.21875,13.659375190734863,13.659375190734863,131468
2000-09-07,13.806249618530273,16.15625,13.512499809265137,14.393750190734863,14.393750190734863,175596
2000-09-08,14.614063262939453,14.981249809265137,13.21875,14.100000381469727,14.100000381469727,56064
2000-09-11,14.614063262939453,15.274999618530273,12.337499618530273,13.071874618530273,13.071874618530273,128979
2000-09-12,13.659375190734863,14.393750190734863,12.925000190734863,13.365625381469727,13.365625381469727,115532
2000-09-13,13.659375190734863,13.806249618530273,12.631250381469727,13.512499809265137,13.512499809265137,47830
2000-09-14,13.512499809265137,13.512499809265137,12.925000190734863,13.071874618530273,13.071874618530273,38894
2000-09-15,13.21875,13.512499809265137,12.484375,12.631250381469727,12.631250381469727,45660
2000-09-18,12.851563453674316,13.071874618530273,10.574999809265137,11.456250190734863,11.456250190734863,113404
2000-09-19,11.309374809265137,12.925000190734863,11.162500381469727,12.631250381469727,12.631250381469727,46340
2000-09-20,12.631250381469727,13.21875,10.574999809265137,11.162500381469727,11.162500381469727,68915
2000-09-21,11.75,12.043749809265137,11.162500381469727,11.309374809265137,11.309374809265137,44851
2000-09-22,10.574999809265137,11.162500381469727,10.28125,11.015625,11.015625,58340
2000-09-25,11.089062690734863,11.456250190734863,10.28125,10.868749618530273,10.868749618530273,46723
2000-09-26,10.574999809265137,10.868749618530273,9.693750381469727,10.574999809265137,10.574999809265137,250170
2000-09-27,10.574999809265137,10.868749618530273,9.399999618530273,9.840624809265137,9.840624809265137,63234
2000-09-28,9.693750381469727,10.428125381469727,9.693750381469727,10.428125381469727,10.428125381469727,29021
2000-09-29,10.134374618530273,10.574999809265137,9.546875,9.693750381469727,9.693750381469727,56106
2000-10-02,9.987500190734863,10.428125381469727,9.106249809265137,9.693750381469727,9.693750381469727,41234
2000-10-03,9.987500190734863,9.987500190734863,9.106249809265137,9.106249809265137,9.106249809265137,28170
2000-10-04,9.253125190734863,9.399999618530273,8.8125,9.106249809265137,9.106249809265137,19170
2000-10-05,8.8125,9.106249809265137,8.518750190734863,9.106249809265137,9.106249809265137,42511
2000-10-06,8.518750190734863,9.106249809265137,7.637499809265137,8.518750190734863,8.518750190734863,54021
2000-10-09,8.518750190734863,8.959375381469727,7.931250095367432,8.225000381469727,8.225000381469727,37213
2000-10-10,8.078125,8.518750190734863,7.490624904632568,7.637499809265137,7.637499809265137,65064
2000-10-11,7.490624904632568,7.490624904632568,6.756249904632568,6.756249904632568,6.756249904632568,101404
2000-10-12,7.637499809265137,7.637499809265137,6.462500095367432,6.903124809265137,6.903124809265137,52574
2000-10-13,6.976562976837158,7.490624904632568,6.609375,6.903124809265137,6.903124809265137,35468
2000-10-16,7.196875095367432,7.637499809265137,6.903124809265137,7.050000190734863,7.050000190734863,38979
2000-10-17,7.34375,7.490624904632568,6.903124809265137,7.050000190734863,7.050000190734863,25468
2000-10-18,7.123437881469727,7.490624904632568,6.756249904632568,6.903124809265137,6.903124809265137,26043
2000-10-19,7.123437881469727,7.34375,6.903124809265137,7.050000190734863,7.050000190734863,41000
2000-10-20,7.050000190734863,8.959375381469727,7.050000190734863,8.8125,8.8125,37426
2000-10-23,8.8125,10.574999809265137,8.8125,9.693750381469727,9.693750381469727,51085
2000-10-24,10.060937881469727,10.28125,8.8125,8.8125,8.8125,19936
2000-10-25,9.253125190734863,9.253125190734863,8.225000381469727,8.8125,8.8125,8064
2000-10-26,9.253125190734863,9.399999618530273,7.34375,8.518750190734863,8.518750190734863,30447
2000-10-27,8.959375381469727,9.840624809265137,8.8125,9.399999618530273,9.399999618530273,32383
2000-10-30,9.473438262939453,9.76718807220459,8.8125,9.106249809265137,9.106249809265137,37617
2000-10-31,9.179688453674316,9.693750381469727,8.959375381469727,9.399999618530273,9.399999618530273,41064
2000-11-01,9.399999618530273,9.546875,9.106249809265137,9.399999618530273,9.399999618530273,22809
2000-11-02,9.473438262939453,9.473438262939453,9.253125190734863,9.399999618530273,9.399999618530273,35489
2000-11-03,9.546875,9.693750381469727,9.106249809265137,9.253125190734863,9.253125190734863,17043
2000-11-06,9.473438262939453,9.987500190734863,9.399999618530273,9.546875,9.546875,60043
2000-11-07,9.693750381469727,12.631250381469727,9.546875,10.868749618530273,10.868749618530273,210511
2000-11-08,7.931250095367432,8.225000381469727,6.315625190734863,6.903124809265137,6.903124809265137,328404
2000-11-09,6.903124809265137,7.050000190734863,5.140625,5.875,5.875,201404
2000-11-10,5.875,6.168749809265137,5.140625,5.507812976837158,5.507812976837158,199447
2000-11-13,5.507812976837158,5.875,5.140625,5.434374809265137,5.434374809265137,103213
2000-11-14,5.801562786102295,5.875,4.993750095367432,5.434374809265137,5.434374809265137,48553
2000-11-15,5.728125095367432,5.728125095367432,5.140625,5.434374809265137,5.434374809265137,23064
2000-11-16,5.434374809265137,5.581250190734863,5.140625,5.140625,5.140625,55979
2000-11-17,4.993750095367432,5.287499904632568,4.846875190734863,4.993750095367432,4.993750095367432,52255
2000-11-20,4.846875190734863,5.140625,4.553124904632568,4.699999809265137,4.699999809265137,82043
2000-11-21,5.067187786102295,5.067187786102295,4.40625,4.699999809265137,4.699999809265137,71191
2000-11-22,4.699999809265137,4.699999809265137,4.40625,4.40625,4.40625,24191
2000-11-24,4.699999809265137,4.699999809265137,4.553124904632568,4.699999809265137,4.699999809265137,22553
2000-11-27,4.553124904632568,4.846875190734863,3.5250000953674316,3.965625047683716,3.965625047683716,94702
2000-11-28,4.112500190734863,4.259375095367432,3.378124952316284,3.8187499046325684,3.8187499046325684,110553
2000-11-29,3.671875,4.112500190734863,3.5250000953674316,3.8187499046325684,3.8187499046325684,135660
2000-11-30,3.671875,3.8187499046325684,3.378124952316284,3.5250000953674316,3.5250000953674316,102340
2000-12-01,3.598438024520874,3.8187499046325684,2.9375,3.378124952316284,3.378124952316284,37638
2000-12-04,3.598438024520874,3.8187499046325684,3.0843749046325684,3.231250047683716,3.231250047683716,21447
2000-12-05,3.5250000953674316,3.5250000953674316,3.0843749046325684,3.0843749046325684,3.0843749046325684,30340
2000-12-06,3.0843749046325684,3.671875,3.0843749046325684,3.5250000953674316,3.5250000953674316,30957
2000-12-07,3.0843749046325684,3.671875,3.0843749046325684,3.231250047683716,3.231250047683716,17340
2000-12-08,3.378124952316284,3.5250000953674316,3.0843749046325684,3.231250047683716,3.231250047683716,34191
2000-12-11,3.231250047683716,3.8187499046325684,2.9375,3.671875,3.671875,181064
2000-12-12,3.671875,3.8187499046325684,3.0843749046325684,3.378124952316284,3.378124952316284,46468
2000-12-13,3.378124952316284,3.5250000953674316,3.231250047683716,3.231250047683716,3.231250047683716,23298
2000-12-14,3.378124952316284,3.378124952316284,2.9375,3.231250047683716,3.231250047683716,62894
2000-12-15,3.0843749046325684,3.378124952316284,2.9375,3.378124952316284,3.378124952316284,20660
2000-12-18,3.231250047683716,3.378124952316284,2.7906250953674316,2.9375,2.9375,86851
2000-12-19,2.9375,2.9375,2.643749952316284,2.7906250953674316,2.7906250953674316,93170
2000-12-20,2.7906250953674316,2.9375,2.496875047683716,2.7906250953674316,2.7906250953674316,62000
2000-12-21,2.643749952316284,2.9375,2.643749952316284,2.7906250953674316,2.7906250953674316,73851
2000-12-22,2.9375,2.9375,2.643749952316284,2.7906250953674316,2.7906250953674316,28936
2000-12-26,2.864063024520874,2.9375,2.643749952316284,2.9375,2.9375,141936
2000-12-27,2.7906250953674316,3.231250047683716,2.7906250953674316,3.0843749046325684,3.0843749046325684,48681
2000-12-28,3.304687976837158,3.5250000953674316,3.0843749046325684,3.378124952316284,3.378124952316284,80979
2000-12-29,3.378124952316284,3.5250000953674316,3.231250047683716,3.5250000953674316,3.5250000953674316,106957
2001-01-02,3.5250000953674316,3.671875,3.231250047683716,3.378124952316284,3.378124952316284,26043
2001-01-03,3.378124952316284,3.5250000953674316,3.231250047683716,3.378124952316284,3.378124952316284,71426
2001-01-04,3.5250000953674316,4.112500190734863,3.378124952316284,3.671875,3.671875,48702
2001-01-05,3.671875,3.8187499046325684,3.378124952316284,3.378124952316284,3.378124952316284,18043
2001-01-08,3.378124952316284,3.671875,3.231250047683716,3.378124952316284,3.378124952316284,31766
2001-01-09,4.40625,4.553124904632568,3.378124952316284,3.8187499046325684,3.8187499046325684,13447
2001-01-10,3.8187499046325684,3.965625047683716,3.5250000953674316,3.965625047683716,3.965625047683716,17404
2001-01-11,3.965625047683716,4.699999809265137,3.965625047683716,4.40625,4.40625,72043
2001-01-12,4.4796881675720215,5.287499904632568,4.259375095367432,5.287499904632568,5.287499904632568,96681
2001-01-16,5.581250190734863,5.875,4.993750095367432,5.434374809265137,5.434374809265137,118702
2001-01-17,5.728125095367432,5.875,5.140625,5.140625,5.140625,43340
2001-01-18,5.2140631675720215,5.287499904632568,4.993750095367432,5.140625,5.140625,21617
2001-01-19,5.581250190734863,5.581250190734863,4.699999809265137,5.140625,5.140625,39660
2001-01-22,4.993750095367432,5.140625,4.553124904632568,4.553124904632568,4.553124904632568,50298
2001-01-23,4.553124904632568,4.62656307220459,3.8187499046325684,4.40625,4.40625,57085
2001-01-24,4.40625,4.699999809265137,3.8187499046325684,4.112500190734863,4.112500190734863,35043
2001-01-25,4.259375095367432,4.40625,4.112500190734863,4.40625,4.40625,13830
2001-01-26,4.40625,4.40625,4.112500190734863,4.259375095367432,4.259375095367432,7234
2001-01-29,4.259375095367432,4.553124904632568,4.112500190734863,4.40625,4.40625,33894
2001-01-30,4.40625,4.553124904632568,4.259375095367432,4.553124904632568,4.553124904632568,7553
2001-01-31,4.699999809265137,5.875,4.112500190734863,5.287499904632568,5.287499904632568,123894
2001-02-01,5.434374809265137,5.875,4.993750095367432,5.728125095367432,5.728125095367432,34596
2001-02-02,5.287499904632568,6.903124809265137,4.993750095367432,5.581250190734863,5.581250190734863,87234
2001-02-05,5.728125095367432,5.728125095367432,5.140625,5.287499904632568,5.287499904632568,22383
2001-02-06,5.654687881469727,5.728125095367432,4.993750095367432,5.287499904632568,5.287499904632568,10489
2001-02-07,5.434374809265137,5.434374809265137,4.40625,4.553124904632568,4.553124904632568,69234
2001-02-08,6.462500095367432,7.490624904632568,5.581250190734863,5.581250190734863,5.581250190734863,305340
2001-02-09,6.021874904632568,6.462500095367432,5.434374809265137,5.434374809265137,5.434374809265137,185383
2001-02-12,5.875,5.875,4.993750095367432,4.993750095367432,4.993750095367432,121234
2001-02-13,5.287499904632568,5.434374809265137,4.699999809265137,4.993750095367432,4.993750095367432,89447
2001-02-14,5.287499904632568,5.287499904632568,4.993750095367432,5.140625,5.140625,86298
2001-02-15,4.993750095367432,5.287499904632568,4.846875190734863,4.846875190734863,4.846875190734863,34170
2001-02-16,4.846875190734863,5.140625,4.699999809265137,4.993750095367432,4.993750095367432,81149
2001-02-20,5.287499904632568,5.287499904632568,4.553124904632568,4.553124904632568,4.553124904632568,30298
2001-02-21,4.553124904632568,4.699999809265137,4.40625,4.553124904632568,4.553124904632568,29660
2001-02-22,4.62656307220459,4.846875190734863,4.40625,4.773437976837158,4.773437976837158,18745
2001-02-23,4.699999809265137,4.846875190734863,4.699999809265137,4.846875190734863,4.846875190734863,50532
2001-02-26,4.773437976837158,4.846875190734863,4.699999809265137,4.846875190734863,4.846875190734863,26809
2001-02-27,4.773437976837158,4.846875190734863,4.553124904632568,4.553124904632568,4.553124904632568,24787
2001-02-28,4.62656307220459,4.699999809265137,4.553124904632568,4.699999809265137,4.699999809265137,12000
2001-03-01,4.699999809265137,4.699999809265137,4.553124904632568,4.553124904632568,4.553124904632568,16723
2001-03-02,4.62656307220459,4.699999809265137,4.553124904632568,4.553124904632568,4.553124904632568,9234
2001-03-05,4.553124904632568,4.699999809265137,4.40625,4.553124904632568,4.553124904632568,20766
2001-03-06,4.699999809265137,4.699999809265137,4.553124904632568,4.553124904632568,4.553124904632568,25064
2001-03-07,4.553124904632568,4.699999809265137,4.112500190734863,4.259375095367432,4.259375095367432,77766
2001-03-08,4.40625,4.553124904632568,4.112500190734863,4.40625,4.40625,8362
2001-03-09,4.40625,4.553124904632568,4.259375095367432,4.259375095367432,4.259375095367432,32106
2001-03-12,4.259375095367432,4.259375095367432,3.8187499046325684,3.965625047683716,3.965625047683716,11064
2001-03-13,3.965625047683716,4.112500190734863,3.8187499046325684,3.8187499046325684,3.8187499046325684,9638
2001-03-14,3.8187499046325684,4.112500190734863,3.5250000953674316,3.8187499046325684,3.8187499046325684,16340
2001-03-15,3.8187499046325684,3.965625047683716,3.671875,3.8187499046325684,3.8187499046325684,3085
2001-03-16,3.8187499046325684,3.8187499046325684,3.5250000953674316,3.5250000953674316,3.5250000953674316,18681
2001-03-19,3.7453129291534424,3.8187499046325684,3.5250000953674316,3.671875,3.671875,3936
2001-03-20,3.671875,4.039062976837158,3.5250000953674316,3.965625047683716,3.965625047683716,11489
2001-03-21,3.8187499046325684,3.965625047683716,3.0843749046325684,3.231250047683716,3.231250047683716,49298
2001-03-22,3.378124952316284,3.5250000953674316,3.231250047683716,3.5250000953674316,3.5250000953674316,60596
2001-03-23,3.5250000953674316,3.8187499046325684,3.5250000953674316,3.671875,3.671875,6723
2001-03-26,3.598438024520874,3.965625047683716,3.5250000953674316,3.965625047683716,3.965625047683716,9426
2001-03-27,3.7453129291534424,4.40625,3.7453129291534424,4.259375095367432,4.259375095367432,133617
2001-03-28,4.259375095367432,4.553124904632568,4.259375095367432,4.553124904632568,4.553124904632568,35660
2001-03-29,4.699999809265137,4.699999809265137,3.671875,4.259375095367432,4.259375095367432,71936
2001-03-30,4.112500190734863,4.553124904632568,3.8187499046325684,4.553124904632568,4.553124904632568,38043
2001-04-02,4.553124904632568,4.553124904632568,3.671875,3.671875,3.671875,27426
2001-04-03,3.965625047683716,3.965625047683716,3.378124952316284,3.5250000953674316,3.5250000953674316,15936
2001-04-04,3.8187499046325684,3.965625047683716,3.231250047683716,3.671875,3.671875,97298
2001-04-05,4.332812786102295,4.699999809265137,4.112500190734863,4.553124904632568,4.553124904632568,46000
2001-04-06,4.553124904632568,4.553124904632568,4.259375095367432,4.4796881675720215,4.4796881675720215,20170
2001-04-09,4.418000221252441,4.559000015258789,3.947999954223633,4.2769999504089355,4.2769999504089355,3489
2001-04-10,4.418000221252441,4.699999809265137,4.323999881744385,4.559000015258789,4.559000015258789,53638
2001-04-11,4.559000015258789,4.888000011444092,4.559000015258789,4.794000148773193,4.794000148773193,181489
2001-04-12,4.934999942779541,5.40500020980835,4.699999809265137,5.40500020980835,5.40500020980835,20574
2001-04-16,5.40500020980835,5.40500020980835,4.934999942779541,5.170000076293945,5.170000076293945,16617
2001-04-17,5.170000076293945,5.40500020980835,4.934999942779541,5.310999870300293,5.310999870300293,83723
2001-04-18,5.452000141143799,5.686999797821045,4.934999942779541,5.5929999351501465,5.5929999351501465,42830
2001-04-19,5.639999866485596,6.203999996185303,5.263999938964844,6.203999996185303,6.203999996185303,63149
2001-04-20,6.203999996185303,6.579999923706055,5.875,6.5329999923706055,6.5329999923706055,43638
2001-04-23,6.486000061035156,6.815000057220459,6.297999858856201,6.297999858856201,6.297999858856201,83915
2001-04-24,6.297999858856201,6.673999786376953,6.297999858856201,6.297999858856201,6.297999858856201,20255
2001-04-25,6.392000198364258,6.392000198364258,5.546000003814697,5.921999931335449,5.921999931335449,21809
2001-04-26,5.921999931335449,5.921999931335449,5.5929999351501465,5.639999866485596,5.639999866485596,10043
2001-04-27,5.875,6.015999794006348,5.639999866485596,5.921999931335449,5.921999931335449,14574
2001-04-30,5.686999797821045,6.110000133514404,5.639999866485596,5.921999931335449,5.921999931335449,3489
2001-05-01,5.734000205993652,6.7210001945495605,5.639999866485596,6.486000061035156,6.486000061035156,54255
2001-05-02,6.34499979019165,6.486000061035156,6.015999794006348,6.203999996185303,6.203999996185303,21851
2001-05-03,6.297999858856201,6.486000061035156,5.734000205993652,6.250999927520752,6.250999927520752,17830
2001-05-04,6.110000133514404,6.110000133514404,5.639999866485596,5.921999931335449,5.921999931335449,23213
2001-05-07,6.110000133514404,6.7210001945495605,5.639999866485596,5.875,5.875,43468
2001-05-08,5.875,6.110000133514404,5.170000076293945,5.2170000076293945,5.2170000076293945,27383
2001-05-09,5.639999866485596,5.639999866485596,4.794000148773193,5.170000076293945,5.170000076293945,26596
2001-05-10,5.123000144958496,5.499000072479248,4.699999809265137,4.934999942779541,4.934999942779541,59426
2001-05-11,5.40500020980835,5.40500020980835,4.794000148773193,5.170000076293945,5.170000076293945,20000
2001-05-14,4.888000011444092,5.076000213623047,4.699999809265137,4.794000148773193,4.794000148773193,10532
2001-05-15,4.794000148773193,5.123000144958496,4.747000217437744,5.123000144958496,5.123000144958496,9957
2001-05-16,5.310999870300293,5.310999870300293,4.98199987411499,4.98199987411499,4.98199987411499,11468
2001-05-17,5.2170000076293945,5.40500020980835,5.2170000076293945,5.357999801635742,5.357999801635742,8383
2001-05-18,5.5929999351501465,5.639999866485596,5.170000076293945,5.170000076293945,5.170000076293945,9298
2001-05-21,5.310999870300293,5.639999866485596,5.170000076293945,5.639999866485596,5.639999866485596,11511
2001-05-22,5.639999866485596,5.639999866485596,5.263999938964844,5.357999801635742,5.357999801635742,13277
2001-05-23,5.263999938964844,5.499000072479248,5.170000076293945,5.2170000076293945,5.2170000076293945,4766
2001-05-24,5.170000076293945,5.499000072479248,5.170000076293945,5.170000076293945,5.170000076293945,4000
2001-05-25,5.310999870300293,5.499000072479248,5.170000076293945,5.263999938964844,5.263999938964844,10787
2001-05-29,5.170000076293945,5.828000068664551,5.170000076293945,5.499000072479248,5.499000072479248,13723
2001-05-30,5.452000141143799,5.734000205993652,5.357999801635742,5.546000003814697,5.546000003814697,7553
2001-05-31,5.546000003814697,5.5929999351501465,5.170000076293945,5.546000003814697,5.546000003814697,12319
2001-06-01,5.499000072479248,5.546000003814697,5.263999938964844,5.452000141143799,5.452000141143799,5404
2001-06-04,5.452000141143799,5.499000072479248,5.263999938964844,5.263999938964844,5.263999938964844,9532
2001-06-05,5.263999938964844,5.5929999351501465,5.263999938964844,5.40500020980835,5.40500020980835,19213
2001-06-06,5.546000003814697,6.015999794006348,5.546000003814697,5.828000068664551,5.828000068664551,26617
2001-06-07,5.686999797821045,5.734000205993652,5.499000072479248,5.639999866485596,5.639999866485596,4617
2001-06-08,5.5929999351501465,5.875,5.5929999351501465,5.686999797821045,5.686999797821045,5426
2001-06-11,5.781000137329102,5.968999862670898,5.546000003814697,5.686999797821045,5.686999797821045,6787
2001-06-12,5.828000068664551,5.828000068664551,5.546000003814697,5.686999797821045,5.686999797821045,2043
2001-06-13,5.639999866485596,5.639999866485596,5.452000141143799,5.452000141143799,5.452000141143799,4043
2001-06-14,5.452000141143799,5.5929999351501465,5.0289998054504395,5.0289998054504395,5.0289998054504395,9234
2001-06-15,5.40500020980835,5.40500020980835,4.934999942779541,4.98199987411499,4.98199987411499,3787
2001-06-18,5.0289998054504395,5.170000076293945,4.747000217437744,5.0289998054504395,5.0289998054504395,16830
2001-06-19,4.841000080108643,4.934999942779541,4.747000217437744,4.747000217437744,4.747000217437744,14511
2001-06-20,4.794000148773193,4.794000148773193,4.699999809265137,4.699999809265137,4.699999809265137,5447
2001-06-21,4.888000011444092,5.170000076293945,4.089000225067139,4.418000221252441,4.418000221252441,17532
2001-06-22,4.418000221252441,4.699999809265137,4.089000225067139,4.465000152587891,4.465000152587891,6851
2001-06-25,4.605999946594238,4.605999946594238,4.323999881744385,4.418000221252441,4.418000221252441,1723
2001-06-26,4.418000221252441,4.465000152587891,4.230000019073486,4.2769999504089355,4.2769999504089355,13957
2001-06-27,4.2769999504089355,4.370999813079834,4.041999816894531,4.2769999504089355,4.2769999504089355,8191
2001-06-28,4.323999881744385,4.559000015258789,4.2769999504089355,4.370999813079834,4.370999813079834,5298
2001-06-29,5.828000068664551,5.875,4.794000148773193,4.934999942779541,4.934999942779541,53085
2001-07-02,4.888000011444092,4.98199987411499,4.699999809265137,4.888000011444092,4.888000011444092,9787
2001-07-03,4.888000011444092,4.888000011444092,4.747000217437744,4.747000217437744,4.747000217437744,2681
2001-07-05,4.794000148773193,4.888000011444092,4.747000217437744,4.888000011444092,4.888000011444092,957
2001-07-06,4.747000217437744,4.841000080108643,4.699999809265137,4.699999809265137,4.699999809265137,2596
2001-07-09,4.841000080108643,4.841000080108643,4.699999809265137,4.841000080108643,4.841000080108643,2936
2001-07-10,4.841000080108643,4.888000011444092,4.230000019073486,4.465000152587891,4.465000152587891,10957
2001-07-11,4.323999881744385,4.465000152587891,4.2769999504089355,4.418000221252441,4.418000221252441,2957
2001-07-12,4.418000221252441,4.418000221252441,4.089000225067139,4.418000221252441,4.418000221252441,7085
2001-07-13,4.323999881744385,4.559000015258789,4.323999881744385,4.559000015258789,4.559000015258789,1404
2001-07-16,4.418000221252441,4.6529998779296875,4.323999881744385,4.465000152587891,4.465000152587891,3298
2001-07-17,4.51200008392334,4.51200008392334,4.323999881744385,4.418000221252441,4.418000221252441,4149
2001-07-18,4.418000221252441,4.605999946594238,4.323999881744385,4.323999881744385,4.323999881744385,3979
2001-07-19,4.51200008392334,4.51200008392334,4.370999813079834,4.370999813079834,4.370999813079834,617
2001-07-20,4.465000152587891,4.465000152587891,4.370999813079834,4.370999813079834,4.370999813079834,191
2001-07-23,4.51200008392334,4.6529998779296875,4.370999813079834,4.370999813079834,4.370999813079834,1702
2001-07-24,4.418000221252441,4.418000221252441,4.183000087738037,4.183000087738037,4.183000087738037,5277
2001-07-25,4.183000087738037,4.183000087738037,3.994999885559082,4.089000225067139,4.089000225067139,3745
2001-07-26,4.089000225067139,4.089000225067139,3.759999990463257,3.9010000228881836,3.9010000228881836,4404
2001-07-27,3.759999990463257,3.9010000228881836,3.5250000953674316,3.759999990463257,3.759999990463257,11723
2001-07-30,3.759999990463257,4.136000156402588,3.6659998893737793,3.994999885559082,3.994999885559082,2936
2001-07-31,3.806999921798706,4.041999816894531,3.6659998893737793,4.041999816894531,4.041999816894531,9574
2001-08-01,4.183000087738037,4.230000019073486,3.759999990463257,4.089000225067139,4.089000225067139,8468
2001-08-02,4.183000087738037,4.183000087738037,3.759999990463257,4.136000156402588,4.136000156402588,936
2001-08-03,3.994999885559082,4.089000225067139,3.9010000228881836,3.9010000228881836,3.9010000228881836,1191
2001-08-06,3.806999921798706,4.041999816894531,3.759999990463257,3.8540000915527344,3.8540000915527344,5809
2001-08-07,3.8540000915527344,4.230000019073486,3.806999921798706,4.136000156402588,4.136000156402588,4574
2001-08-08,4.230000019073486,4.418000221252441,3.806999921798706,4.136000156402588,4.136000156402588,9468
2001-08-09,4.183000087738037,4.370999813079834,3.8540000915527344,3.9010000228881836,3.9010000228881836,4043
2001-08-10,3.572000026702881,4.041999816894531,3.572000026702881,3.947999954223633,3.947999954223633,23638
2001-08-13,4.323999881744385,4.747000217437744,4.183000087738037,4.747000217437744,4.747000217437744,13319
2001-08-14,4.888000011444092,4.934999942779541,4.699999809265137,4.888000011444092,4.888000011444092,17085
2001-08-15,4.699999809265137,4.699999809265137,4.465000152587891,4.465000152587891,4.465000152587891,5298
2001-08-16,4.465000152587891,4.699999809265137,4.465000152587891,4.699999809265137,4.699999809265137,8191
2001-08-17,4.559000015258789,4.699999809265137,4.370999813079834,4.418000221252441,4.418000221252441,10043
2001-08-20,4.605999946594238,4.699999809265137,4.323999881744385,4.465000152587891,4.465000152587891,14128
2001-08-21,4.370999813079834,4.699999809265137,4.323999881744385,4.323999881744385,4.323999881744385,5766
2001-08-22,4.605999946594238,4.605999946594238,4.370999813079834,4.465000152587891,4.465000152587891,7617
2001-08-23,4.559000015258789,4.605999946594238,4.323999881744385,4.605999946594238,4.605999946594238,9596
2001-08-24,4.323999881744385,4.605999946594238,4.323999881744385,4.465000152587891,4.465000152587891,6106
2001-08-27,4.605999946594238,4.6529998779296875,4.465000152587891,4.465000152587891,4.465000152587891,7128
2001-08-28,4.559000015258789,4.605999946594238,4.465000152587891,4.605999946594238,4.605999946594238,4191
2001-08-29,4.605999946594238,4.794000148773193,4.465000152587891,4.699999809265137,4.699999809265137,29170
2001-08-30,4.605999946594238,4.699999809265137,4.465000152587891,4.465000152587891,4.465000152587891,13830
2001-08-31,4.699999809265137,4.699999809265137,4.465000152587891,4.605999946594238,4.605999946594238,2170
2001-09-04,4.6529998779296875,4.699999809265137,4.2769999504089355,4.2769999504089355,4.2769999504089355,36766
2001-09-05,4.465000152587891,4.605999946594238,4.465000152587891,4.465000152587891,4.465000152587891,6574
2001-09-06,4.559000015258789,4.605999946594238,4.465000152587891,4.51200008392334,4.51200008392334,8915
2001-09-07,4.51200008392334,4.559000015258789,4.2769999504089355,4.323999881744385,4.323999881744385,19277
2001-09-10,4.323999881744385,4.370999813079834,4.230000019073486,4.2769999504089355,4.2769999504089355,5149
2001-09-17,4.2769999504089355,4.370999813079834,3.759999990463257,3.806999921798706,3.806999921798706,33213
2001-09-18,3.947999954223633,4.2769999504089355,3.947999954223633,4.183000087738037,4.183000087738037,4979
2001-09-19,4.183000087738037,4.183000087738037,3.5250000953674316,3.61899995803833,3.61899995803833,10617
2001-09-20,3.9010000228881836,4.089000225067139,3.5250000953674316,3.572000026702881,3.572000026702881,9511
2001-09-21,3.430999994277954,3.572000026702881,1.6449999809265137,3.5250000953674316,3.5250000953674316,37809
2001-09-24,3.2899999618530273,3.4779999256134033,3.196000099182129,3.430999994277954,3.430999994277954,3745
2001-09-25,3.430999994277954,3.5250000953674316,3.055000066757202,3.2899999618530273,3.2899999618530273,2830
2001-09-26,3.4779999256134033,3.5250000953674316,3.1489999294281006,3.3369998931884766,3.3369998931884766,3851
2001-09-27,3.2899999618530273,3.2899999618530273,2.7260000705718994,2.819999933242798,2.819999933242798,48468
2001-09-28,3.2899999618530273,3.5250000953674316,2.9609999656677246,3.5250000953674316,3.5250000953674316,6766
2001-10-01,3.243000030517578,3.3369998931884766,3.196000099182129,3.196000099182129,3.196000099182129,2787
2001-10-02,3.572000026702881,4.089000225067139,3.2899999618530273,3.2899999618530273,3.2899999618530273,3234
2001-10-03,3.243000030517578,3.994999885559082,3.243000030517578,3.4779999256134033,3.4779999256134033,15574
2001-10-04,3.806999921798706,4.136000156402588,3.1489999294281006,3.759999990463257,3.759999990463257,10894
2001-10-05,3.759999990463257,3.759999990463257,3.572000026702881,3.6659998893737793,3.6659998893737793,3574
2001-10-08,3.6659998893737793,3.806999921798706,3.572000026702881,3.806999921798706,3.806999921798706,2511
2001-10-09,3.806999921798706,3.947999954223633,3.430999994277954,3.430999994277954,3.430999994277954,4511
2001-10-10,3.5250000953674316,3.7130000591278076,3.384000062942505,3.7130000591278076,3.7130000591278076,4085
2001-10-11,3.6659998893737793,3.759999990463257,3.5250000953674316,3.5250000953674316,3.5250000953674316,2298
2001-10-12,3.384000062942505,3.806999921798706,3.384000062942505,3.6659998893737793,3.6659998893737793,5404
2001-10-15,3.5250000953674316,3.572000026702881,3.430999994277954,3.5250000953674316,3.5250000953674316,1021
2001-10-16,3.61899995803833,4.230000019073486,3.572000026702881,4.183000087738037,4.183000087738037,12362
2001-10-17,4.041999816894531,4.089000225067139,3.9010000228881836,3.9010000228881836,3.9010000228881836,3574
2001-10-18,3.9010000228881836,4.2769999504089355,3.9010000228881836,4.136000156402588,4.136000156402588,11851
2001-10-19,4.230000019073486,4.559000015258789,4.230000019073486,4.418000221252441,4.418000221252441,9574
2001-10-22,4.465000152587891,4.605999946594238,4.136000156402588,4.230000019073486,4.230000019073486,4957
2001-10-23,4.230000019073486,4.465000152587891,3.7130000591278076,3.994999885559082,3.994999885559082,957
2001-10-24,4.089000225067139,4.370999813079834,3.994999885559082,4.370999813079834,4.370999813079834,9553
2001-10-25,4.041999816894531,4.605999946594238,3.947999954223633,4.230000019073486,4.230000019073486,7830
2001-10-26,4.559000015258789,4.559000015258789,4.183000087738037,4.370999813079834,4.370999813079834,3915
2001-10-29,4.230000019073486,4.230000019073486,4.089000225067139,4.089000225067139,4.089000225067139,1106
2001-10-30,4.2769999504089355,4.6529998779296875,4.089000225067139,4.370999813079834,4.370999813079834,21277
2001-10-31,4.465000152587891,4.699999809265137,4.136000156402588,4.465000152587891,4.465000152587891,15085
2001-11-01,4.465000152587891,4.699999809265137,4.230000019073486,4.465000152587891,4.465000152587891,16064
2001-11-02,4.230000019073486,4.465000152587891,4.230000019073486,4.465000152587891,4.465000152587891,3149
2001-11-05,4.2769999504089355,4.6529998779296875,4.041999816894531,4.6529998779296875,4.6529998779296875,4128
2001-11-06,4.2769999504089355,4.370999813079834,4.089000225067139,4.089000225067139,4.089000225067139,1596
2001-11-07,4.230000019073486,4.465000152587891,3.994999885559082,4.323999881744385,4.323999881744385,8447
2001-11-08,4.041999816894531,4.041999816894531,3.8540000915527344,3.947999954223633,3.947999954223633,9255
2001-11-09,3.947999954223633,3.947999954223633,3.4779999256134033,3.572000026702881,3.572000026702881,5766
2001-11-12,3.5250000953674316,3.759999990463257,3.5250000953674316,3.759999990463257,3.759999990463257,3255
2001-11-13,3.759999990463257,3.9010000228881836,3.6659998893737793,3.759999990463257,3.759999990463257,11681
2001-11-14,3.806999921798706,4.230000019073486,3.806999921798706,4.230000019073486,4.230000019073486,2894
2001-11-15,4.230000019073486,4.230000019073486,3.994999885559082,3.994999885559082,3.994999885559082,4936
2001-11-16,4.136000156402588,4.465000152587891,4.041999816894531,4.2769999504089355,4.2769999504089355,5638
2001-11-19,4.418000221252441,4.559000015258789,4.323999881744385,4.323999881744385,4.323999881744385,2936
2001-11-20,4.418000221252441,4.605999946594238,4.323999881744385,4.323999881744385,4.323999881744385,12766
2001-11-21,4.418000221252441,4.605999946594238,4.089000225067139,4.370999813079834,4.370999813079834,8170
2001-11-23,4.559000015258789,4.559000015258789,4.465000152587891,4.559000015258789,4.559000015258789,851
2001-11-26,4.323999881744385,4.323999881744385,4.230000019073486,4.2769999504089355,4.2769999504089355,787
2001-11-27,4.418000221252441,4.559000015258789,4.2769999504089355,4.2769999504089355,4.2769999504089355,10064
2001-11-28,4.2769999504089355,4.465000152587891,4.230000019073486,4.465000152587891,4.465000152587891,3213
2001-11-29,4.230000019073486,4.465000152587891,4.230000019073486,4.230000019073486,4.230000019073486,5064
2001-11-30,4.2769999504089355,4.370999813079834,4.230000019073486,4.370999813079834,4.370999813079834,1617
2001-12-03,4.230000019073486,4.465000152587891,4.089000225067139,4.465000152587891,4.465000152587891,6426
2001-12-04,4.465000152587891,4.699999809265137,4.041999816894531,4.370999813079834,4.370999813079834,12596
2001-12-05,4.323999881744385,4.323999881744385,4.041999816894531,4.2769999504089355,4.2769999504089355,8362
2001-12-06,4.136000156402588,4.370999813079834,4.136000156402588,4.370999813079834,4.370999813079834,3064
2001-12-07,4.041999816894531,4.465000152587891,4.041999816894531,4.230000019073486,4.230000019073486,4319
2001-12-10,4.089000225067139,4.230000019073486,4.089000225067139,4.183000087738037,4.183000087738037,2021
2001-12-11,4.183000087738037,4.465000152587891,4.041999816894531,4.465000152587891,4.465000152587891,11936
2001-12-12,4.136000156402588,4.418000221252441,4.136000156402588,4.136000156402588,4.136000156402588,9149
2001-12-13,4.230000019073486,4.2769999504089355,4.183000087738037,4.230000019073486,4.230000019073486,4064
2001-12-14,4.183000087738037,4.465000152587891,4.183000087738037,4.183000087738037,4.183000087738037,1872
2001-12-17,4.230000019073486,4.418000221252441,4.136000156402588,4.230000019073486,4.230000019073486,4979
2001-12-18,4.230000019073486,4.230000019073486,4.089000225067139,4.089000225067139,4.089000225067139,3723
2001-12-19,4.089000225067139,4.230000019073486,4.041999816894531,4.089000225067139,4.089000225067139,8681
2001-12-20,4.041999816894531,4.041999816894531,3.994999885559082,4.041999816894531,4.041999816894531,3745
2001-12-21,4.089000225067139,4.2769999504089355,4.089000225067139,4.230000019073486,4.230000019073486,4383
2001-12-24,4.183000087738037,4.183000087738037,4.183000087738037,4.183000087738037,4.183000087738037,21
2001-12-26,4.183000087738037,4.2769999504089355,3.994999885559082,4.089000225067139,4.089000225067139,79213
2001-12-27,4.136000156402588,4.230000019073486,4.089000225067139,4.230000019073486,4.230000019073486,8851
2001-12-28,4.136000156402588,4.230000019073486,3.9010000228881836,3.994999885559082,3.994999885559082,19191
2001-12-31,3.994999885559082,3.994999885559082,3.8540000915527344,3.994999885559082,3.994999885559082,5532
2002-01-02,3.9010000228881836,4.136000156402588,3.9010000228881836,4.136000156402588,4.136000156402588,3298
2002-01-03,4.136000156402588,4.2769999504089355,3.994999885559082,4.230000019073486,4.230000019073486,10234
2002-01-04,4.323999881744385,4.465000152587891,4.183000087738037,4.418000221252441,4.418000221252441,6021
2002-01-07,4.230000019073486,4.605999946594238,4.230000019073486,4.323999881744385,4.323999881744385,7362
2002-01-08,4.323999881744385,4.323999881744385,4.323999881744385,4.323999881744385,4.323999881744385,426
2002-01-09,4.370999813079834,4.605999946594238,4.230000019073486,4.418000221252441,4.418000221252441,8702
2002-01-10,4.323999881744385,4.323999881744385,4.323999881744385,4.323999881744385,4.323999881744385,21
2002-01-11,4.605999946594238,4.605999946594238,4.2769999504089355,4.323999881744385,4.323999881744385,2383
2002-01-14,4.323999881744385,4.323999881744385,4.2769999504089355,4.2769999504089355,4.2769999504089355,2277
2002-01-15,4.323999881744385,4.465000152587891,4.136000156402588,4.323999881744385,4.323999881744385,3277
2002-01-16,4.51200008392334,4.559000015258789,4.089000225067139,4.230000019073486,4.230000019073486,10553
2002-01-17,4.230000019073486,4.465000152587891,4.041999816894531,4.183000087738037,4.183000087738037,5681
2002-01-18,4.183000087738037,4.323999881744385,4.183000087738037,4.183000087738037,4.183000087738037,1064
2002-01-22,4.230000019073486,4.323999881744385,4.230000019073486,4.230000019073486,4.230000019073486,1277
2002-01-23,4.230000019073486,4.230000019073486,4.183000087738037,4.183000087738037,4.183000087738037,1447
2002-01-24,4.230000019073486,4.323999881744385,4.136000156402588,4.136000156402588,4.136000156402588,3191
2002-01-25,4.136000156402588,4.136000156402588,3.806999921798706,3.947999954223633,3.947999954223633,6447
2002-01-28,4.089000225067139,4.323999881744385,3.8540000915527344,4.183000087738037,4.183000087738037,8447
2002-01-29,4.089000225067139,4.230000019073486,3.9010000228881836,4.136000156402588,4.136000156402588,4191
2002-01-30,3.994999885559082,4.183000087738037,3.994999885559082,4.183000087738037,4.183000087738037,1489
2002-01-31,4.089000225067139,4.089000225067139,3.994999885559082,4.041999816894531,4.041999816894531,1383
2002-02-01,4.041999816894531,4.465000152587891,3.994999885559082,4.230000019073486,4.230000019073486,6894
2002-02-04,4.370999813079834,4.418000221252441,4.136000156402588,4.370999813079834,4.370999813079834,4681
2002-02-05,4.323999881744385,4.418000221252441,3.9010000228881836,4.136000156402588,4.136000156402588,8553
2002-02-06,4.183000087738037,4.418000221252441,4.183000087738037,4.183000087738037,4.183000087738037,7617
2002-02-07,4.418000221252441,4.418000221252441,4.089000225067139,4.089000225067139,4.089000225067139,1277
2002-02-08,4.089000225067139,4.089000225067139,4.089000225067139,4.089000225067139,4.089000225067139,234
2002-02-11,4.136000156402588,4.230000019073486,3.994999885559082,3.994999885559082,3.994999885559082,1617
2002-02-12,4.136000156402588,4.136000156402588,4.136000156402588,4.136000156402588,4.136000156402588,809
2002-02-13,4.230000019073486,4.418000221252441,4.136000156402588,4.230000019073486,4.230000019073486,6128
2002-02-14,4.230000019073486,4.323999881744385,3.994999885559082,4.2769999504089355,4.2769999504089355,3362
2002-02-15,3.994999885559082,4.2769999504089355,3.9010000228881836,3.9010000228881836,3.9010000228881836,660
2002-02-19,3.947999954223633,3.947999954223633,3.8540000915527344,3.9010000228881836,3.9010000228881836,851
2002-02-20,3.947999954223633,4.136000156402588,3.8540000915527344,3.8540000915527344,3.8540000915527344,2340
2002-02-21,4.089000225067139,4.465000152587891,3.806999921798706,3.994999885559082,3.994999885559082,15553
2002-02-22,4.041999816894531,4.2769999504089355,3.947999954223633,4.183000087738037,4.183000087738037,1000
2002-02-25,4.230000019073486,4.465000152587891,4.089000225067139,4.2769999504089355,4.2769999504089355,9617
2002-02-26,4.089000225067139,4.418000221252441,4.089000225067139,4.230000019073486,4.230000019073486,7596
2002-02-27,4.089000225067139,4.370999813079834,4.089000225067139,4.183000087738037,4.183000087738037,14915
2002-02-28,4.089000225067139,4.089000225067139,3.994999885559082,3.994999885559082,3.994999885559082,3043
2002-03-01,3.994999885559082,4.230000019073486,3.947999954223633,4.183000087738037,4.183000087738037,2234
2002-03-04,4.089000225067139,4.183000087738037,3.806999921798706,4.041999816894531,4.041999816894531,6234
2002-03-05,3.994999885559082,4.370999813079834,3.8540000915527344,4.041999816894531,4.041999816894531,8766
2002-03-06,3.994999885559082,4.465000152587891,3.994999885559082,4.465000152587891,4.465000152587891,6468
2002-03-07,4.418000221252441,4.418000221252441,3.994999885559082,4.183000087738037,4.183000087738037,1596
2002-03-08,4.183000087738037,4.370999813079834,4.183000087738037,4.183000087738037,4.183000087738037,4809
2002-03-11,4.183000087738037,4.370999813079834,3.947999954223633,4.041999816894531,4.041999816894531,1809
2002-03-12,4.089000225067139,4.089000225067139,3.994999885559082,3.994999885559082,3.994999885559082,6894
2002-03-13,3.994999885559082,3.994999885559082,3.9010000228881836,3.994999885559082,3.994999885559082,2532
2002-03-14,3.994999885559082,3.994999885559082,3.9010000228881836,3.9010000228881836,3.9010000228881836,106
2002-03-15,3.9010000228881836,3.994999885559082,3.759999990463257,3.806999921798706,3.806999921798706,6553
2002-03-18,3.8540000915527344,3.8540000915527344,3.759999990463257,3.759999990463257,3.759999990463257,7574
2002-03-19,3.9010000228881836,4.183000087738037,3.759999990463257,3.759999990463257,3.759999990463257,2213
2002-03-20,3.8540000915527344,3.947999954223633,3.572000026702881,3.9010000228881836,3.9010000228881836,4936
2002-03-21,3.8540000915527344,4.183000087738037,3.8540000915527344,3.8540000915527344,3.8540000915527344,6021
2002-03-22,3.8540000915527344,4.089000225067139,3.806999921798706,3.9010000228881836,3.9010000228881836,3489
2002-03-25,3.947999954223633,3.947999954223633,3.9010000228881836,3.9010000228881836,3.9010000228881836,340
2002-03-26,3.8540000915527344,3.8540000915527344,3.8540000915527344,3.8540000915527344,3.8540000915527344,43
2002-03-27,3.8540000915527344,3.8540000915527344,3.759999990463257,3.759999990463257,3.759999990463257,1596
2002-03-28,3.759999990463257,4.089000225067139,3.759999990463257,3.806999921798706,3.806999921798706,3723
2002-04-01,3.806999921798706,4.089000225067139,3.430999994277954,3.61899995803833,3.61899995803833,7745
2002-04-02,3.61899995803833,4.041999816894531,3.572000026702881,3.572000026702881,3.572000026702881,1489
2002-04-03,3.6659998893737793,3.7130000591278076,3.055000066757202,3.7130000591278076,3.7130000591278076,6106
2002-04-04,3.759999990463257,3.759999990463257,3.2899999618530273,3.7130000591278076,3.7130000591278076,17915
2002-04-05,3.430999994277954,3.7130000591278076,3.055000066757202,3.3369998931884766,3.3369998931884766,22191
2002-04-08,3.430999994277954,3.430999994277954,3.2899999618530273,3.2899999618530273,3.2899999618530273,5745
2002-04-09,3.759999990463257,3.759999990463257,3.2899999618530273,3.384000062942505,3.384000062942505,8106
2002-04-10,3.3369998931884766,3.61899995803833,3.1019999980926514,3.61899995803833,3.61899995803833,2106
2002-04-11,3.430999994277954,3.572000026702881,3.2899999618530273,3.3369998931884766,3.3369998931884766,2553
2002-04-12,3.3369998931884766,4.230000019073486,3.2899999618530273,4.230000019073486,4.230000019073486,1830
2002-04-15,3.4779999256134033,3.8540000915527344,3.2899999618530273,3.2899999618530273,3.2899999618530273,5809
2002-04-16,3.4779999256134033,3.6659998893737793,3.4779999256134033,3.5250000953674316,3.5250000953674316,3894
2002-04-17,3.4779999256134033,3.6659998893737793,3.4779999256134033,3.6659998893737793,3.6659998893737793,2362
2002-04-18,3.4779999256134033,3.61899995803833,3.2899999618530273,3.572000026702881,3.572000026702881,3638
2002-04-19,3.4779999256134033,3.572000026702881,3.4779999256134033,3.4779999256134033,3.4779999256134033,1170
2002-04-22,3.5250000953674316,3.61899995803833,3.5250000953674316,3.61899995803833,3.61899995803833,787
2002-04-23,3.6659998893737793,3.6659998893737793,3.1019999980926514,3.430999994277954,3.430999994277954,4957
2002-04-24,3.430999994277954,3.4779999256134033,3.055000066757202,3.384000062942505,3.384000062942505,4851
2002-04-25,3.384000062942505,3.4779999256134033,3.1019999980926514,3.2899999618530273,3.2899999618530273,3638
2002-04-26,3.2899999618530273,3.4779999256134033,3.1019999980926514,3.2899999618530273,3.2899999618530273,872
2002-04-29,3.3369998931884766,3.3369998931884766,3.2899999618530273,3.2899999618530273,3.2899999618530273,3894
2002-04-30,3.2899999618530273,3.5250000953674316,3.1019999980926514,3.2899999618530273,3.2899999618530273,3149
2002-05-01,3.2899999618530273,3.2899999618530273,3.055000066757202,3.055000066757202,3.055000066757202,6064
2002-05-02,3.1019999980926514,3.3369998931884766,2.9140000343322754,3.1019999980926514,3.1019999980926514,14362
2002-05-03,3.055000066757202,3.3369998931884766,3.055000066757202,3.3369998931884766,3.3369998931884766,5213
2002-05-06,3.4779999256134033,3.5250000953674316,3.055000066757202,3.055000066757202,3.055000066757202,4574
2002-05-07,3.1489999294281006,3.2899999618530273,2.867000102996826,3.055000066757202,3.055000066757202,18085
2002-05-08,3.384000062942505,3.572000026702881,2.867000102996826,2.867000102996826,2.867000102996826,62851
2002-05-09,3.2899999618530273,3.2899999618530273,2.819999933242798,2.819999933242798,2.819999933242798,17043
2002-05-10,3.055000066757202,3.055000066757202,2.819999933242798,3.007999897003174,3.007999897003174,14894
2002-05-13,3.196000099182129,3.196000099182129,2.819999933242798,2.819999933242798,2.819999933242798,2936
2002-05-14,2.819999933242798,2.9609999656677246,2.819999933242798,2.9140000343322754,2.9140000343322754,6979
2002-05-15,2.9140000343322754,3.007999897003174,2.819999933242798,2.819999933242798,2.819999933242798,11787
2002-05-16,2.819999933242798,2.9609999656677246,2.819999933242798,2.819999933242798,2.819999933242798,1319
2002-05-17,2.9609999656677246,3.055000066757202,2.867000102996826,2.9609999656677246,2.9609999656677246,2787
2002-05-20,3.007999897003174,3.007999897003174,2.867000102996826,2.867000102996826,2.867000102996826,5106
2002-05-21,2.867000102996826,2.9609999656677246,2.631999969482422,2.7260000705718994,2.7260000705718994,11000
2002-05-22,2.7260000705718994,2.7730000019073486,2.3499999046325684,2.5850000381469727,2.5850000381469727,19979
2002-05-23,2.444000005722046,2.631999969482422,2.2090001106262207,2.3970000743865967,2.3970000743865967,29957
2002-05-24,2.1619999408721924,2.444000005722046,2.1619999408721924,2.25600004196167,2.25600004196167,43383
2002-05-28,2.3499999046325684,2.5850000381469727,2.3499999046325684,2.3499999046325684,2.3499999046325684,3553
2002-05-29,2.302999973297119,2.3499999046325684,2.2090001106262207,2.302999973297119,2.302999973297119,20830
2002-05-30,2.3499999046325684,2.3499999046325684,2.115000009536743,2.115000009536743,2.115000009536743,11064
2002-05-31,2.3499999046325684,2.3499999046325684,2.115000009536743,2.2090001106262207,2.2090001106262207,13064
2002-06-03,2.1619999408721924,3.2899999618530273,2.115000009536743,2.819999933242798,2.819999933242798,28851
2002-06-04,2.7260000705718994,2.7260000705718994,2.3970000743865967,2.444000005722046,2.444000005722046,1723
2002-06-05,2.444000005722046,3.007999897003174,2.444000005722046,3.007999897003174,3.007999897003174,1255
2002-06-06,2.631999969482422,2.7730000019073486,2.3970000743865967,2.5850000381469727,2.5850000381469727,4362
2002-06-07,2.5850000381469727,2.5850000381469727,2.068000078201294,2.068000078201294,2.068000078201294,12298
2002-06-10,2.3499999046325684,2.3970000743865967,2.068000078201294,2.25600004196167,2.25600004196167,15319
2002-06-11,2.3499999046325684,2.7730000019073486,2.115000009536743,2.115000009536743,2.115000009536743,23596
2002-06-12,2.2090001106262207,2.444000005722046,2.115000009536743,2.115000009536743,2.115000009536743,9851
2002-06-13,2.068000078201294,2.068000078201294,1.9739999771118164,2.068000078201294,2.068000078201294,3830
2002-06-14,2.068000078201294,2.115000009536743,1.8799999952316284,1.9270000457763672,1.9270000457763672,37362
2002-06-17,2.0209999084472656,2.0209999084472656,1.8799999952316284,1.9739999771118164,1.9739999771118164,5957
2002-06-18,2.0209999084472656,2.0209999084472656,1.8329999446868896,1.8799999952316284,1.8799999952316284,14894
2002-06-19,1.8329999446868896,2.1619999408721924,1.7389999628067017,2.115000009536743,2.115000009536743,19128
2002-06-20,2.0209999084472656,2.25600004196167,2.0209999084472656,2.1619999408721924,2.1619999408721924,9149
2002-06-21,2.1619999408721924,2.3970000743865967,2.1619999408721924,2.3499999046325684,2.3499999046325684,11170
2002-06-24,2.3970000743865967,2.490999937057495,2.3499999046325684,2.3970000743865967,2.3970000743865967,4213
2002-06-25,2.490999937057495,2.490999937057495,2.302999973297119,2.490999937057495,2.490999937057495,12064
2002-06-26,2.3499999046325684,2.444000005722046,2.302999973297119,2.3499999046325684,2.3499999046325684,9787
2002-06-27,2.302999973297119,2.3970000743865967,2.302999973297119,2.3499999046325684,2.3499999046325684,660
2002-06-28,2.5380001068115234,2.5380001068115234,2.3499999046325684,2.3499999046325684,2.3499999046325684,3468
2002-07-01,2.3499999046325684,2.3970000743865967,2.25600004196167,2.3970000743865967,2.3970000743865967,6702
2002-07-02,2.3499999046325684,2.3499999046325684,2.25600004196167,2.302999973297119,2.302999973297119,3191
2002-07-03,2.25600004196167,2.3499999046325684,2.25600004196167,2.3499999046325684,2.3499999046325684,1489
2002-07-05,2.3499999046325684,2.3499999046325684,2.3499999046325684,2.3499999046325684,2.3499999046325684,64
2002-07-08,2.3499999046325684,2.490999937057495,2.2090001106262207,2.25600004196167,2.25600004196167,1723
2002-07-09,2.25600004196167,2.302999973297119,1.9739999771118164,2.068000078201294,2.068000078201294,15213
2002-07-10,2.2090001106262207,2.2090001106262207,1.9270000457763672,2.115000009536743,2.115000009536743,1043
2002-07-11,1.8799999952316284,2.068000078201294,1.8799999952316284,2.068000078201294,2.068000078201294,1085
2002-07-12,2.2090001106262207,2.2090001106262207,1.9739999771118164,2.2090001106262207,2.2090001106262207,404
2002-07-15,1.9270000457763672,2.0209999084472656,1.5980000495910645,1.7389999628067017,1.7389999628067017,19170
2002-07-16,1.7389999628067017,1.9270000457763672,1.7389999628067017,1.7860000133514404,1.7860000133514404,3106
2002-07-17,1.8799999952316284,2.302999973297119,1.7860000133514404,2.0209999084472656,2.0209999084472656,6660
2002-07-18,2.25600004196167,2.302999973297119,1.8799999952316284,1.8799999952316284,1.8799999952316284,3000
2002-07-19,1.9270000457763672,2.1619999408721924,1.8799999952316284,2.1619999408721924,2.1619999408721924,3851
2002-07-22,2.25600004196167,2.25600004196167,1.9270000457763672,2.115000009536743,2.115000009536743,5489
2002-07-23,1.9739999771118164,2.0209999084472656,1.5509999990463257,1.7860000133514404,1.7860000133514404,4979
2002-07-24,1.8799999952316284,2.3499999046325684,1.5509999990463257,1.6920000314712524,1.6920000314712524,61809
2002-07-25,1.8329999446868896,1.8799999952316284,1.7389999628067017,1.7860000133514404,1.7860000133514404,15447
2002-07-26,1.8799999952316284,2.0209999084472656,1.8799999952316284,2.0209999084472656,2.0209999084472656,2787
2002-07-29,1.7860000133514404,1.7860000133514404,1.7860000133514404,1.7860000133514404,1.7860000133514404,1915
2002-07-30,1.9270000457763672,1.9270000457763672,1.7860000133514404,1.8799999952316284,1.8799999952316284,1064
2002-07-31,1.8799999952316284,2.302999973297119,1.6920000314712524,2.115000009536743,2.115000009536743,9383
2002-08-01,2.115000009536743,2.115000009536743,1.7860000133514404,1.8799999952316284,1.8799999952316284,10426
2002-08-02,1.7389999628067017,1.8799999952316284,1.7389999628067017,1.8799999952316284,1.8799999952316284,1213
2002-08-05,1.8799999952316284,1.8799999952316284,1.8329999446868896,1.8329999446868896,1.8329999446868896,383
2002-08-06,1.8799999952316284,1.9739999771118164,1.7389999628067017,1.7389999628067017,1.7389999628067017,4851
2002-08-07,1.7860000133514404,1.8799999952316284,1.6920000314712524,1.6920000314712524,1.6920000314712524,3149
2002-08-08,1.8799999952316284,1.9270000457763672,1.8329999446868896,1.8799999952316284,1.8799999952316284,8298
2002-08-09,2.068000078201294,2.302999973297119,1.9739999771118164,2.2090001106262207,2.2090001106262207,17787
2002-08-12,2.302999973297119,2.3499999046325684,1.9270000457763672,2.1619999408721924,2.1619999408721924,14979
2002-08-13,2.2090001106262207,2.25600004196167,1.9270000457763672,2.1619999408721924,2.1619999408721924,10128
2002-08-14,2.1619999408721924,2.1619999408721924,2.0209999084472656,2.068000078201294,2.068000078201294,2021
2002-08-15,1.8799999952316284,2.0209999084472656,1.5980000495910645,1.8799999952316284,1.8799999952316284,32532
2002-08-16,1.7389999628067017,1.9739999771118164,1.7389999628067017,1.8799999952316284,1.8799999952316284,1532
2002-08-19,1.8329999446868896,1.9270000457763672,1.5509999990463257,1.7860000133514404,1.7860000133514404,7362
2002-08-20,1.7389999628067017,1.8799999952316284,1.7389999628067017,1.8329999446868896,1.8329999446868896,362
2002-08-21,1.8799999952316284,1.8799999952316284,1.7389999628067017,1.7389999628067017,1.7389999628067017,277
2002-08-22,1.7389999628067017,1.8799999952316284,1.7389999628067017,1.8799999952316284,1.8799999952316284,2043
2002-08-23,2.0209999084472656,2.0209999084472656,1.8799999952316284,1.8799999952316284,1.8799999952316284,1532
2002-08-26,2.0209999084472656,2.0209999084472656,1.8799999952316284,1.8799999952316284,1.8799999952316284,3447
2002-08-27,1.8799999952316284,1.8799999952316284,1.8329999446868896,1.8329999446868896,1.8329999446868896,2745
2002-08-28,1.9739999771118164,1.9739999771118164,1.8799999952316284,1.8799999952316284,1.8799999952316284,2745
2002-08-29,1.8329999446868896,1.8799999952316284,1.6920000314712524,1.8329999446868896,1.8329999446868896,4830
2002-08-30,1.8329999446868896,1.8329999446868896,1.8329999446868896,1.8329999446868896,1.8329999446868896,85
2002-09-03,1.8329999446868896,1.8329999446868896,1.6449999809265137,1.6449999809265137,1.6449999809265137,3489
2002-09-04,1.8799999952316284,1.8799999952316284,1.7389999628067017,1.7389999628067017,1.7389999628067017,2660
2002-09-05,1.8799999952316284,1.8799999952316284,1.7860000133514404,1.7860000133514404,1.7860000133514404,1298
2002-09-06,1.9739999771118164,1.9739999771118164,1.8329999446868896,1.8799999952316284,1.8799999952316284,11872
2002-09-09,1.8329999446868896,1.8329999446868896,1.7389999628067017,1.7860000133514404,1.7860000133514404,489
2002-09-10,1.8329999446868896,1.8329999446868896,1.6920000314712524,1.6920000314712524,1.6920000314712524,3383
2002-09-11,1.7389999628067017,1.7389999628067017,1.7389999628067017,1.7389999628067017,1.7389999628067017,149
2002-09-12,1.7389999628067017,1.7389999628067017,1.5980000495910645,1.7389999628067017,1.7389999628067017,5936
2002-09-13,1.5980000495910645,1.7860000133514404,1.5980000495910645,1.6449999809265137,1.6449999809265137,5957
2002-09-16,1.6449999809265137,1.6449999809265137,1.5980000495910645,1.5980000495910645,1.5980000495910645,2085
2002-09-17,1.5980000495910645,1.5980000495910645,1.503999948501587,1.503999948501587,1.503999948501587,1638
2002-09-18,1.503999948501587,1.503999948501587,1.409999966621399,1.503999948501587,1.503999948501587,9234
2002-09-19,1.503999948501587,1.6920000314712524,1.503999948501587,1.6449999809265137,1.6449999809265137,2043
2002-09-20,1.6449999809265137,1.6449999809265137,1.6449999809265137,1.6449999809265137,1.6449999809265137,0
2002-09-23,1.8329999446868896,1.8329999446868896,1.6449999809265137,1.6449999809265137,1.6449999809265137,319
2002-09-24,1.315999984741211,1.5980000495910645,1.315999984741211,1.5980000495910645,1.5980000495910645,4468
2002-09-25,1.5509999990463257,1.6449999809265137,1.503999948501587,1.5509999990463257,1.5509999990463257,4617
2002-09-26,1.4570000171661377,1.6449999809265137,1.409999966621399,1.4570000171661377,1.4570000171661377,2660
2002-09-27,1.503999948501587,1.503999948501587,1.315999984741211,1.315999984741211,1.315999984741211,1128
2002-09-30,1.315999984741211,1.503999948501587,1.315999984741211,1.409999966621399,1.409999966621399,6277
2002-10-01,1.2690000534057617,1.4570000171661377,1.2690000534057617,1.4570000171661377,1.4570000171661377,2787
2002-10-02,1.503999948501587,1.503999948501587,1.409999966621399,1.409999966621399,1.409999966621399,468
2002-10-03,1.3630000352859497,1.6920000314712524,1.3630000352859497,1.5509999990463257,1.5509999990463257,10511
2002-10-04,1.5509999990463257,1.6920000314712524,1.409999966621399,1.409999966621399,1.409999966621399,872
2002-10-07,1.4570000171661377,1.503999948501587,1.4570000171661377,1.503999948501587,1.503999948501587,1979
2002-10-08,1.503999948501587,1.7860000133514404,1.409999966621399,1.5980000495910645,1.5980000495910645,6830
2002-10-09,1.5509999990463257,1.5980000495910645,1.1749999523162842,1.3630000352859497,1.3630000352859497,4362
2002-10-10,1.3630000352859497,1.503999948501587,1.315999984741211,1.503999948501587,1.503999948501587,9213
2002-10-11,1.409999966621399,1.503999948501587,1.2690000534057617,1.503999948501587,1.503999948501587,2745
2002-10-14,1.6449999809265137,1.7860000133514404,1.6449999809265137,1.6449999809265137,1.6449999809265137,11553
2002-10-15,1.7389999628067017,1.8799999952316284,1.6449999809265137,1.7389999628067017,1.7389999628067017,11362
2002-10-16,1.5980000495910645,1.5980000495910645,1.4570000171661377,1.5509999990463257,1.5509999990463257,6447
2002-10-17,1.7860000133514404,2.068000078201294,1.7860000133514404,2.068000078201294,2.068000078201294,11383
2002-10-18,1.5980000495910645,1.8799999952316284,1.409999966621399,1.409999966621399,1.409999966621399,11085
2002-10-21,1.3630000352859497,1.7860000133514404,1.3630000352859497,1.409999966621399,1.409999966621399,25596
2002-10-22,1.503999948501587,1.5509999990463257,1.4570000171661377,1.4570000171661377,1.4570000171661377,6745
2002-10-23,1.6449999809265137,1.7389999628067017,1.6449999809265137,1.7389999628067017,1.7389999628067017,979
2002-10-24,1.6449999809265137,1.6449999809265137,1.5980000495910645,1.6449999809265137,1.6449999809265137,2383
2002-10-25,1.6920000314712524,1.9270000457763672,1.6920000314712524,1.8799999952316284,1.8799999952316284,4191
2002-10-28,1.8329999446868896,1.8329999446868896,1.8329999446868896,1.8329999446868896,1.8329999446868896,213
2002-10-29,2.0209999084472656,2.0209999084472656,1.8329999446868896,1.8329999446868896,1.8329999446868896,2894
2002-10-30,1.8329999446868896,2.068000078201294,1.8329999446868896,2.068000078201294,2.068000078201294,7426
2002-10-31,2.068000078201294,2.1619999408721924,1.9739999771118164,2.115000009536743,2.115000009536743,18957
2002-11-01,2.115000009536743,2.2090001106262207,1.8799999952316284,2.115000009536743,2.115000009536743,8106
2002-11-04,2.1619999408721924,2.2090001106262207,1.8799999952316284,1.9270000457763672,1.9270000457763672,5170
2002-11-05,1.9739999771118164,2.115000009536743,1.9739999771118164,2.115000009536743,2.115000009536743,2957
2002-11-06,2.2090001106262207,2.2090001106262207,1.9739999771118164,2.068000078201294,2.068000078201294,2851
2002-11-07,2.068000078201294,2.2090001106262207,2.068000078201294,2.1619999408721924,2.1619999408721924,7872
2002-11-08,1.9739999771118164,2.25600004196167,1.9739999771118164,2.2090001106262207,2.2090001106262207,3809
2002-11-11,2.25600004196167,2.25600004196167,2.115000009536743,2.115000009536743,2.115000009536743,7447
2002-11-12,2.115000009536743,2.2090001106262207,1.8799999952316284,1.9739999771118164,1.9739999771118164,14894
2002-11-13,1.9270000457763672,1.9270000457763672,1.6920000314712524,1.7389999628067017,1.7389999628067017,35255
2002-11-14,1.7860000133514404,1.7860000133514404,1.6920000314712524,1.7389999628067017,1.7389999628067017,4298
2002-11-15,1.7389999628067017,1.9270000457763672,1.6449999809265137,1.8799999952316284,1.8799999952316284,7340
2002-11-18,1.8329999446868896,1.9270000457763672,1.7389999628067017,1.7860000133514404,1.7860000133514404,4149
2002-11-19,1.7860000133514404,2.0209999084472656,1.6920000314712524,1.7860000133514404,1.7860000133514404,5681
2002-11-20,1.8329999446868896,1.8329999446868896,1.6920000314712524,1.7860000133514404,1.7860000133514404,5553
2002-11-21,1.7860000133514404,1.9739999771118164,1.7389999628067017,1.9739999771118164,1.9739999771118164,7957
2002-11-22,2.0209999084472656,2.1619999408721924,2.0209999084472656,2.068000078201294,2.068000078201294,12681
2002-11-25,1.9739999771118164,2.1619999408721924,1.8799999952316284,2.1619999408721924,2.1619999408721924,5681
2002-11-26,2.1619999408721924,2.25600004196167,2.0209999084472656,2.068000078201294,2.068000078201294,10489
2002-11-27,1.9739999771118164,2.25600004196167,1.9739999771118164,2.2090001106262207,2.2090001106262207,4553
2002-11-29,1.8799999952316284,2.3499999046325684,1.8799999952316284,2.3499999046325684,2.3499999046325684,9957
2002-12-02,2.25600004196167,2.5380001068115234,2.0209999084472656,2.25600004196167,2.25600004196167,20638
2002-12-03,2.2090001106262207,2.444000005722046,2.2090001106262207,2.25600004196167,2.25600004196167,7085
2002-12-04,2.25600004196167,2.25600004196167,1.9739999771118164,2.115000009536743,2.115000009536743,4447
2002-12-05,2.0209999084472656,2.302999973297119,1.8799999952316284,2.115000009536743,2.115000009536743,2277
2002-12-06,2.1619999408721924,2.490999937057495,1.8799999952316284,2.1619999408721924,2.1619999408721924,9957
2002-12-09,1.8799999952316284,1.9739999771118164,1.7389999628067017,1.7389999628067017,1.7389999628067017,2170
2002-12-10,2.0209999084472656,2.444000005722046,1.6920000314712524,2.115000009536743,2.115000009536743,4596
2002-12-11,2.2090001106262207,2.25600004196167,1.9270000457763672,1.9270000457763672,1.9270000457763672,11809
2002-12-12,2.115000009536743,2.115000009536743,1.8329999446868896,1.8329999446868896,1.8329999446868896,18723
2002-12-13,1.7860000133514404,2.1619999408721924,1.7860000133514404,2.115000009536743,2.115000009536743,8191
2002-12-16,2.25600004196167,2.3499999046325684,1.8329999446868896,2.25600004196167,2.25600004196167,13915
2002-12-17,2.068000078201294,2.302999973297119,2.068000078201294,2.2090001106262207,2.2090001106262207,6383
2002-12-18,2.0209999084472656,2.1619999408721924,1.8799999952316284,1.9270000457763672,1.9270000457763672,9681
2002-12-19,1.9739999771118164,2.068000078201294,1.8329999446868896,2.068000078201294,2.068000078201294,2362
2002-12-20,1.9270000457763672,2.0209999084472656,1.8329999446868896,1.9270000457763672,1.9270000457763672,1936
2002-12-23,1.8799999952316284,2.302999973297119,1.7389999628067017,2.1619999408721924,2.1619999408721924,9106
2002-12-24,1.9270000457763672,2.1619999408721924,1.8329999446868896,2.1619999408721924,2.1619999408721924,2021
2002-12-26,1.9270000457763672,2.2090001106262207,1.9270000457763672,1.9270000457763672,1.9270000457763672,319
2002-12-27,1.9270000457763672,2.2090001106262207,1.8799999952316284,2.2090001106262207,2.2090001106262207,5362
2002-12-30,2.1619999408721924,2.1619999408721924,1.8799999952316284,1.9739999771118164,1.9739999771118164,2766
2002-12-31,2.068000078201294,2.3970000743865967,1.8799999952316284,1.9739999771118164,1.9739999771118164,7851
2003-01-02,1.9739999771118164,2.2090001106262207,1.8799999952316284,2.2090001106262207,2.2090001106262207,4574
2003-01-03,2.2090001106262207,2.2090001106262207,1.9270000457763672,2.1619999408721924,2.1619999408721924,5596
2003-01-06,1.9739999771118164,2.1619999408721924,1.9270000457763672,2.068000078201294,2.068000078201294,2957
2003-01-07,1.9739999771118164,2.25600004196167,1.9270000457763672,2.1619999408721924,2.1619999408721924,1936
2003-01-08,1.9270000457763672,2.3499999046325684,1.9270000457763672,2.0209999084472656,2.0209999084472656,2404
2003-01-09,2.115000009536743,2.2090001106262207,2.0209999084472656,2.0209999084472656,2.0209999084472656,1213
2003-01-10,2.2090001106262207,2.302999973297119,2.0209999084472656,2.068000078201294,2.068000078201294,4830
2003-01-13,1.9739999771118164,2.302999973297119,1.9739999771118164,2.068000078201294,2.068000078201294,6043
2003-01-14,2.2090001106262207,2.2090001106262207,2.0209999084472656,2.1619999408721924,2.1619999408721924,3936
2003-01-15,2.1619999408721924,2.1619999408721924,2.1619999408721924,2.1619999408721924,2.1619999408721924,0
2003-01-16,2.068000078201294,2.3499999046325684,1.9270000457763672,2.0209999084472656,2.0209999084472656,10191
2003-01-17,2.0209999084472656,2.0209999084472656,2.0209999084472656,2.0209999084472656,2.0209999084472656,0
2003-01-21,1.9739999771118164,2.2090001106262207,1.9270000457763672,1.9739999771118164,1.9739999771118164,4532
2003-01-22,1.9739999771118164,2.0209999084472656,1.9270000457763672,1.9739999771118164,1.9739999771118164,5894
2003-01-23,2.0209999084472656,2.068000078201294,1.6449999809265137,1.7860000133514404,1.7860000133514404,39596
2003-01-24,1.8799999952316284,1.9270000457763672,1.6920000314712524,1.7860000133514404,1.7860000133514404,8277
2003-01-27,1.8799999952316284,2.068000078201294,1.7860000133514404,1.9739999771118164,1.9739999771118164,6745
2003-01-28,1.7860000133514404,1.8799999952316284,1.7860000133514404,1.8329999446868896,1.8329999446868896,1830
2003-01-29,1.8799999952316284,2.0209999084472656,1.8799999952316284,1.8799999952316284,1.8799999952316284,2021
2003-01-30,2.0209999084472656,2.0209999084472656,1.8799999952316284,1.8799999952316284,1.8799999952316284,872
2003-01-31,1.9270000457763672,1.9270000457763672,1.9270000457763672,1.9270000457763672,1.9270000457763672,447
2003-02-03,1.8799999952316284,1.8799999952316284,1.8799999952316284,1.8799999952316284,1.8799999952316284,106
2003-02-04,1.9270000457763672,1.9270000457763672,1.7860000133514404,1.7860000133514404,1.7860000133514404,2213
2003-02-05,1.8329999446868896,1.9739999771118164,1.7860000133514404,1.9270000457763672,1.9270000457763672,6426
2003-02-06,1.9270000457763672,1.9270000457763672,1.6920000314712524,1.8799999952316284,1.8799999952316284,2170
2003-02-07,1.8799999952316284,1.8799999952316284,1.7389999628067017,1.8799999952316284,1.8799999952316284,2511
2003-02-10,1.7860000133514404,1.9739999771118164,1.7860000133514404,1.9270000457763672,1.9270000457763672,4000
2003-02-11,1.9270000457763672,2.115000009536743,1.8329999446868896,1.9739999771118164,1.9739999771118164,11511
2003-02-12,1.7860000133514404,1.9739999771118164,1.7389999628067017,1.9739999771118164,1.9739999771118164,1191
2003-02-13,1.7389999628067017,1.8799999952316284,1.6920000314712524,1.7389999628067017,1.7389999628067017,3936
2003-02-14,2.0209999084472656,2.0209999084472656,1.8329999446868896,1.9739999771118164,1.9739999771118164,1511
2003-02-18,1.7389999628067017,1.8329999446868896,1.7389999628067017,1.8329999446868896,1.8329999446868896,426
2003-02-19,2.068000078201294,2.068000078201294,1.6449999809265137,1.7860000133514404,1.7860000133514404,28191
2003-02-20,1.7860000133514404,1.8329999446868896,1.7389999628067017,1.7389999628067017,1.7389999628067017,16787
2003-02-21,1.8799999952316284,1.9739999771118164,1.7860000133514404,1.8329999446868896,1.8329999446868896,4872
2003-02-24,1.7389999628067017,1.8799999952316284,1.7389999628067017,1.8329999446868896,1.8329999446868896,1085
2003-02-25,1.9270000457763672,1.9270000457763672,1.8329999446868896,1.8799999952316284,1.8799999952316284,44702
2003-02-26,1.9739999771118164,2.0209999084472656,1.8799999952316284,2.0209999084472656,2.0209999084472656,14766
2003-02-27,1.9739999771118164,2.0209999084472656,1.8799999952316284,1.9270000457763672,1.9270000457763672,894
2003-02-28,1.8799999952316284,2.0209999084472656,1.8329999446868896,2.0209999084472656,2.0209999084472656,1766
2003-03-03,1.9270000457763672,1.9739999771118164,1.9270000457763672,1.9739999771118164,1.9739999771118164,1021
2003-03-04,1.9270000457763672,2.0209999084472656,1.8799999952316284,2.0209999084472656,2.0209999084472656,213
2003-03-05,1.9739999771118164,2.115000009536743,1.9739999771118164,1.9739999771118164,1.9739999771118164,3149
2003-03-06,1.9739999771118164,2.115000009536743,1.9739999771118164,1.9739999771118164,1.9739999771118164,2979
2003-03-07,1.9739999771118164,1.9739999771118164,1.7860000133514404,1.8799999952316284,1.8799999952316284,9660
2003-03-10,1.8799999952316284,1.8799999952316284,1.8799999952316284,1.8799999952316284,1.8799999952316284,1191
2003-03-11,1.8799999952316284,1.8799999952316284,1.8799999952316284,1.8799999952316284,1.8799999952316284,3170
2003-03-12,1.9739999771118164,1.9739999771118164,1.8799999952316284,1.9270000457763672,1.9270000457763672,2085
2003-03-13,1.9739999771118164,2.115000009536743,1.9739999771118164,2.115000009536743,2.115000009536743,1106
2003-03-14,1.9270000457763672,1.9270000457763672,1.9270000457763672,1.9270000457763672,1.9270000457763672,21
2003-03-17,1.9270000457763672,2.115000009536743,1.9270000457763672,1.9739999771118164,1.9739999771118164,2213
2003-03-18,1.9270000457763672,1.9739999771118164,1.6920000314712524,1.9270000457763672,1.9270000457763672,9489
2003-03-19,1.9270000457763672,1.9270000457763672,1.8799999952316284,1.8799999952316284,1.8799999952316284,6106
2003-03-20,1.9739999771118164,1.9739999771118164,1.8799999952316284,1.8799999952316284,1.8799999952316284,2383
2003-03-21,1.9739999771118164,2.068000078201294,1.9739999771118164,2.068000078201294,2.068000078201294,2723
2003-03-24,1.9270000457763672,2.0209999084472656,1.9270000457763672,1.9270000457763672,1.9270000457763672,1894
2003-03-25,1.9739999771118164,2.0209999084472656,1.9739999771118164,1.9739999771118164,1.9739999771118164,1979
2003-03-26,1.9739999771118164,1.9739999771118164,1.9739999771118164,1.9739999771118164,1.9739999771118164,638
2003-03-27,1.9739999771118164,1.9739999771118164,1.6449999809265137,1.9270000457763672,1.9270000457763672,3723
2003-03-28,1.9270000457763672,1.9739999771118164,1.9270000457763672,1.9739999771118164,1.9739999771118164,1596
2003-03-31,1.8799999952316284,1.8799999952316284,1.8799999952316284,1.8799999952316284,1.8799999952316284,745
2003-04-01,1.9739999771118164,1.9739999771118164,1.7389999628067017,1.8799999952316284,1.8799999952316284,8021
2003-04-02,1.9270000457763672,1.9739999771118164,1.9270000457763672,1.9739999771118164,1.9739999771118164,851
2003-04-03,1.8329999446868896,2.0209999084472656,1.7389999628067017,1.9739999771118164,1.9739999771118164,8894
2003-04-04,1.9270000457763672,1.9270000457763672,1.8799999952316284,1.8799999952316284,1.8799999952316284,1851
2003-04-07,1.8799999952316284,1.8799999952316284,1.7389999628067017,1.7389999628067017,1.7389999628067017,532
2003-04-08,1.8799999952316284,1.8799999952316284,1.8799999952316284,1.8799999952316284,1.8799999952316284,1617
2003-04-09,1.7860000133514404,1.9270000457763672,1.7860000133514404,1.9270000457763672,1.9270000457763672,1638
2003-04-10,1.8799999952316284,1.8799999952316284,1.8329999446868896,1.8329999446868896,1.8329999446868896,723
2003-04-11,1.7860000133514404,1.8799999952316284,1.6449999809265137,1.8329999446868896,1.8329999446868896,7723
2003-04-14,1.9270000457763672,1.9739999771118164,1.8799999952316284,1.8799999952316284,1.8799999952316284,1128
2003-04-15,1.5980000495910645,1.8799999952316284,1.5980000495910645,1.7860000133514404,1.7860000133514404,298
2003-04-16,1.9270000457763672,2.0209999084472656,1.8329999446868896,1.9270000457763672,1.9270000457763672,4894
2003-04-17,1.8799999952316284,1.8799999952316284,1.8329999446868896,1.8799999952316284,1.8799999952316284,4000
2003-04-21,1.8329999446868896,2.0209999084472656,1.8329999446868896,1.9270000457763672,1.9270000457763672,1021
2003-04-22,1.8799999952316284,1.9739999771118164,1.8329999446868896,1.9739999771118164,1.9739999771118164,532
2003-04-23,2.0209999084472656,2.0209999084472656,1.8329999446868896,1.9739999771118164,1.9739999771118164,1489
2003-04-24,1.9270000457763672,1.9270000457763672,1.7860000133514404,1.8799999952316284,1.8799999952316284,7298
2003-04-25,1.9270000457763672,2.0209999084472656,1.8799999952316284,2.0209999084472656,2.0209999084472656,3128
2003-04-28,1.8799999952316284,2.0209999084472656,1.8799999952316284,2.0209999084472656,2.0209999084472656,5106
2003-04-29,1.8799999952316284,2.0209999084472656,1.8799999952316284,1.9739999771118164,1.9739999771118164,532
2003-04-30,1.9270000457763672,1.9739999771118164,1.8799999952316284,1.8799999952316284,1.8799999952316284,3298
2003-05-01,1.8799999952316284,1.8799999952316284,1.8799999952316284,1.8799999952316284,1.8799999952316284,638
2003-05-02,1.8799999952316284,2.0209999084472656,1.8799999952316284,1.9739999771118164,1.9739999771118164,2213
2003-05-05,1.9739999771118164,2.302999973297119,1.8799999952316284,2.068000078201294,2.068000078201294,14191
2003-05-06,2.115000009536743,2.2090001106262207,2.068000078201294,2.068000078201294,2.068000078201294,12957
2003-05-07,2.2090001106262207,2.302999973297119,2.068000078201294,2.2090001106262207,2.2090001106262207,17191
2003-05-08,2.25600004196167,2.5850000381469727,2.25600004196167,2.444000005722046,2.444000005722046,59383
2003-05-09,2.5850000381469727,3.007999897003174,2.3499999046325684,2.867000102996826,2.867000102996826,42340
2003-05-12,2.9140000343322754,2.9140000343322754,2.444000005722046,2.631999969482422,2.631999969482422,42532
2003-05-13,2.631999969482422,2.867000102996826,2.3499999046325684,2.3499999046325684,2.3499999046325684,57617
2003-05-14,2.3499999046325684,2.444000005722046,2.115000009536743,2.1619999408721924,2.1619999408721924,19447
2003-05-15,2.25600004196167,2.3499999046325684,2.115000009536743,2.115000009536743,2.115000009536743,16787
2003-05-16,2.3499999046325684,2.3499999046325684,2.115000009536743,2.2090001106262207,2.2090001106262207,10702
2003-05-19,2.1619999408721924,2.2090001106262207,2.068000078201294,2.1619999408721924,2.1619999408721924,7383
2003-05-20,2.115000009536743,2.1619999408721924,2.0209999084472656,2.1619999408721924,2.1619999408721924,22638
2003-05-21,2.1619999408721924,2.302999973297119,2.115000009536743,2.302999973297119,2.302999973297119,57362
2003-05-22,2.2090001106262207,2.302999973297119,2.115000009536743,2.2090001106262207,2.2090001106262207,6319
2003-05-23,2.302999973297119,2.3499999046325684,2.2090001106262207,2.3499999046325684,2.3499999046325684,5596
2003-05-27,2.302999973297119,2.5850000381469727,2.302999973297119,2.490999937057495,2.490999937057495,36596
2003-05-28,2.5850000381469727,2.678999900817871,2.3970000743865967,2.5850000381469727,2.5850000381469727,11681
2003-05-29,2.678999900817871,2.678999900817871,2.444000005722046,2.444000005722046,2.444000005722046,24085
2003-05-30,2.5380001068115234,3.007999897003174,2.490999937057495,2.9140000343322754,2.9140000343322754,17979
2003-06-02,2.9609999656677246,3.055000066757202,2.7260000705718994,2.7260000705718994,2.7260000705718994,30830
2003-06-03,2.9140000343322754,3.007999897003174,2.7730000019073486,2.819999933242798,2.819999933242798,6979
2003-06-04,2.819999933242798,3.196000099182129,2.678999900817871,3.055000066757202,3.055000066757202,18574
2003-06-05,3.1019999980926514,3.4779999256134033,3.1019999980926514,3.4779999256134033,3.4779999256134033,24872
2003-06-06,3.4779999256134033,3.7130000591278076,3.243000030517578,3.243000030517578,3.243000030517578,22319
2003-06-09,3.196000099182129,3.243000030517578,2.867000102996826,3.196000099182129,3.196000099182129,17745
2003-06-10,2.9609999656677246,3.196000099182129,2.819999933242798,2.9140000343322754,2.9140000343322754,26511
2003-06-11,3.196000099182129,3.196000099182129,2.819999933242798,2.9140000343322754,2.9140000343322754,24170
2003-06-12,2.867000102996826,3.055000066757202,2.867000102996826,2.9609999656677246,2.9609999656677246,14255
2003-06-13,2.867000102996826,3.196000099182129,2.819999933242798,3.196000099182129,3.196000099182129,5553
2003-06-16,3.196000099182129,3.2899999618530273,2.867000102996826,3.1019999980926514,3.1019999980926514,4362
2003-06-17,3.1019999980926514,3.4779999256134033,3.1019999980926514,3.430999994277954,3.430999994277954,17511
2003-06-18,3.430999994277954,3.430999994277954,3.055000066757202,3.2899999618530273,3.2899999618530273,3872
2003-06-19,3.4779999256134033,3.4779999256134033,3.1489999294281006,3.243000030517578,3.243000030517578,11064
2003-06-20,3.196000099182129,3.196000099182129,2.9609999656677246,3.055000066757202,3.055000066757202,5213
2003-06-23,3.1489999294281006,3.243000030517578,3.007999897003174,3.1019999980926514,3.1019999980926514,3234
2003-06-24,3.055000066757202,3.055000066757202,2.9140000343322754,3.007999897003174,3.007999897003174,13851
2003-06-25,2.819999933242798,3.007999897003174,2.819999933242798,2.9609999656677246,2.9609999656677246,2574
2003-06-26,2.9609999656677246,2.9609999656677246,2.819999933242798,2.867000102996826,2.867000102996826,1872
2003-06-27,2.867000102996826,2.9140000343322754,2.819999933242798,2.9140000343322754,2.9140000343322754,4064
2003-06-30,2.867000102996826,3.1019999980926514,2.867000102996826,3.007999897003174,3.007999897003174,3447
2003-07-01,2.9609999656677246,3.007999897003174,2.7730000019073486,3.007999897003174,3.007999897003174,7468
2003-07-02,2.9609999656677246,3.007999897003174,2.9609999656677246,3.007999897003174,3.007999897003174,1191
2003-07-03,2.9140000343322754,3.2899999618530273,2.7730000019073486,3.2899999618530273,3.2899999618530273,86298
2003-07-07,3.2899999618530273,3.994999885559082,2.867000102996826,3.8540000915527344,3.8540000915527344,56574
2003-07-08,3.8540000915527344,4.323999881744385,3.7130000591278076,4.041999816894531,4.041999816894531,46489
2003-07-09,4.041999816894531,4.089000225067139,3.7130000591278076,3.8540000915527344,3.8540000915527344,18957
2003-07-10,3.9010000228881836,3.9010000228881836,3.759999990463257,3.759999990463257,3.759999990463257,979
2003-07-11,3.759999990463257,3.806999921798706,3.61899995803833,3.7130000591278076,3.7130000591278076,17319
2003-07-14,3.6659998893737793,3.8540000915527344,3.572000026702881,3.759999990463257,3.759999990463257,26617
2003-07-15,3.806999921798706,3.947999954223633,3.61899995803833,3.61899995803833,3.61899995803833,17447
2003-07-16,3.759999990463257,3.8540000915527344,3.5250000953674316,3.759999990463257,3.759999990463257,17638
2003-07-17,3.806999921798706,3.806999921798706,3.5250000953674316,3.5250000953674316,3.5250000953674316,4128
2003-07-18,3.7130000591278076,3.7130000591278076,3.4779999256134033,3.4779999256134033,3.4779999256134033,22021
2003-07-21,3.4779999256134033,3.759999990463257,3.430999994277954,3.5250000953674316,3.5250000953674316,6851
2003-07-22,3.5250000953674316,3.61899995803833,3.430999994277954,3.5250000953674316,3.5250000953674316,5511
2003-07-23,3.4779999256134033,3.994999885559082,3.430999994277954,3.8540000915527344,3.8540000915527344,17319
2003-07-24,3.994999885559082,4.230000019073486,3.6659998893737793,3.947999954223633,3.947999954223633,19851
2003-07-25,3.6659998893737793,4.418000221252441,3.6659998893737793,4.418000221252441,4.418000221252441,17532
2003-07-28,4.370999813079834,4.465000152587891,4.230000019073486,4.418000221252441,4.418000221252441,24426
2003-07-29,4.465000152587891,4.794000148773193,4.230000019073486,4.794000148773193,4.794000148773193,37809
2003-07-30,4.841000080108643,5.686999797821045,4.51200008392334,5.686999797821045,5.686999797821045,82298
2003-07-31,5.686999797821045,5.686999797821045,4.794000148773193,5.639999866485596,5.639999866485596,56872
2003-08-01,5.452000141143799,5.452000141143799,5.076000213623047,5.310999870300293,5.310999870300293,25574
2003-08-04,5.452000141143799,5.546000003814697,4.98199987411499,5.263999938964844,5.263999938964844,14340
2003-08-05,5.2170000076293945,5.263999938964844,4.98199987411499,5.076000213623047,5.076000213623047,17277
2003-08-06,4.934999942779541,5.2170000076293945,4.934999942779541,5.0289998054504395,5.0289998054504395,14574
2003-08-07,5.170000076293945,5.357999801635742,5.170000076293945,5.357999801635742,5.357999801635742,10851
2003-08-08,5.499000072479248,5.5929999351501465,5.2170000076293945,5.546000003814697,5.546000003814697,25106
2003-08-11,5.639999866485596,5.686999797821045,5.40500020980835,5.546000003814697,5.546000003814697,9511
2003-08-12,5.499000072479248,5.546000003814697,5.310999870300293,5.452000141143799,5.452000141143799,13298
2003-08-13,5.499000072479248,5.546000003814697,5.40500020980835,5.499000072479248,5.499000072479248,18574
2003-08-14,5.921999931335449,7.519999980926514,5.781000137329102,7.002999782562256,7.002999782562256,464787
2003-08-15,7.284999847412109,8.272000312805176,6.861999988555908,7.613999843597412,7.613999843597412,191766
2003-08-18,7.708000183105469,8.225000381469727,7.144000053405762,7.660999774932861,7.660999774932861,133638
2003-08-19,7.426000118255615,7.660999774932861,6.673999786376953,7.050000190734863,7.050000190734863,80128
2003-08-20,7.002999782562256,7.050000190734863,6.5329999923706055,6.673999786376953,6.673999786376953,58681
2003-08-21,6.486000061035156,7.660999774932861,6.392000198364258,7.519999980926514,7.519999980926514,84404
2003-08-22,7.708000183105469,8.083999633789062,7.0970001220703125,7.519999980926514,7.519999980926514,55745
2003-08-25,7.708000183105469,7.755000114440918,7.23799991607666,7.519999980926514,7.519999980926514,38319
2003-08-26,7.23799991607666,7.331999778747559,7.002999782562256,7.284999847412109,7.284999847412109,15915
2003-08-27,7.284999847412109,7.331999778747559,6.815000057220459,6.955999851226807,6.955999851226807,37723
2003-08-28,6.861999988555908,6.908999919891357,6.250999927520752,6.392000198364258,6.392000198364258,67277
2003-08-29,6.392000198364258,6.76800012588501,6.34499979019165,6.673999786376953,6.673999786376953,55681
2003-09-02,6.815000057220459,7.144000053405762,6.392000198364258,6.815000057220459,6.815000057220459,35532
2003-09-03,6.861999988555908,6.861999988555908,6.34499979019165,6.34499979019165,6.34499979019165,70872
2003-09-04,6.34499979019165,7.002999782562256,6.34499979019165,6.955999851226807,6.955999851226807,51298
2003-09-05,7.050000190734863,7.708000183105469,6.955999851226807,7.23799991607666,7.23799991607666,78085
2003-09-08,7.379000186920166,10.057999610900879,7.331999778747559,9.869999885559082,9.869999885559082,551979
2003-09-09,10.762999534606934,11.890999794006348,9.446999549865723,10.057999610900879,10.057999610900879,543872
2003-09-10,10.104999542236328,10.104999542236328,8.930000305175781,9.494000434875488,9.494000434875488,142191
2003-09-11,9.729000091552734,10.762999534606934,9.118000030517578,10.246000289916992,10.246000289916992,86426
2003-09-12,10.574999809265137,11.468000411987305,10.104999542236328,10.998000144958496,10.998000144958496,93702
2003-09-15,11.092000007629395,11.609000205993652,10.01099967956543,10.668999671936035,10.668999671936035,98085
2003-09-16,11.232999801635742,13.442000389099121,10.574999809265137,12.501999855041504,12.501999855041504,299681
2003-09-17,12.548999786376953,13.395000457763672,12.314000129699707,12.501999855041504,12.501999855041504,212553
2003-09-18,12.501999855041504,12.831000328063965,11.37399959564209,11.984999656677246,11.984999656677246,143872
2003-09-19,11.984999656677246,12.548999786376953,11.279999732971191,11.609000205993652,11.609000205993652,63809
2003-09-22,11.37399959564209,11.515000343322754,10.621999740600586,10.715999603271484,10.715999603271484,93830
2003-09-23,10.857000350952148,11.843999862670898,10.8100004196167,11.609000205993652,11.609000205993652,88085
2003-09-24,11.75,12.079000473022461,10.904000282287598,11.515000343322754,11.515000343322754,51170
2003-09-25,11.515000343322754,11.515000343322754,10.104999542236328,10.762999534606934,10.762999534606934,71404
2003-09-26,10.715999603271484,11.232999801635742,10.104999542236328,10.152000427246094,10.152000427246094,50872
2003-09-29,10.246000289916992,10.904000282287598,10.199000358581543,10.715999603271484,10.715999603271484,56000
2003-09-30,10.715999603271484,10.715999603271484,9.494000434875488,10.057999610900879,10.057999610900879,49191
2003-10-01,9.916999816894531,11.138999938964844,9.916999816894531,10.904000282287598,10.904000282287598,66851
2003-10-02,11.138999938964844,11.232999801635742,10.293000221252441,10.434000015258789,10.434000015258789,49553
2003-10-03,10.574999809265137,11.092000007629395,9.916999816894531,10.01099967956543,10.01099967956543,69255
2003-10-06,10.01099967956543,10.480999946594238,10.01099967956543,10.38700008392334,10.38700008392334,32468
2003-10-07,10.434000015258789,11.138999938964844,10.152000427246094,10.621999740600586,10.621999740600586,62383
2003-10-08,10.668999671936035,11.185999870300293,10.574999809265137,10.8100004196167,10.8100004196167,41106
2003-10-09,10.951000213623047,13.15999984741211,10.951000213623047,13.065999984741211,13.065999984741211,336170
2003-10-10,13.15999984741211,14.758000373840332,13.15999984741211,14.100000381469727,14.100000381469727,263681
2003-10-13,14.758000373840332,15.274999618530273,14.147000312805176,14.52299976348877,14.52299976348877,107745
2003-10-14,14.569999694824219,14.569999694824219,13.347999572753906,13.630000114440918,13.630000114440918,93787
2003-10-15,13.630000114440918,14.053000450134277,12.642999649047852,12.737000465393066,12.737000465393066,64340
2003-10-16,12.784000396728516,13.864999771118164,12.501999855041504,13.583000183105469,13.583000183105469,47809
2003-10-17,13.677000045776367,14.053000450134277,12.6899995803833,12.925000190734863,12.925000190734863,44213
2003-10-20,12.6899995803833,13.253999710083008,12.642999649047852,13.11299991607666,13.11299991607666,38064
2003-10-21,13.15999984741211,13.864999771118164,13.15999984741211,13.53600025177002,13.53600025177002,47766
2003-10-22,13.677000045776367,13.677000045776367,12.6899995803833,12.925000190734863,12.925000190734863,35106
2003-10-23,11.562000274658203,12.314000129699707,11.092000007629395,11.279999732971191,11.279999732971191,146362
2003-10-24,11.185999870300293,11.70300006866455,10.574999809265137,10.951000213623047,10.951000213623047,92511
2003-10-27,10.951000213623047,12.454999923706055,10.951000213623047,12.031999588012695,12.031999588012695,95745
2003-10-28,12.079000473022461,12.548999786376953,11.75,11.79699993133545,11.79699993133545,30255
2003-10-29,11.843999862670898,11.843999862670898,10.951000213623047,11.279999732971191,11.279999732971191,85468
2003-10-30,11.37399959564209,11.656000137329102,10.715999603271484,11.185999870300293,11.185999870300293,68617
2003-10-31,10.857000350952148,12.737000465393066,10.857000350952148,12.6899995803833,12.6899995803833,113277
2003-11-03,12.737000465393066,13.48900032043457,11.843999862670898,12.595999717712402,12.595999717712402,111830
2003-11-04,12.501999855041504,12.501999855041504,11.279999732971191,11.656000137329102,11.656000137329102,76553
2003-11-05,11.79699993133545,11.984999656677246,11.468000411987305,11.984999656677246,11.984999656677246,72340
2003-11-06,11.75,11.75,11.279999732971191,11.37399959564209,11.37399959564209,37170
2003-11-07,11.609000205993652,11.75,11.279999732971191,11.75,11.75,50000
2003-11-10,11.092000007629395,11.609000205993652,10.762999534606934,11.138999938964844,11.138999938964844,156957
2003-11-11,10.104999542236328,10.104999542236328,8.366000175476074,8.506999969482422,8.506999969482422,395298
2003-11-12,8.130999565124512,8.883000373840332,7.566999912261963,8.319000244140625,8.319000244140625,324085
2003-11-13,8.225000381469727,8.319000244140625,7.895999908447266,8.036999702453613,8.036999702453613,84915
2003-11-14,7.895999908447266,8.460000038146973,7.566999912261963,7.848999977111816,7.848999977111816,99426
2003-11-17,7.755000114440918,7.942999839782715,7.144000053405762,7.660999774932861,7.660999774932861,77957
2003-11-18,7.848999977111816,8.083999633789062,7.379000186920166,7.660999774932861,7.660999774932861,41830
2003-11-19,7.660999774932861,7.802000045776367,7.050000190734863,7.4730000495910645,7.4730000495910645,56404
2003-11-20,7.050000190734863,7.613999843597412,6.439000129699707,7.519999980926514,7.519999980926514,38489
2003-11-21,7.613999843597412,7.613999843597412,6.815000057220459,7.050000190734863,7.050000190734863,21255
2003-11-24,7.426000118255615,7.519999980926514,6.861999988555908,7.0970001220703125,7.0970001220703125,45957
2003-11-25,7.379000186920166,8.178000450134277,7.002999782562256,8.083999633789062,8.083999633789062,82702
2003-11-26,8.178000450134277,8.319000244140625,7.284999847412109,7.331999778747559,7.331999778747559,82340
2003-11-28,7.379000186920166,7.660999774932861,7.050000190734863,7.426000118255615,7.426000118255615,38723
2003-12-01,7.519999980926514,8.225000381469727,7.4730000495910645,8.225000381469727,8.225000381469727,50617
2003-12-02,7.613999843597412,8.083999633789062,7.566999912261963,7.660999774932861,7.660999774932861,37468
2003-12-03,7.660999774932861,7.989999771118164,7.566999912261963,7.802000045776367,7.802000045776367,26596
2003-12-04,7.848999977111816,7.989999771118164,7.331999778747559,7.4730000495910645,7.4730000495910645,15106
2003-12-05,7.519999980926514,7.708000183105469,7.144000053405762,7.190999984741211,7.190999984741211,20638
2003-12-08,7.23799991607666,7.4730000495910645,6.908999919891357,7.0970001220703125,7.0970001220703125,54149
2003-12-09,7.284999847412109,7.426000118255615,6.908999919891357,7.0970001220703125,7.0970001220703125,47043
2003-12-10,7.0970001220703125,7.0970001220703125,6.626999855041504,6.673999786376953,6.673999786376953,36489
2003-12-11,6.673999786376953,6.955999851226807,6.486000061035156,6.486000061035156,6.486000061035156,40447
2003-12-12,6.439000129699707,7.002999782562256,6.439000129699707,6.955999851226807,6.955999851226807,49447
2003-12-15,7.002999782562256,7.284999847412109,6.673999786376953,6.673999786376953,6.673999786376953,47319
2003-12-16,6.815000057220459,6.861999988555908,6.439000129699707,6.673999786376953,6.673999786376953,43681
2003-12-17,6.486000061035156,6.76800012588501,6.486000061035156,6.626999855041504,6.626999855041504,16489
2003-12-18,6.815000057220459,7.0970001220703125,6.579999923706055,6.815000057220459,6.815000057220459,53447
2003-12-19,6.673999786376953,7.002999782562256,6.579999923706055,6.76800012588501,6.76800012588501,32489
2003-12-22,6.673999786376953,6.861999988555908,6.486000061035156,6.5329999923706055,6.5329999923706055,42128
2003-12-23,6.486000061035156,6.815000057220459,6.439000129699707,6.7210001945495605,6.7210001945495605,26957
2003-12-24,6.579999923706055,6.815000057220459,6.5329999923706055,6.673999786376953,6.673999786376953,27681
2003-12-26,7.050000190734863,7.050000190734863,6.579999923706055,6.7210001945495605,6.7210001945495605,25851
2003-12-29,6.76800012588501,6.861999988555908,6.486000061035156,6.673999786376953,6.673999786376953,56894
2003-12-30,6.626999855041504,6.955999851226807,6.486000061035156,6.815000057220459,6.815000057220459,45617
2003-12-31,6.815000057220459,8.036999702453613,6.815000057220459,7.519999980926514,7.519999980926514,129340
2004-01-02,7.895999908447266,8.60099983215332,7.566999912261963,8.225000381469727,8.225000381469727,116809
2004-01-05,8.741999626159668,8.930000305175781,8.130999565124512,8.225000381469727,8.225000381469727,90979
2004-01-06,8.225000381469727,9.258999824523926,8.225000381469727,9.258999824523926,9.258999824523926,61936
2004-01-07,9.258999824523926,9.258999824523926,8.64799976348877,8.741999626159668,8.741999626159668,49021
2004-01-08,9.211999893188477,9.211999893188477,8.272000312805176,8.60099983215332,8.60099983215332,41085
2004-01-09,8.319000244140625,8.694999694824219,8.272000312805176,8.506999969482422,8.506999969482422,41915
2004-01-12,8.366000175476074,8.60099983215332,7.566999912261963,8.036999702453613,8.036999702453613,40596
2004-01-13,7.895999908447266,8.883000373840332,7.660999774932861,8.60099983215332,8.60099983215332,47106
2004-01-14,8.930000305175781,8.930000305175781,8.460000038146973,8.836000442504883,8.836000442504883,31404
2004-01-15,8.506999969482422,9.02400016784668,8.178000450134277,8.930000305175781,8.930000305175781,20532
2004-01-16,8.930000305175781,9.682000160217285,8.836000442504883,9.02400016784668,9.02400016784668,90383
2004-01-20,9.399999618530273,9.399999618530273,8.883000373840332,9.02400016784668,9.02400016784668,43745
2004-01-21,8.930000305175781,9.258999824523926,8.930000305175781,9.02400016784668,9.02400016784668,17255
2004-01-22,8.836000442504883,9.211999893188477,8.836000442504883,8.930000305175781,8.930000305175781,25553
2004-01-23,9.211999893188477,9.258999824523926,8.930000305175781,9.071000099182129,9.071000099182129,70532
2004-01-26,9.305999755859375,9.352999687194824,8.97700023651123,8.97700023651123,8.97700023651123,21574
2004-01-27,8.97700023651123,9.916999816894531,8.97700023651123,9.399999618530273,9.399999618530273,126213
2004-01-28,9.494000434875488,10.104999542236328,9.305999755859375,9.399999618530273,9.399999618530273,95298
2004-01-29,9.446999549865723,10.01099967956543,9.02400016784668,9.352999687194824,9.352999687194824,61745
2004-01-30,8.883000373840332,9.541000366210938,8.506999969482422,8.836000442504883,8.836000442504883,53362
2004-02-02,8.788999557495117,8.883000373840332,8.272000312805176,8.836000442504883,8.836000442504883,35553
2004-02-03,8.553999900817871,8.64799976348877,8.272000312805176,8.553999900817871,8.553999900817871,25745
2004-02-04,8.272000312805176,8.460000038146973,7.989999771118164,8.366000175476074,8.366000175476074,27936
2004-02-05,8.225000381469727,9.02400016784668,8.083999633789062,8.694999694824219,8.694999694824219,31021
2004-02-06,8.64799976348877,9.02400016784668,8.460000038146973,8.883000373840332,8.883000373840332,11851
2004-02-09,8.930000305175781,9.588000297546387,8.836000442504883,9.118000030517578,9.118000030517578,48234
2004-02-10,9.118000030517578,9.494000434875488,9.02400016784668,9.02400016784668,9.02400016784668,19894
2004-02-11,8.97700023651123,9.164999961853027,8.225000381469727,9.164999961853027,9.164999961853027,24809
2004-02-12,9.164999961853027,9.494000434875488,8.930000305175781,9.399999618530273,9.399999618530273,21340
2004-02-13,9.399999618530273,9.399999618530273,8.930000305175781,9.258999824523926,9.258999824523926,15957
2004-02-17,9.352999687194824,9.352999687194824,9.164999961853027,9.164999961853027,9.164999961853027,20447
2004-02-18,9.164999961853027,9.258999824523926,8.883000373840332,9.071000099182129,9.071000099182129,18021
2004-02-19,9.211999893188477,9.211999893188477,8.272000312805176,8.319000244140625,8.319000244140625,33128
2004-02-20,8.225000381469727,8.553999900817871,7.942999839782715,8.366000175476074,8.366000175476074,19617
2004-02-23,7.989999771118164,8.930000305175781,7.989999771118164,8.694999694824219,8.694999694824219,43191
2004-02-24,8.741999626159668,8.788999557495117,7.4730000495910645,8.319000244140625,8.319000244140625,79511
2004-02-25,8.506999969482422,8.741999626159668,7.802000045776367,8.319000244140625,8.319000244140625,28830
2004-02-26,8.460000038146973,8.506999969482422,7.989999771118164,8.460000038146973,8.460000038146973,7723
2004-02-27,8.64799976348877,8.64799976348877,8.083999633789062,8.319000244140625,8.319000244140625,7830
2004-03-01,7.989999771118164,8.506999969482422,7.989999771118164,8.178000450134277,8.178000450134277,8426
2004-03-02,8.225000381469727,8.413000106811523,8.083999633789062,8.178000450134277,8.178000450134277,15936
2004-03-03,8.272000312805176,8.366000175476074,8.036999702453613,8.366000175476074,8.366000175476074,11553
2004-03-04,8.366000175476074,8.883000373840332,7.989999771118164,8.64799976348877,8.64799976348877,32851
2004-03-05,8.694999694824219,8.97700023651123,8.460000038146973,8.741999626159668,8.741999626159668,24638
2004-03-08,8.836000442504883,9.071000099182129,8.460000038146973,8.60099983215332,8.60099983215332,12255
2004-03-09,8.460000038146973,8.506999969482422,8.225000381469727,8.413000106811523,8.413000106811523,11681
2004-03-10,8.460000038146973,8.460000038146973,7.989999771118164,8.036999702453613,8.036999702453613,27447
2004-03-11,7.755000114440918,7.989999771118164,7.660999774932861,7.755000114440918,7.755000114440918,19872
2004-03-12,7.895999908447266,8.083999633789062,7.708000183105469,8.036999702453613,8.036999702453613,6298
2004-03-15,8.178000450134277,8.178000450134277,7.708000183105469,7.848999977111816,7.848999977111816,6085
2004-03-16,7.708000183105469,8.083999633789062,7.708000183105469,7.848999977111816,7.848999977111816,7277
2004-03-17,7.755000114440918,8.553999900817871,7.708000183105469,8.272000312805176,8.272000312805176,21404
2004-03-18,8.225000381469727,8.460000038146973,8.225000381469727,8.225000381469727,8.225000381469727,10894
2004-03-19,8.225000381469727,8.225000381469727,7.895999908447266,7.989999771118164,7.989999771118164,12021
2004-03-22,7.942999839782715,8.083999633789062,7.755000114440918,8.083999633789062,8.083999633789062,15574
2004-03-23,7.942999839782715,8.130999565124512,7.802000045776367,8.130999565124512,8.130999565124512,7638
2004-03-24,8.225000381469727,8.225000381469727,7.755000114440918,7.989999771118164,7.989999771118164,11660
2004-03-25,8.083999633789062,8.083999633789062,7.708000183105469,7.802000045776367,7.802000045776367,9574
2004-03-26,7.613999843597412,8.225000381469727,7.613999843597412,7.895999908447266,7.895999908447266,17596
2004-03-29,7.942999839782715,8.083999633789062,7.519999980926514,7.566999912261963,7.566999912261963,34723
2004-03-30,7.942999839782715,8.083999633789062,7.613999843597412,7.942999839782715,7.942999839782715,8213
2004-03-31,8.036999702453613,8.225000381469727,7.942999839782715,8.178000450134277,8.178000450134277,16915
2004-04-01,8.225000381469727,8.319000244140625,7.848999977111816,7.989999771118164,7.989999771118164,14426
2004-04-02,8.036999702453613,8.64799976348877,8.036999702453613,8.506999969482422,8.506999969482422,25702
2004-04-05,8.506999969482422,8.60099983215332,7.989999771118164,8.319000244140625,8.319000244140625,13255
2004-04-06,7.989999771118164,8.366000175476074,7.895999908447266,8.178000450134277,8.178000450134277,7872
2004-04-07,8.225000381469727,8.225000381469727,7.802000045776367,7.989999771118164,7.989999771118164,8851
2004-04-08,7.942999839782715,7.942999839782715,7.660999774932861,7.802000045776367,7.802000045776367,26809
2004-04-12,7.660999774932861,7.848999977111816,7.613999843597412,7.755000114440918,7.755000114440918,21043
2004-04-13,7.848999977111816,7.942999839782715,7.519999980926514,7.895999908447266,7.895999908447266,33085
2004-04-14,7.660999774932861,8.225000381469727,7.566999912261963,7.942999839782715,7.942999839782715,38915
2004-04-15,7.989999771118164,7.989999771118164,7.613999843597412,7.989999771118164,7.989999771118164,37255
2004-04-16,7.755000114440918,7.895999908447266,7.708000183105469,7.755000114440918,7.755000114440918,13809
2004-04-19,7.802000045776367,7.942999839782715,7.660999774932861,7.755000114440918,7.755000114440918,13319
2004-04-20,7.4730000495910645,8.036999702453613,7.426000118255615,7.613999843597412,7.613999843597412,21617
2004-04-21,7.660999774932861,7.942999839782715,7.426000118255615,7.613999843597412,7.613999843597412,17936
2004-04-22,7.519999980926514,7.895999908447266,7.426000118255615,7.613999843597412,7.613999843597412,12128
2004-04-23,7.660999774932861,7.802000045776367,7.519999980926514,7.708000183105469,7.708000183105469,4872
2004-04-26,7.848999977111816,7.942999839782715,7.519999980926514,7.660999774932861,7.660999774932861,13277
2004-04-27,7.566999912261963,7.708000183105469,7.426000118255615,7.708000183105469,7.708000183105469,7085
2004-04-28,7.613999843597412,7.708000183105469,7.426000118255615,7.708000183105469,7.708000183105469,5383
2004-04-29,7.4730000495910645,7.660999774932861,7.284999847412109,7.426000118255615,7.426000118255615,26191
2004-04-30,7.4730000495910645,7.4730000495910645,6.908999919891357,6.955999851226807,6.955999851226807,25681
2004-05-03,6.861999988555908,7.144000053405762,6.815000057220459,7.002999782562256,7.002999782562256,20660
2004-05-04,6.815000057220459,7.190999984741211,6.579999923706055,7.050000190734863,7.050000190734863,13404
2004-05-05,7.002999782562256,7.331999778747559,6.5329999923706055,6.955999851226807,6.955999851226807,32787
2004-05-06,7.050000190734863,7.050000190734863,6.392000198364258,6.955999851226807,6.955999851226807,20553
2004-05-07,6.626999855041504,6.908999919891357,6.439000129699707,6.76800012588501,6.76800012588501,10681
2004-05-10,6.76800012588501,6.908999919891357,6.110000133514404,6.626999855041504,6.626999855041504,14851
2004-05-11,6.76800012588501,7.190999984741211,6.76800012588501,7.050000190734863,7.050000190734863,23489
2004-05-12,7.050000190734863,7.23799991607666,6.76800012588501,6.815000057220459,6.815000057220459,9362
2004-05-13,6.7210001945495605,7.23799991607666,6.7210001945495605,6.861999988555908,6.861999988555908,10872
2004-05-14,6.861999988555908,7.144000053405762,6.579999923706055,7.144000053405762,7.144000053405762,3043
2004-05-17,6.7210001945495605,6.955999851226807,6.579999923706055,6.815000057220459,6.815000057220459,10468
2004-05-18,6.579999923706055,6.861999988555908,6.579999923706055,6.861999988555908,6.861999988555908,3106
2004-05-19,6.76800012588501,7.23799991607666,6.76800012588501,6.815000057220459,6.815000057220459,6362
2004-05-20,6.7210001945495605,7.0970001220703125,6.7210001945495605,6.955999851226807,6.955999851226807,4043
2004-05-21,6.815000057220459,7.144000053405762,6.815000057220459,6.861999988555908,6.861999988555908,4617
2004-05-24,6.815000057220459,7.144000053405762,6.815000057220459,6.815000057220459,6.815000057220459,14298
2004-05-25,7.144000053405762,7.426000118255615,6.7210001945495605,7.0970001220703125,7.0970001220703125,14894
2004-05-26,6.815000057220459,8.225000381469727,6.673999786376953,7.755000114440918,7.755000114440918,31170
2004-05-27,7.755000114440918,8.130999565124512,7.708000183105469,7.755000114440918,7.755000114440918,16191
2004-05-28,8.083999633789062,8.178000450134277,7.848999977111816,8.036999702453613,8.036999702453613,15936
2004-06-01,7.989999771118164,8.366000175476074,7.708000183105469,8.225000381469727,8.225000381469727,18319
2004-06-02,7.989999771118164,8.366000175476074,7.755000114440918,8.272000312805176,8.272000312805176,10213
2004-06-03,8.225000381469727,8.319000244140625,7.989999771118164,8.225000381469727,8.225000381469727,12043
2004-06-04,8.460000038146973,8.60099983215332,8.036999702453613,8.319000244140625,8.319000244140625,15830
2004-06-07,8.413000106811523,8.60099983215332,8.413000106811523,8.506999969482422,8.506999969482422,6830
2004-06-08,8.64799976348877,8.64799976348877,7.848999977111816,8.225000381469727,8.225000381469727,15723
2004-06-09,8.319000244140625,8.319000244140625,8.083999633789062,8.225000381469727,8.225000381469727,3766
2004-06-10,8.64799976348877,8.694999694824219,8.178000450134277,8.413000106811523,8.413000106811523,8319
2004-06-14,8.319000244140625,8.413000106811523,7.802000045776367,8.272000312805176,8.272000312805176,7638
2004-06-15,7.613999843597412,8.506999969482422,7.613999843597412,8.319000244140625,8.319000244140625,16064
2004-06-16,8.272000312805176,8.64799976348877,8.036999702453613,8.506999969482422,8.506999969482422,7043
2004-06-17,8.366000175476074,8.460000038146973,8.130999565124512,8.319000244140625,8.319000244140625,7340
2004-06-18,8.178000450134277,8.319000244140625,7.989999771118164,7.989999771118164,7.989999771118164,7894
2004-06-21,7.989999771118164,8.130999565124512,7.895999908447266,8.083999633789062,8.083999633789062,5745
2004-06-22,8.460000038146973,8.460000038146973,7.802000045776367,8.225000381469727,8.225000381469727,14745
2004-06-23,7.942999839782715,8.036999702453613,7.660999774932861,7.802000045776367,7.802000045776367,12106
2004-06-24,8.178000450134277,8.178000450134277,7.660999774932861,7.942999839782715,7.942999839782715,4872
2004-06-25,7.989999771118164,8.225000381469727,7.660999774932861,7.660999774932861,7.660999774932861,9319
2004-06-28,7.613999843597412,7.942999839782715,7.613999843597412,7.942999839782715,7.942999839782715,4128
2004-06-29,7.802000045776367,7.942999839782715,7.708000183105469,7.802000045776367,7.802000045776367,6106
2004-06-30,7.708000183105469,7.942999839782715,7.613999843597412,7.848999977111816,7.848999977111816,6085
2004-07-01,7.708000183105469,7.802000045776367,7.613999843597412,7.755000114440918,7.755000114440918,1830
2004-07-02,7.755000114440918,7.848999977111816,7.613999843597412,7.848999977111816,7.848999977111816,3340
2004-07-06,7.613999843597412,7.660999774932861,7.23799991607666,7.519999980926514,7.519999980926514,6979
2004-07-07,7.284999847412109,7.708000183105469,7.284999847412109,7.519999980926514,7.519999980926514,7851
2004-07-08,7.284999847412109,7.519999980926514,7.0970001220703125,7.190999984741211,7.190999984741211,7957
2004-07-09,7.4730000495910645,7.519999980926514,7.050000190734863,7.4730000495910645,7.4730000495910645,9511
2004-07-12,7.0970001220703125,7.942999839782715,7.0970001220703125,7.708000183105469,7.708000183105469,15383
2004-07-13,7.708000183105469,7.895999908447266,7.379000186920166,7.4730000495910645,7.4730000495910645,11234
2004-07-14,7.426000118255615,7.660999774932861,7.190999984741211,7.613999843597412,7.613999843597412,7574
2004-07-15,7.848999977111816,7.848999977111816,7.284999847412109,7.519999980926514,7.519999980926514,5957
2004-07-16,7.0970001220703125,7.566999912261963,7.050000190734863,7.050000190734863,7.050000190734863,9979
2004-07-19,7.144000053405762,7.284999847412109,5.875,6.76800012588501,6.76800012588501,17702
2004-07-20,6.76800012588501,7.379000186920166,6.76800012588501,7.190999984741211,7.190999984741211,9404
2004-07-21,6.908999919891357,7.4730000495910645,6.908999919891357,7.331999778747559,7.331999778747559,13043
2004-07-22,7.002999782562256,7.426000118255615,7.002999782562256,7.379000186920166,7.379000186920166,1511
2004-07-23,7.050000190734863,7.379000186920166,6.203999996185303,7.379000186920166,7.379000186920166,6766
2004-07-26,7.379000186920166,7.379000186920166,6.297999858856201,6.5329999923706055,6.5329999923706055,38064
2004-07-27,6.250999927520752,6.626999855041504,6.250999927520752,6.392000198364258,6.392000198364258,9553
2004-07-28,6.579999923706055,6.626999855041504,6.392000198364258,6.486000061035156,6.486000061035156,7191
2004-07-29,6.579999923706055,6.673999786376953,6.34499979019165,6.626999855041504,6.626999855041504,12723
2004-07-30,6.626999855041504,6.673999786376953,6.34499979019165,6.626999855041504,6.626999855041504,5085
2004-08-02,6.7210001945495605,6.7210001945495605,6.297999858856201,6.626999855041504,6.626999855041504,9043
2004-08-03,6.392000198364258,6.486000061035156,6.34499979019165,6.439000129699707,6.439000129699707,6660
2004-08-04,6.486000061035156,6.486000061035156,6.110000133514404,6.297999858856201,6.297999858856201,23660
2004-08-05,6.5329999923706055,6.908999919891357,6.34499979019165,6.392000198364258,6.392000198364258,6340
2004-08-06,6.297999858856201,6.439000129699707,6.110000133514404,6.250999927520752,6.250999927520752,8872
2004-08-09,6.110000133514404,6.439000129699707,6.110000133514404,6.297999858856201,6.297999858856201,5170
2004-08-10,6.439000129699707,6.815000057220459,6.392000198364258,6.579999923706055,6.579999923706055,3617
2004-08-11,6.34499979019165,6.815000057220459,6.34499979019165,6.626999855041504,6.626999855041504,5511
2004-08-12,6.1570000648498535,6.7210001945495605,6.110000133514404,6.486000061035156,6.486000061035156,14106
2004-08-13,6.5329999923706055,6.76800012588501,6.392000198364258,6.579999923706055,6.579999923706055,3532
2004-08-16,7.23799991607666,7.519999980926514,6.34499979019165,6.861999988555908,6.861999988555908,35830
2004-08-17,7.050000190734863,7.23799991607666,6.7210001945495605,6.861999988555908,6.861999988555908,14638
2004-08-18,6.7210001945495605,7.050000190734863,6.673999786376953,6.955999851226807,6.955999851226807,5596
2004-08-19,6.861999988555908,7.002999782562256,6.5329999923706055,6.7210001945495605,6.7210001945495605,15404
2004-08-20,6.250999927520752,7.0970001220703125,6.250999927520752,6.815000057220459,6.815000057220459,15213
2004-08-23,6.76800012588501,6.76800012588501,6.392000198364258,6.5329999923706055,6.5329999923706055,12872
2004-08-24,6.34499979019165,6.5329999923706055,6.063000202178955,6.110000133514404,6.110000133514404,24085
2004-08-25,6.297999858856201,6.297999858856201,6.063000202178955,6.110000133514404,6.110000133514404,9340
2004-08-26,6.015999794006348,6.110000133514404,5.734000205993652,5.921999931335449,5.921999931335449,9596
2004-08-27,5.639999866485596,6.110000133514404,5.639999866485596,6.015999794006348,6.015999794006348,8106
2004-08-30,7.050000190734863,7.426000118255615,6.7210001945495605,7.050000190734863,7.050000190734863,123532
2004-08-31,7.379000186920166,7.613999843597412,6.861999988555908,7.050000190734863,7.050000190734863,39234
2004-09-01,7.002999782562256,7.566999912261963,6.76800012588501,7.050000190734863,7.050000190734863,15809
2004-09-02,7.284999847412109,7.284999847412109,6.815000057220459,7.0970001220703125,7.0970001220703125,15404
2004-09-03,7.144000053405762,7.190999984741211,7.002999782562256,7.144000053405762,7.144000053405762,5255
2004-09-07,7.4730000495910645,7.4730000495910645,7.0970001220703125,7.284999847412109,7.284999847412109,5340
2004-09-08,7.0970001220703125,7.426000118255615,7.050000190734863,7.144000053405762,7.144000053405762,8596
2004-09-09,7.379000186920166,7.379000186920166,7.0970001220703125,7.23799991607666,7.23799991607666,3404
2004-09-10,7.190999984741211,7.23799991607666,6.908999919891357,7.190999984741211,7.190999984741211,10064
2004-09-13,7.144000053405762,7.284999847412109,6.955999851226807,7.0970001220703125,7.0970001220703125,19447
2004-09-14,7.23799991607666,7.23799991607666,6.908999919891357,7.190999984741211,7.190999984741211,5000
2004-09-15,7.0970001220703125,7.0970001220703125,6.861999988555908,7.050000190734863,7.050000190734863,6149
2004-09-16,6.861999988555908,7.23799991607666,6.815000057220459,7.23799991607666,7.23799991607666,9532
2004-09-17,7.0970001220703125,7.23799991607666,6.908999919891357,7.144000053405762,7.144000053405762,11277
2004-09-20,7.144000053405762,7.190999984741211,6.861999988555908,7.190999984741211,7.190999984741211,5468
2004-09-21,7.144000053405762,7.23799991607666,6.908999919891357,7.0970001220703125,7.0970001220703125,9170
2004-09-22,7.002999782562256,7.050000190734863,6.861999988555908,7.050000190734863,7.050000190734863,6213
2004-09-23,6.815000057220459,7.050000190734863,6.815000057220459,7.050000190734863,7.050000190734863,6021
2004-09-24,6.908999919891357,7.050000190734863,6.861999988555908,7.050000190734863,7.050000190734863,1404
2004-09-27,6.955999851226807,7.050000190734863,6.626999855041504,6.815000057220459,6.815000057220459,7617
2004-09-28,7.050000190734863,7.050000190734863,6.673999786376953,6.955999851226807,6.955999851226807,3574
2004-09-29,6.7210001945495605,7.002999782562256,6.7210001945495605,6.955999851226807,6.955999851226807,9468
2004-09-30,6.76800012588501,7.050000190734863,6.76800012588501,7.050000190734863,7.050000190734863,3404
2004-10-01,7.050000190734863,7.050000190734863,6.815000057220459,7.002999782562256,7.002999782562256,3340
2004-10-04,7.050000190734863,7.284999847412109,6.861999988555908,7.23799991607666,7.23799991607666,16957
2004-10-05,7.190999984741211,7.755000114440918,6.955999851226807,7.566999912261963,7.566999912261963,19149
2004-10-06,7.519999980926514,7.895999908447266,7.519999980926514,7.755000114440918,7.755000114440918,17851
2004-10-07,7.660999774932861,8.225000381469727,7.660999774932861,7.848999977111816,7.848999977111816,35745
2004-10-08,7.989999771118164,8.413000106811523,7.848999977111816,7.989999771118164,7.989999771118164,11809
2004-10-11,7.942999839782715,8.178000450134277,7.613999843597412,7.942999839782715,7.942999839782715,5426
2004-10-12,7.755000114440918,8.036999702453613,7.755000114440918,7.895999908447266,7.895999908447266,5404
2004-10-13,8.130999565124512,8.130999565124512,7.613999843597412,8.036999702453613,8.036999702453613,5915
2004-10-14,7.989999771118164,7.989999771118164,7.566999912261963,7.942999839782715,7.942999839782715,3957
2004-10-15,7.755000114440918,7.989999771118164,7.660999774932861,7.848999977111816,7.848999977111816,4085
2004-10-18,7.989999771118164,8.460000038146973,7.284999847412109,7.613999843597412,7.613999843597412,18511
2004-10-19,7.802000045776367,7.848999977111816,7.4730000495910645,7.755000114440918,7.755000114440918,3532
2004-10-20,7.566999912261963,7.755000114440918,7.331999778747559,7.660999774932861,7.660999774932861,8298
2004-10-21,7.331999778747559,8.083999633789062,7.331999778747559,7.331999778747559,7.331999778747559,13170
2004-10-22,7.284999847412109,7.802000045776367,7.23799991607666,7.566999912261963,7.566999912261963,19277
2004-10-25,7.755000114440918,8.694999694824219,7.755000114440918,8.225000381469727,8.225000381469727,42617
2004-10-26,8.460000038146973,9.211999893188477,8.319000244140625,9.071000099182129,9.071000099182129,67894
2004-10-27,8.930000305175781,9.588000297546387,8.930000305175781,9.305999755859375,9.305999755859375,53213
2004-10-28,9.305999755859375,9.494000434875488,8.272000312805176,8.836000442504883,8.836000442504883,34936
2004-10-29,8.694999694824219,8.930000305175781,8.506999969482422,8.836000442504883,8.836000442504883,31511
2004-11-01,8.930000305175781,9.258999824523926,8.413000106811523,8.883000373840332,8.883000373840332,35213
2004-11-02,8.930000305175781,9.258999824523926,8.741999626159668,9.02400016784668,9.02400016784668,38979
2004-11-03,9.211999893188477,9.635000228881836,8.930000305175781,9.211999893188477,9.211999893188477,64979
2004-11-04,9.258999824523926,10.34000015258789,8.883000373840332,9.96399974822998,9.96399974822998,88340
2004-11-05,9.96399974822998,10.480999946594238,9.588000297546387,9.869999885559082,9.869999885559082,55447
2004-11-08,10.057999610900879,10.480999946594238,9.635000228881836,9.96399974822998,9.96399974822998,67064
2004-11-09,10.951000213623047,13.53600025177002,10.762999534606934,12.6899995803833,12.6899995803833,571511
2004-11-10,12.831000328063965,13.11299991607666,11.79699993133545,11.843999862670898,11.843999862670898,195489
2004-11-11,12.12600040435791,13.019000053405762,11.890999794006348,12.548999786376953,12.548999786376953,128362
2004-11-12,12.925000190734863,14.569999694824219,12.6899995803833,13.911999702453613,13.911999702453613,267234
2004-11-15,13.911999702453613,15.510000228881836,13.15999984741211,13.723999977111816,13.723999977111816,239936
2004-11-16,14.428999900817871,14.805000305175781,13.723999977111816,14.100000381469727,14.100000381469727,68702
2004-11-17,14.100000381469727,14.52299976348877,13.300999641418457,14.100000381469727,14.100000381469727,87298
2004-11-18,13.864999771118164,14.100000381469727,13.300999641418457,14.053000450134277,14.053000450134277,100404
2004-11-19,14.053000450134277,14.147000312805176,13.253999710083008,13.442000389099121,13.442000389099121,44809
2004-11-22,13.15999984741211,13.442000389099121,12.6899995803833,13.11299991607666,13.11299991607666,45000
2004-11-23,13.300999641418457,13.300999641418457,12.220000267028809,12.501999855041504,12.501999855041504,86404
2004-11-24,12.267000198364258,12.454999923706055,11.843999862670898,12.079000473022461,12.079000473022461,66574
2004-11-26,11.890999794006348,12.6899995803833,11.75,11.890999794006348,11.890999794006348,39723
2004-11-29,12.361000061035156,12.6899995803833,11.656000137329102,12.079000473022461,12.079000473022461,35277
2004-11-30,11.984999656677246,14.100000381469727,11.937999725341797,13.347999572753906,13.347999572753906,140021
2004-12-01,13.347999572753906,15.321999549865723,13.347999572753906,14.47599983215332,14.47599983215332,182085
2004-12-02,14.47599983215332,15.463000297546387,14.147000312805176,14.569999694824219,14.569999694824219,103766
2004-12-03,14.569999694824219,15.133999824523926,14.428999900817871,15.133999824523926,15.133999824523926,96362
2004-12-06,15.133999824523926,15.463000297546387,14.47599983215332,15.274999618530273,15.274999618530273,64234
2004-12-07,15.416000366210938,16.920000076293945,15.227999687194824,15.744999885559082,15.744999885559082,146766
2004-12-08,15.979999542236328,16.21500015258789,14.335000038146973,15.180999755859375,15.180999755859375,186766
2004-12-09,15.133999824523926,15.274999618530273,14.147000312805176,14.52299976348877,14.52299976348877,80809
2004-12-10,14.47599983215332,14.89900016784668,14.241000175476074,14.805000305175781,14.805000305175781,44787
2004-12-13,14.805000305175781,15.039999961853027,13.583000183105469,13.911999702453613,13.911999702453613,117851
2004-12-14,13.395000457763672,14.100000381469727,13.395000457763672,14.005999565124512,14.005999565124512,56277
2004-12-15,14.053000450134277,14.569999694824219,14.005999565124512,14.100000381469727,14.100000381469727,54383
2004-12-16,14.100000381469727,14.711000442504883,13.677000045776367,14.053000450134277,14.053000450134277,49915
2004-12-17,13.958999633789062,14.428999900817871,13.206999778747559,14.428999900817871,14.428999900817871,50149
2004-12-20,14.428999900817871,14.52299976348877,13.677000045776367,13.723999977111816,13.723999977111816,28447
2004-12-21,14.335000038146973,14.335000038146973,13.206999778747559,13.677000045776367,13.677000045776367,28787
2004-12-22,13.723999977111816,13.958999633789062,13.347999572753906,13.442000389099121,13.442000389099121,16723
2004-12-23,13.958999633789062,13.958999633789062,13.442000389099121,13.677000045776367,13.677000045776367,17936
2004-12-27,14.005999565124512,14.005999565124512,12.642999649047852,13.11299991607666,13.11299991607666,41170
2004-12-28,13.065999984741211,13.395000457763672,12.737000465393066,12.878000259399414,12.878000259399414,30489
2004-12-29,12.737000465393066,13.864999771118164,12.737000465393066,13.395000457763672,13.395000457763672,27702
2004-12-30,13.583000183105469,14.005999565124512,12.737000465393066,13.300999641418457,13.300999641418457,27298
2004-12-31,13.48900032043457,13.630000114440918,12.972000122070312,13.347999572753906,13.347999572753906,10638
2005-01-03,13.065999984741211,13.347999572753906,12.12600040435791,12.17300033569336,12.17300033569336,65766
2005-01-04,12.220000267028809,12.925000190734863,11.656000137329102,11.890999794006348,11.890999794006348,115362
2005-01-05,12.878000259399414,14.053000450134277,12.220000267028809,12.925000190734863,12.925000190734863,111872
2005-01-06,12.6899995803833,13.395000457763672,12.548999786376953,12.831000328063965,12.831000328063965,26021
2005-01-07,13.065999984741211,13.583000183105469,12.267000198364258,13.065999984741211,13.065999984741211,42638
2005-01-10,12.642999649047852,12.972000122070312,12.267000198364258,12.642999649047852,12.642999649047852,30489
2005-01-11,13.065999984741211,13.911999702453613,12.267000198364258,13.019000053405762,13.019000053405762,30085
2005-01-12,12.878000259399414,14.335000038146973,12.784000396728516,13.817999839782715,13.817999839782715,108255
2005-01-13,14.335000038146973,14.335000038146973,13.53600025177002,13.723999977111816,13.723999977111816,53447
2005-01-14,14.100000381469727,14.194000244140625,13.583000183105469,14.005999565124512,14.005999565124512,25021
2005-01-18,14.005999565124512,15.83899974822998,13.958999633789062,15.651000022888184,15.651000022888184,103000
2005-01-19,15.979999542236328,17.625,15.791999816894531,16.073999404907227,16.073999404907227,229915
2005-01-20,16.590999603271484,16.590999603271484,15.274999618530273,15.791999816894531,15.791999816894531,45447
2005-01-21,15.744999885559082,16.402999877929688,15.274999618530273,15.510000228881836,15.510000228881836,63489
2005-01-24,15.979999542236328,16.121000289916992,14.616999626159668,15.180999755859375,15.180999755859375,67021
2005-01-25,15.274999618530273,15.604000091552734,14.428999900817871,14.805000305175781,14.805000305175781,47681
2005-01-26,14.946000099182129,16.167999267578125,14.85200023651123,15.979999542236328,15.979999542236328,128043
2005-01-27,16.167999267578125,16.167999267578125,15.416000366210938,15.651000022888184,15.651000022888184,23638
2005-01-28,15.604000091552734,15.979999542236328,15.369000434875488,15.463000297546387,15.463000297546387,77532
2005-01-31,15.932999610900879,16.21500015258789,15.133999824523926,15.321999549865723,15.321999549865723,40617
2005-02-01,15.274999618530273,15.697999954223633,15.039999961853027,15.463000297546387,15.463000297546387,30170
2005-02-02,15.932999610900879,15.932999610900879,15.227999687194824,15.463000297546387,15.463000297546387,20468
2005-02-03,15.557000160217285,15.557000160217285,13.770999908447266,15.039999961853027,15.039999961853027,32404
2005-02-04,14.805000305175781,15.369000434875488,14.381999969482422,14.711000442504883,14.711000442504883,74787
2005-02-07,14.711000442504883,14.758000373840332,13.864999771118164,14.288000106811523,14.288000106811523,45191
2005-02-08,13.958999633789062,15.227999687194824,13.958999633789062,15.039999961853027,15.039999961853027,96979
2005-02-09,14.85200023651123,15.463000297546387,14.381999969482422,14.47599983215332,14.47599983215332,24128
2005-02-10,14.946000099182129,15.416000366210938,14.52299976348877,14.993000030517578,14.993000030517578,53298
2005-02-11,14.993000030517578,15.510000228881836,13.958999633789062,14.053000450134277,14.053000450134277,41809
2005-02-14,14.616999626159668,15.463000297546387,14.194000244140625,15.369000434875488,15.369000434875488,61383
2005-02-15,15.321999549865723,15.744999885559082,14.569999694824219,15.039999961853027,15.039999961853027,26702
2005-02-16,14.993000030517578,15.510000228881836,14.711000442504883,15.039999961853027,15.039999961853027,20128
2005-02-17,15.463000297546387,15.697999954223633,14.993000030517578,15.039999961853027,15.039999961853027,22532
2005-02-18,15.510000228881836,16.21500015258789,15.039999961853027,15.510000228881836,15.510000228881836,77596
2005-02-22,15.932999610900879,16.450000762939453,15.180999755859375,15.321999549865723,15.321999549865723,40574
2005-02-23,15.416000366210938,15.979999542236328,15.039999961853027,15.086999893188477,15.086999893188477,33340
2005-02-24,15.086999893188477,15.604000091552734,14.946000099182129,15.039999961853027,15.039999961853027,34468
2005-02-25,15.133999824523926,15.932999610900879,15.039999961853027,15.133999824523926,15.133999824523926,44745
2005-02-28,14.946000099182129,15.697999954223633,14.805000305175781,15.039999961853027,15.039999961853027,40191
2005-03-01,15.369000434875488,15.369000434875488,14.711000442504883,14.805000305175781,14.805000305175781,18447
2005-03-02,14.946000099182129,15.88599967956543,14.100000381469727,15.697999954223633,15.697999954223633,81851
2005-03-03,15.463000297546387,15.744999885559082,15.227999687194824,15.416000366210938,15.416000366210938,23702
2005-03-04,17.389999389648438,17.625,11.843999862670898,13.442000389099121,13.442000389099121,461723
2005-03-07,13.395000457763672,13.958999633789062,12.595999717712402,12.737000465393066,12.737000465393066,107468
2005-03-08,13.347999572753906,13.958999633789062,12.501999855041504,13.630000114440918,13.630000114440918,62191
2005-03-09,13.817999839782715,13.817999839782715,12.784000396728516,13.15999984741211,13.15999984741211,24915
2005-03-10,13.206999778747559,13.300999641418457,12.361000061035156,12.454999923706055,12.454999923706055,26979
2005-03-11,12.454999923706055,13.15999984741211,12.407999992370605,12.6899995803833,12.6899995803833,20255
2005-03-14,12.501999855041504,13.019000053405762,12.267000198364258,12.267000198364258,12.267000198364258,8447
2005-03-15,12.314000129699707,12.6899995803833,11.75,12.220000267028809,12.220000267028809,32170
2005-03-16,11.890999794006348,12.17300033569336,11.185999870300293,11.420999526977539,11.420999526977539,37638
2005-03-17,11.232999801635742,11.279999732971191,10.621999740600586,10.8100004196167,10.8100004196167,83277
2005-03-18,10.574999809265137,11.279999732971191,10.293000221252441,11.279999732971191,11.279999732971191,49021
2005-03-21,11.32699966430664,12.17300033569336,10.857000350952148,12.079000473022461,12.079000473022461,44702
2005-03-22,12.267000198364258,12.548999786376953,11.79699993133545,11.937999725341797,11.937999725341797,17489
2005-03-23,12.407999992370605,12.407999992370605,11.37399959564209,12.17300033569336,12.17300033569336,23191
2005-03-24,12.12600040435791,12.595999717712402,11.515000343322754,11.515000343322754,11.515000343322754,9809
2005-03-28,11.70300006866455,12.079000473022461,11.515000343322754,11.562000274658203,11.562000274658203,3043
2005-03-29,11.562000274658203,12.079000473022461,11.092000007629395,11.75,11.75,19213
2005-03-30,12.12600040435791,13.15999984741211,11.890999794006348,12.267000198364258,12.267000198364258,32234
2005-03-31,11.984999656677246,12.737000465393066,11.79699993133545,12.407999992370605,12.407999992370605,15915
2005-04-01,12.548999786376953,12.548999786376953,11.75,12.220000267028809,12.220000267028809,14000
2005-04-04,12.220000267028809,12.314000129699707,12.079000473022461,12.314000129699707,12.314000129699707,8511
2005-04-05,11.656000137329102,12.220000267028809,11.609000205993652,12.079000473022461,12.079000473022461,15106
2005-04-06,11.70300006866455,12.12600040435791,11.656000137329102,11.937999725341797,11.937999725341797,10021
2005-04-07,11.515000343322754,11.890999794006348,11.37399959564209,11.515000343322754,11.515000343322754,10043
2005-04-08,11.70300006866455,11.890999794006348,11.37399959564209,11.37399959564209,11.37399959564209,19957
2005-04-11,11.32699966430664,11.75,11.32699966430664,11.609000205993652,11.609000205993652,5000
2005-04-12,11.609000205993652,12.17300033569336,11.420999526977539,11.75,11.75,6957
2005-04-13,12.079000473022461,12.220000267028809,11.279999732971191,11.279999732971191,11.279999732971191,13255
2005-04-14,11.37399959564209,11.420999526977539,10.904000282287598,11.092000007629395,11.092000007629395,14723
2005-04-15,11.185999870300293,11.420999526977539,10.574999809265137,10.8100004196167,10.8100004196167,27255
2005-04-18,11.37399959564209,11.37399959564209,10.38700008392334,10.574999809265137,10.574999809265137,22170
2005-04-19,10.38700008392334,11.138999938964844,10.38700008392334,10.762999534606934,10.762999534606934,16128
2005-04-20,10.621999740600586,10.8100004196167,10.38700008392334,10.527999877929688,10.527999877929688,19106
2005-04-21,10.34000015258789,10.904000282287598,10.34000015258789,10.434000015258789,10.434000015258789,11787
2005-04-22,10.434000015258789,10.574999809265137,10.246000289916992,10.246000289916992,10.246000289916992,17043
2005-04-25,10.34000015258789,10.434000015258789,9.682000160217285,9.869999885559082,9.869999885559082,17362
2005-04-26,10.01099967956543,10.01099967956543,8.930000305175781,9.399999618530273,9.399999618530273,39872
2005-04-27,9.635000228881836,10.621999740600586,9.399999618530273,10.293000221252441,10.293000221252441,55085
2005-04-28,10.998000144958496,10.998000144958496,10.01099967956543,10.057999610900879,10.057999610900879,19426
2005-04-29,10.152000427246094,10.152000427246094,9.352999687194824,9.729000091552734,9.729000091552734,16191
2005-05-02,9.729000091552734,10.057999610900879,9.399999618530273,9.729000091552734,9.729000091552734,9319
2005-05-03,9.682000160217285,10.998000144958496,9.682000160217285,9.916999816894531,9.916999816894531,21277
2005-05-04,10.057999610900879,10.527999877929688,9.446999549865723,9.446999549865723,9.446999549865723,20000
2005-05-05,9.446999549865723,9.635000228881836,9.164999961853027,9.164999961853027,9.164999961853027,40149
2005-05-06,9.071000099182129,9.729000091552734,8.97700023651123,9.494000434875488,9.494000434875488,11553
2005-05-09,9.494000434875488,10.621999740600586,9.399999618530273,9.916999816894531,9.916999816894531,12766
2005-05-10,9.869999885559082,10.480999946594238,9.822999954223633,10.199000358581543,10.199000358581543,9234
2005-05-11,10.01099967956543,10.574999809265137,10.01099967956543,10.199000358581543,10.199000358581543,6872
2005-05-12,10.34000015258789,11.138999938964844,10.34000015258789,10.762999534606934,10.762999534606934,28957
2005-05-13,10.762999534606934,11.609000205993652,10.762999534606934,11.32699966430664,11.32699966430664,25426
2005-05-16,11.232999801635742,11.232999801635742,9.118000030517578,9.352999687194824,9.352999687194824,62702
2005-05-17,9.635000228881836,9.635000228881836,8.225000381469727,8.836000442504883,8.836000442504883,55979
2005-05-18,8.930000305175781,9.541000366210938,8.741999626159668,8.883000373840332,8.883000373840332,40234
2005-05-19,8.694999694824219,9.071000099182129,8.178000450134277,8.319000244140625,8.319000244140625,17894
2005-05-20,8.272000312805176,8.836000442504883,8.272000312805176,8.460000038146973,8.460000038146973,19468
2005-05-23,9.211999893188477,9.211999893188477,8.272000312805176,8.553999900817871,8.553999900817871,8234
2005-05-24,8.413000106811523,8.694999694824219,8.225000381469727,8.272000312805176,8.272000312805176,15064
2005-05-25,8.130999565124512,8.460000038146973,8.130999565124512,8.225000381469727,8.225000381469727,4957
2005-05-26,8.694999694824219,9.96399974822998,8.083999633789062,9.96399974822998,9.96399974822998,60468
2005-05-27,10.527999877929688,10.527999877929688,8.930000305175781,10.057999610900879,10.057999610900879,39383
2005-05-31,10.38700008392334,10.434000015258789,9.399999618530273,9.776000022888184,9.776000022888184,9234
2005-06-01,9.96399974822998,9.96399974822998,8.930000305175781,8.930000305175781,8.930000305175781,27511
2005-06-02,8.883000373840332,9.446999549865723,8.883000373840332,9.258999824523926,9.258999824523926,13553
2005-06-03,9.399999618530273,9.541000366210938,8.788999557495117,8.883000373840332,8.883000373840332,16106
2005-06-06,8.883000373840332,8.97700023651123,7.802000045776367,8.930000305175781,8.930000305175781,17383
2005-06-07,8.930000305175781,9.352999687194824,8.694999694824219,8.694999694824219,8.694999694824219,18362
2005-06-08,8.930000305175781,9.02400016784668,8.460000038146973,8.694999694824219,8.694999694824219,6681
2005-06-09,8.64799976348877,9.071000099182129,8.460000038146973,8.694999694824219,8.694999694824219,15362
2005-06-10,8.930000305175781,8.97700023651123,8.225000381469727,8.64799976348877,8.64799976348877,15787
2005-06-13,8.60099983215332,8.836000442504883,8.319000244140625,8.460000038146973,8.460000038146973,19489
2005-06-14,8.413000106811523,8.694999694824219,8.319000244140625,8.319000244140625,8.319000244140625,13106
2005-06-15,8.506999969482422,8.506999969482422,8.225000381469727,8.366000175476074,8.366000175476074,9766
2005-06-16,8.130999565124512,8.836000442504883,8.130999565124512,8.413000106811523,8.413000106811523,35617
2005-06-17,8.319000244140625,8.836000442504883,8.319000244140625,8.741999626159668,8.741999626159668,18064
2005-06-20,8.930000305175781,9.258999824523926,8.460000038146973,8.460000038146973,8.460000038146973,22277
2005-06-21,8.553999900817871,8.694999694824219,8.366000175476074,8.413000106811523,8.413000106811523,21723
2005-06-22,8.319000244140625,8.460000038146973,8.319000244140625,8.413000106811523,8.413000106811523,17064
2005-06-23,8.60099983215332,9.118000030517578,8.272000312805176,8.60099983215332,8.60099983215332,15277
2005-06-24,8.225000381469727,8.366000175476074,8.225000381469727,8.225000381469727,8.225000381469727,11000
2005-06-27,8.413000106811523,8.413000106811523,8.225000381469727,8.225000381469727,8.225000381469727,5894
2005-06-28,8.553999900817871,9.635000228881836,8.460000038146973,9.305999755859375,9.305999755859375,52532
2005-06-29,9.635000228881836,9.916999816894531,9.446999549865723,9.588000297546387,9.588000297546387,23660
2005-06-30,9.822999954223633,10.293000221252441,9.635000228881836,9.776000022888184,9.776000022888184,13170
2005-07-01,9.635000228881836,10.104999542236328,9.635000228881836,9.635000228881836,9.635000228881836,23979
2005-07-05,9.352999687194824,9.96399974822998,9.352999687194824,9.96399974822998,9.96399974822998,6936
2005-07-06,9.635000228881836,10.104999542236328,9.399999618530273,9.916999816894531,9.916999816894531,8468
2005-07-07,9.96399974822998,9.96399974822998,9.541000366210938,9.776000022888184,9.776000022888184,10319
2005-07-08,9.588000297546387,11.045000076293945,9.399999618530273,10.904000282287598,10.904000282287598,47085
2005-07-11,11.092000007629395,11.75,10.951000213623047,11.279999732971191,11.279999732971191,36085
2005-07-12,11.515000343322754,11.515000343322754,10.904000282287598,11.045000076293945,11.045000076293945,5979
2005-07-13,10.8100004196167,12.220000267028809,10.34000015258789,11.562000274658203,11.562000274658203,28128
2005-07-14,11.562000274658203,11.890999794006348,10.857000350952148,11.138999938964844,11.138999938964844,9319
2005-07-15,11.515000343322754,11.515000343322754,10.762999534606934,11.232999801635742,11.232999801635742,2894
2005-07-18,11.515000343322754,11.515000343322754,10.8100004196167,10.8100004196167,10.8100004196167,11064
2005-07-19,10.998000144958496,11.37399959564209,10.574999809265137,10.857000350952148,10.857000350952148,14489
2005-07-20,10.8100004196167,11.045000076293945,10.715999603271484,10.715999603271484,10.715999603271484,4745
2005-07-21,10.574999809265137,11.045000076293945,10.38700008392334,10.8100004196167,10.8100004196167,18532
2005-07-22,10.668999671936035,10.668999671936035,10.574999809265137,10.668999671936035,10.668999671936035,2936
2005-07-25,10.38700008392334,10.904000282287598,10.38700008392334,10.857000350952148,10.857000350952148,9617
2005-07-26,10.434000015258789,10.8100004196167,10.434000015258789,10.621999740600586,10.621999740600586,2532
2005-07-27,10.8100004196167,10.8100004196167,10.434000015258789,10.574999809265137,10.574999809265137,14426
2005-07-28,10.38700008392334,11.138999938964844,10.104999542236328,11.138999938964844,11.138999938964844,15702
2005-07-29,11.279999732971191,11.562000274658203,10.8100004196167,11.092000007629395,11.092000007629395,14340
2005-08-01,10.857000350952148,11.185999870300293,10.574999809265137,10.574999809265137,10.574999809265137,28213
2005-08-02,10.574999809265137,11.185999870300293,10.574999809265137,11.185999870300293,11.185999870300293,22085
2005-08-03,11.185999870300293,12.12600040435791,10.621999740600586,11.37399959564209,11.37399959564209,13553
2005-08-04,11.232999801635742,11.232999801635742,10.8100004196167,10.857000350952148,10.857000350952148,7191
2005-08-05,10.857000350952148,11.279999732971191,10.857000350952148,11.092000007629395,11.092000007629395,5809
2005-08-08,11.232999801635742,11.279999732971191,10.715999603271484,11.279999732971191,11.279999732971191,13043
2005-08-09,11.045000076293945,12.361000061035156,10.8100004196167,11.70300006866455,11.70300006866455,24234
2005-08-10,11.468000411987305,11.75,10.951000213623047,11.279999732971191,11.279999732971191,19298
2005-08-11,10.857000350952148,11.468000411987305,9.916999816894531,11.232999801635742,11.232999801635742,32638
2005-08-12,11.092000007629395,13.395000457763672,10.951000213623047,13.347999572753906,13.347999572753906,25851
2005-08-15,11.70300006866455,11.70300006866455,9.96399974822998,10.152000427246094,10.152000427246094,87979
2005-08-16,9.96399974822998,10.104999542236328,9.02400016784668,9.305999755859375,9.305999755859375,45149
2005-08-17,8.97700023651123,9.869999885559082,8.97700023651123,9.352999687194824,9.352999687194824,29149
2005-08-18,9.588000297546387,9.635000228881836,9.164999961853027,9.399999618530273,9.399999618530273,19681
2005-08-19,9.399999618530273,9.635000228881836,9.164999961853027,9.305999755859375,9.305999755859375,8319
2005-08-22,9.118000030517578,9.305999755859375,8.60099983215332,8.836000442504883,8.836000442504883,30979
2005-08-23,8.694999694824219,8.883000373840332,8.460000038146973,8.553999900817871,8.553999900817871,24085
2005-08-24,8.694999694824219,8.741999626159668,8.366000175476074,8.741999626159668,8.741999626159668,12936
2005-08-25,8.60099983215332,8.64799976348877,8.413000106811523,8.460000038146973,8.460000038146973,11511
2005-08-26,8.460000038146973,8.60099983215332,8.272000312805176,8.460000038146973,8.460000038146973,28596
2005-08-29,8.460000038146973,8.506999969482422,8.272000312805176,8.366000175476074,8.366000175476074,8894
2005-08-30,8.272000312805176,8.553999900817871,8.178000450134277,8.460000038146973,8.460000038146973,33681
2005-08-31,8.413000106811523,8.413000106811523,8.083999633789062,8.272000312805176,8.272000312805176,24064
2005-09-01,7.989999771118164,8.460000038146973,7.989999771118164,8.272000312805176,8.272000312805176,33745
2005-09-02,8.272000312805176,8.460000038146973,8.130999565124512,8.319000244140625,8.319000244140625,19681
2005-09-06,8.272000312805176,9.071000099182129,8.272000312805176,8.694999694824219,8.694999694824219,23362
2005-09-07,8.506999969482422,8.741999626159668,8.460000038146973,8.553999900817871,8.553999900817871,9064
2005-09-08,8.413000106811523,8.741999626159668,8.319000244140625,8.741999626159668,8.741999626159668,14255
2005-09-09,8.741999626159668,8.788999557495117,8.178000450134277,8.225000381469727,8.225000381469727,29000
2005-09-12,8.225000381469727,8.506999969482422,8.225000381469727,8.413000106811523,8.413000106811523,7000
2005-09-13,8.413000106811523,8.460000038146973,8.225000381469727,8.272000312805176,8.272000312805176,19872
2005-09-14,8.272000312805176,8.553999900817871,8.036999702453613,8.225000381469727,8.225000381469727,21787
2005-09-15,8.225000381469727,8.319000244140625,7.942999839782715,8.178000450134277,8.178000450134277,22043
2005-09-16,8.178000450134277,8.272000312805176,7.989999771118164,8.272000312805176,8.272000312805176,6702
2005-09-19,8.036999702453613,8.178000450134277,7.989999771118164,8.036999702453613,8.036999702453613,17298
2005-09-20,7.942999839782715,8.036999702453613,7.755000114440918,7.848999977111816,7.848999977111816,13170
2005-09-21,7.613999843597412,7.755000114440918,7.331999778747559,7.4730000495910645,7.4730000495910645,17468
2005-09-22,7.284999847412109,7.755000114440918,7.284999847412109,7.755000114440918,7.755000114440918,20404
2005-09-23,7.519999980926514,7.989999771118164,7.519999980926514,7.755000114440918,7.755000114440918,3106
2005-09-26,7.802000045776367,7.802000045776367,7.4730000495910645,7.4730000495910645,7.4730000495910645,10723
2005-09-27,7.895999908447266,7.895999908447266,7.379000186920166,7.4730000495910645,7.4730000495910645,3617
2005-09-28,7.426000118255615,7.848999977111816,7.284999847412109,7.426000118255615,7.426000118255615,28872
2005-09-29,7.4730000495910645,7.519999980926514,7.23799991607666,7.284999847412109,7.284999847412109,7277
2005-09-30,7.284999847412109,7.4730000495910645,7.190999984741211,7.379000186920166,7.379000186920166,16809
2005-10-03,7.379000186920166,7.4730000495910645,7.379000186920166,7.4730000495910645,7.4730000495910645,7872
2005-10-04,7.566999912261963,7.708000183105469,7.331999778747559,7.660999774932861,7.660999774932861,12277
2005-10-05,7.519999980926514,7.989999771118164,7.519999980926514,7.708000183105469,7.708000183105469,7213
2005-10-06,7.942999839782715,7.989999771118164,7.426000118255615,7.519999980926514,7.519999980926514,19766
2005-10-07,7.566999912261963,7.566999912261963,7.379000186920166,7.379000186920166,7.379000186920166,12000
2005-10-10,7.331999778747559,7.519999980926514,7.284999847412109,7.331999778747559,7.331999778747559,4723
2005-10-11,7.426000118255615,7.660999774932861,7.23799991607666,7.613999843597412,7.613999843597412,14191
2005-10-12,7.660999774932861,7.708000183105469,7.190999984741211,7.708000183105469,7.708000183105469,4553
2005-10-13,7.755000114440918,7.802000045776367,7.4730000495910645,7.708000183105469,7.708000183105469,14426
2005-10-14,7.566999912261963,8.319000244140625,7.284999847412109,7.848999977111816,7.848999977111816,8702
2005-10-17,7.519999980926514,7.660999774932861,7.519999980926514,7.566999912261963,7.566999912261963,6787
2005-10-18,7.613999843597412,7.802000045776367,7.519999980926514,7.613999843597412,7.613999843597412,4426
2005-10-19,7.613999843597412,7.755000114440918,7.331999778747559,7.4730000495910645,7.4730000495910645,3447
2005-10-20,7.4730000495910645,7.519999980926514,7.331999778747559,7.426000118255615,7.426000118255615,3851
2005-10-21,7.379000186920166,7.4730000495910645,7.23799991607666,7.284999847412109,7.284999847412109,5851
2005-10-24,7.190999984741211,7.613999843597412,7.190999984741211,7.426000118255615,7.426000118255615,10000
2005-10-25,7.331999778747559,7.519999980926514,7.331999778747559,7.519999980926514,7.519999980926514,830
2005-10-26,7.190999984741211,7.519999980926514,6.34499979019165,7.190999984741211,7.190999984741211,33702
2005-10-27,7.050000190734863,7.379000186920166,6.815000057220459,7.23799991607666,7.23799991607666,5149
2005-10-28,6.861999988555908,7.4730000495910645,6.861999988555908,7.0970001220703125,7.0970001220703125,6915
2005-10-31,7.0970001220703125,7.144000053405762,6.7210001945495605,7.002999782562256,7.002999782562256,11745
2005-11-01,7.002999782562256,7.190999984741211,6.5329999923706055,7.002999782562256,7.002999782562256,48085
2005-11-02,7.002999782562256,7.050000190734863,6.34499979019165,6.626999855041504,6.626999855041504,17681
2005-11-03,6.486000061035156,7.4730000495910645,6.486000061035156,7.23799991607666,7.23799991607666,25617
2005-11-04,7.144000053405762,7.426000118255615,6.908999919891357,6.908999919891357,6.908999919891357,8383
2005-11-07,7.050000190734863,7.050000190734863,6.626999855041504,6.955999851226807,6.955999851226807,10681
2005-11-08,6.815000057220459,7.989999771118164,6.815000057220459,7.848999977111816,7.848999977111816,15915
2005-11-09,7.802000045776367,8.083999633789062,7.613999843597412,7.848999977111816,7.848999977111816,10298
2005-11-10,7.660999774932861,7.848999977111816,6.1570000648498535,7.426000118255615,7.426000118255615,13660
2005-11-11,7.426000118255615,7.426000118255615,6.673999786376953,6.76800012588501,6.76800012588501,20809
2005-11-14,6.7210001945495605,6.815000057220459,6.5329999923706055,6.7210001945495605,6.7210001945495605,18319
2005-11-15,6.579999923706055,6.76800012588501,6.1570000648498535,6.486000061035156,6.486000061035156,28021
2005-11-16,6.5329999923706055,6.626999855041504,6.250999927520752,6.579999923706055,6.579999923706055,10213
2005-11-17,6.673999786376953,6.955999851226807,6.673999786376953,6.815000057220459,6.815000057220459,29085
2005-11-18,6.908999919891357,7.002999782562256,6.34499979019165,6.76800012588501,6.76800012588501,3234
2005-11-21,6.579999923706055,6.76800012588501,6.579999923706055,6.626999855041504,6.626999855041504,9149
2005-11-22,6.439000129699707,6.955999851226807,6.439000129699707,6.955999851226807,6.955999851226807,7723
2005-11-23,6.5329999923706055,6.815000057220459,6.439000129699707,6.579999923706055,6.579999923706055,47021
2005-11-25,6.439000129699707,6.579999923706055,6.297999858856201,6.297999858856201,6.297999858856201,3362
2005-11-28,6.297999858856201,6.579999923706055,6.203999996185303,6.5329999923706055,6.5329999923706055,3745
2005-11-29,6.203999996185303,6.486000061035156,6.110000133514404,6.439000129699707,6.439000129699707,15404
2005-11-30,6.1570000648498535,6.673999786376953,6.110000133514404,6.439000129699707,6.439000129699707,12809
2005-12-01,6.486000061035156,6.76800012588501,6.1570000648498535,6.250999927520752,6.250999927520752,11553
2005-12-02,6.34499979019165,6.5329999923706055,6.1570000648498535,6.392000198364258,6.392000198364258,11787
2005-12-05,6.392000198364258,6.486000061035156,5.781000137329102,5.968999862670898,5.968999862670898,19468
2005-12-06,5.734000205993652,5.875,5.076000213623047,5.310999870300293,5.310999870300293,102660
2005-12-07,5.310999870300293,5.546000003814697,5.263999938964844,5.452000141143799,5.452000141143799,81426
2005-12-08,5.452000141143799,5.639999866485596,5.2170000076293945,5.40500020980835,5.40500020980835,57404
2005-12-09,5.499000072479248,6.063000202178955,5.452000141143799,6.015999794006348,6.015999794006348,25085
2005-12-12,5.968999862670898,6.063000202178955,5.40500020980835,5.499000072479248,5.499000072479248,34957
2005-12-13,5.875,5.875,5.546000003814697,5.734000205993652,5.734000205993652,22830
2005-12-14,5.639999866485596,5.921999931335449,5.546000003814697,5.639999866485596,5.639999866485596,27277
2005-12-15,5.639999866485596,6.110000133514404,5.499000072479248,5.921999931335449,5.921999931335449,50681
2005-12-16,5.828000068664551,6.5329999923706055,5.781000137329102,6.110000133514404,6.110000133514404,40745
2005-12-19,6.203999996185303,6.297999858856201,6.063000202178955,6.203999996185303,6.203999996185303,11830
2005-12-20,6.063000202178955,6.250999927520752,5.921999931335449,6.110000133514404,6.110000133514404,10596
2005-12-21,6.250999927520752,6.297999858856201,6.1570000648498535,6.1570000648498535,6.1570000648498535,9340
2005-12-22,6.110000133514404,6.439000129699707,6.015999794006348,6.110000133514404,6.110000133514404,24064
2005-12-23,5.968999862670898,6.5329999923706055,5.968999862670898,6.392000198364258,6.392000198364258,23830
2005-12-27,6.297999858856201,6.34499979019165,6.110000133514404,6.203999996185303,6.203999996185303,17596
2005-12-28,5.968999862670898,6.250999927520752,5.968999862670898,6.1570000648498535,6.1570000648498535,17043
2005-12-29,6.110000133514404,6.110000133514404,5.875,6.015999794006348,6.015999794006348,13255
2005-12-30,5.875,6.015999794006348,4.934999942779541,5.781000137329102,5.781000137329102,50404
2006-01-03,5.828000068664551,5.968999862670898,5.686999797821045,5.921999931335449,5.921999931335449,4660
2006-01-04,5.968999862670898,6.203999996185303,5.875,6.110000133514404,6.110000133514404,7979
2006-01-05,6.110000133514404,6.7210001945495605,6.015999794006348,6.579999923706055,6.579999923706055,22277
2006-01-06,6.626999855041504,6.673999786376953,6.34499979019165,6.486000061035156,6.486000061035156,9787
2006-01-09,6.297999858856201,6.579999923706055,6.297999858856201,6.579999923706055,6.579999923706055,8936
2006-01-10,6.579999923706055,7.002999782562256,6.34499979019165,6.908999919891357,6.908999919891357,42617
2006-01-11,6.908999919891357,7.379000186920166,6.815000057220459,7.050000190734863,7.050000190734863,94660
2006-01-12,7.0970001220703125,7.23799991607666,6.955999851226807,6.955999851226807,6.955999851226807,60000
2006-01-13,7.050000190734863,7.144000053405762,6.955999851226807,7.050000190734863,7.050000190734863,6681
2006-01-17,7.002999782562256,7.002999782562256,6.76800012588501,7.002999782562256,7.002999782562256,25894
2006-01-18,7.002999782562256,7.002999782562256,6.76800012588501,6.815000057220459,6.815000057220459,13277
2006-01-19,6.908999919891357,6.908999919891357,6.815000057220459,6.861999988555908,6.861999988555908,11660
2006-01-20,6.908999919891357,8.130999565124512,6.908999919891357,7.002999782562256,7.002999782562256,41021
2006-01-23,7.0970001220703125,7.190999984741211,7.002999782562256,7.0970001220703125,7.0970001220703125,26340
2006-01-24,7.0970001220703125,7.190999984741211,6.815000057220459,6.955999851226807,6.955999851226807,8638
2006-01-25,6.955999851226807,6.955999851226807,6.392000198364258,6.626999855041504,6.626999855041504,27489
2006-01-26,6.486000061035156,6.5329999923706055,6.015999794006348,6.250999927520752,6.250999927520752,33617
2006-01-27,6.250999927520752,6.439000129699707,6.1570000648498535,6.392000198364258,6.392000198364258,9064
2006-01-30,6.392000198364258,6.908999919891357,6.392000198364258,6.7210001945495605,6.7210001945495605,16426
2006-01-31,6.815000057220459,7.050000190734863,6.7210001945495605,6.908999919891357,6.908999919891357,31319
2006-02-01,6.908999919891357,7.0970001220703125,6.626999855041504,6.861999988555908,6.861999988555908,29596
2006-02-02,6.861999988555908,6.908999919891357,6.5329999923706055,6.7210001945495605,6.7210001945495605,12915
2006-02-03,6.673999786376953,6.861999988555908,6.579999923706055,6.76800012588501,6.76800012588501,14255
2006-02-06,6.76800012588501,6.76800012588501,6.392000198364258,6.392000198364258,6.392000198364258,47191
2006-02-07,6.34499979019165,6.815000057220459,6.34499979019165,6.76800012588501,6.76800012588501,74766
2006-02-08,6.579999923706055,7.0970001220703125,6.579999923706055,7.050000190734863,7.050000190734863,86511
2006-02-09,7.190999984741211,7.284999847412109,6.955999851226807,7.0970001220703125,7.0970001220703125,64043
2006-02-10,7.23799991607666,7.284999847412109,7.050000190734863,7.0970001220703125,7.0970001220703125,42383
2006-02-13,7.190999984741211,8.083999633789062,7.190999984741211,7.660999774932861,7.660999774932861,113851
2006-02-14,7.660999774932861,7.802000045776367,7.4730000495910645,7.660999774932861,7.660999774932861,45000
2006-02-15,8.366000175476074,8.413000106811523,7.708000183105469,8.319000244140625,8.319000244140625,160851
2006-02-16,8.413000106811523,8.460000038146973,7.942999839782715,8.225000381469727,8.225000381469727,96660
2006-02-17,8.413000106811523,8.413000106811523,7.942999839782715,8.036999702453613,8.036999702453613,50426
2006-02-21,8.130999565124512,8.178000450134277,7.942999839782715,8.083999633789062,8.083999633789062,62000
2006-02-22,7.989999771118164,8.272000312805176,7.755000114440918,7.989999771118164,7.989999771118164,48170
2006-02-23,7.989999771118164,8.036999702453613,7.755000114440918,7.989999771118164,7.989999771118164,33872
2006-02-24,7.989999771118164,7.989999771118164,7.613999843597412,7.989999771118164,7.989999771118164,25574
2006-02-27,8.083999633789062,8.178000450134277,7.755000114440918,7.848999977111816,7.848999977111816,37617
2006-02-28,7.848999977111816,7.895999908447266,7.566999912261963,7.613999843597412,7.613999843597412,32468
2006-03-01,7.613999843597412,7.802000045776367,7.284999847412109,7.4730000495910645,7.4730000495910645,99383
2006-03-02,7.755000114440918,7.755000114440918,7.331999778747559,7.566999912261963,7.566999912261963,51915
2006-03-03,7.708000183105469,7.802000045776367,7.4730000495910645,7.519999980926514,7.519999980926514,45745
2006-03-06,7.4730000495910645,7.519999980926514,7.050000190734863,7.23799991607666,7.23799991607666,66553
2006-03-07,7.190999984741211,7.23799991607666,6.579999923706055,6.815000057220459,6.815000057220459,101681
2006-03-08,6.7210001945495605,7.144000053405762,6.5329999923706055,6.815000057220459,6.815000057220459,68638
2006-03-09,6.908999919891357,7.0970001220703125,6.7210001945495605,7.002999782562256,7.002999782562256,58170
2006-03-10,7.002999782562256,7.144000053405762,6.7210001945495605,7.002999782562256,7.002999782562256,54404
2006-03-13,7.0970001220703125,7.284999847412109,6.7210001945495605,7.002999782562256,7.002999782562256,39043
2006-03-14,7.0970001220703125,7.379000186920166,6.76800012588501,6.815000057220459,6.815000057220459,45957
2006-03-15,6.955999851226807,7.144000053405762,6.815000057220459,6.908999919891357,6.908999919891357,33702
2006-03-16,7.002999782562256,7.23799991607666,7.002999782562256,7.002999782562256,7.002999782562256,18426
2006-03-17,6.861999988555908,7.190999984741211,6.815000057220459,6.861999988555908,6.861999988555908,13426
2006-03-20,7.002999782562256,7.660999774932861,6.815000057220459,7.379000186920166,7.379000186920166,107447
2006-03-21,7.802000045776367,8.083999633789062,7.379000186920166,7.802000045776367,7.802000045776367,80319
2006-03-22,8.083999633789062,8.178000450134277,7.519999980926514,7.802000045776367,7.802000045776367,66170
2006-03-23,7.708000183105469,7.942999839782715,7.613999843597412,7.848999977111816,7.848999977111816,31532
2006-03-24,7.942999839782715,8.036999702453613,7.613999843597412,7.708000183105469,7.708000183105469,32723
2006-03-27,7.708000183105469,7.848999977111816,7.519999980926514,7.660999774932861,7.660999774932861,44957
2006-03-28,7.566999912261963,7.566999912261963,7.23799991607666,7.379000186920166,7.379000186920166,31383
2006-03-29,7.4730000495910645,7.660999774932861,7.284999847412109,7.4730000495910645,7.4730000495910645,45447
2006-03-30,7.002999782562256,7.050000190734863,6.1570000648498535,6.297999858856201,6.297999858856201,378043
2006-03-31,6.1570000648498535,6.203999996185303,5.639999866485596,5.781000137329102,5.781000137329102,261574
2006-04-03,5.781000137329102,5.968999862670898,5.40500020980835,5.686999797821045,5.686999797821045,163957
2006-04-04,5.639999866485596,6.063000202178955,5.639999866485596,5.734000205993652,5.734000205993652,93957
2006-04-05,5.686999797821045,5.875,5.452000141143799,5.734000205993652,5.734000205993652,48702
2006-04-06,5.639999866485596,5.781000137329102,5.546000003814697,5.5929999351501465,5.5929999351501465,52830
2006-04-07,5.546000003814697,5.781000137329102,5.452000141143799,5.499000072479248,5.499000072479248,35957
2006-04-10,5.499000072479248,5.734000205993652,5.40500020980835,5.499000072479248,5.499000072479248,48213
2006-04-11,5.452000141143799,5.546000003814697,5.40500020980835,5.40500020980835,5.40500020980835,29596
2006-04-12,5.40500020980835,5.546000003814697,5.40500020980835,5.499000072479248,5.499000072479248,41106
2006-04-13,5.40500020980835,5.546000003814697,5.40500020980835,5.546000003814697,5.546000003814697,19894
2006-04-17,5.639999866485596,5.639999866485596,5.357999801635742,5.357999801635742,5.357999801635742,32915
2006-04-18,5.357999801635742,5.499000072479248,5.310999870300293,5.357999801635742,5.357999801635742,31043
2006-04-19,5.310999870300293,5.40500020980835,5.2170000076293945,5.263999938964844,5.263999938964844,51638
2006-04-20,5.263999938964844,5.310999870300293,5.170000076293945,5.263999938964844,5.263999938964844,70872
2006-04-21,5.310999870300293,5.310999870300293,4.934999942779541,5.076000213623047,5.076000213623047,119809
2006-04-24,4.98199987411499,5.310999870300293,4.934999942779541,5.0289998054504395,5.0289998054504395,64170
2006-04-25,5.0289998054504395,5.452000141143799,5.0289998054504395,5.2170000076293945,5.2170000076293945,35851
2006-04-26,5.263999938964844,5.734000205993652,5.263999938964844,5.499000072479248,5.499000072479248,77426
2006-04-27,5.639999866485596,5.875,5.546000003814697,5.734000205993652,5.734000205993652,39702
2006-04-28,5.546000003814697,5.781000137329102,5.546000003814697,5.781000137329102,5.781000137329102,34149
2006-05-01,5.875,5.921999931335449,5.639999866485596,5.781000137329102,5.781000137329102,36191
2006-05-02,5.5929999351501465,5.781000137329102,5.546000003814697,5.639999866485596,5.639999866485596,12447
2006-05-03,5.546000003814697,5.639999866485596,5.40500020980835,5.452000141143799,5.452000141143799,25638
2006-05-04,5.452000141143799,5.546000003814697,5.40500020980835,5.452000141143799,5.452000141143799,31723
2006-05-05,5.452000141143799,5.499000072479248,5.310999870300293,5.310999870300293,5.310999870300293,19596
2006-05-08,5.40500020980835,5.639999866485596,5.40500020980835,5.499000072479248,5.499000072479248,27064
2006-05-09,5.499000072479248,5.546000003814697,5.40500020980835,5.546000003814697,5.546000003814697,10064
2006-05-10,5.499000072479248,5.546000003814697,5.40500020980835,5.452000141143799,5.452000141143799,160745
2006-05-11,5.40500020980835,5.452000141143799,5.123000144958496,5.170000076293945,5.170000076293945,43128
2006-05-12,5.170000076293945,5.357999801635742,5.076000213623047,5.076000213623047,5.076000213623047,35532
2006-05-15,5.076000213623047,6.1570000648498535,5.076000213623047,5.875,5.875,130149
2006-05-16,5.875,6.015999794006348,5.639999866485596,5.968999862670898,5.968999862670898,102170
2006-05-17,5.875,5.875,5.40500020980835,5.781000137329102,5.781000137329102,32426
2006-05-18,5.639999866485596,5.921999931335449,5.546000003814697,5.781000137329102,5.781000137329102,31681
2006-05-19,5.734000205993652,5.921999931335449,5.734000205993652,5.875,5.875,28511
2006-05-22,5.921999931335449,5.968999862670898,5.734000205993652,5.968999862670898,5.968999862670898,26489
2006-05-23,5.968999862670898,5.968999862670898,5.781000137329102,5.875,5.875,25043
2006-05-24,5.781000137329102,5.875,5.734000205993652,5.781000137329102,5.781000137329102,34447
2006-05-25,5.734000205993652,5.921999931335449,5.734000205993652,5.734000205993652,5.734000205993652,23872
2006-05-26,5.828000068664551,5.828000068664551,5.499000072479248,5.639999866485596,5.639999866485596,25638
2006-05-30,5.639999866485596,5.686999797821045,5.452000141143799,5.5929999351501465,5.5929999351501465,16277
2006-05-31,5.686999797821045,5.781000137329102,5.546000003814697,5.734000205993652,5.734000205993652,14426
2006-06-01,5.828000068664551,5.828000068664551,5.639999866485596,5.734000205993652,5.734000205993652,25447
2006-06-02,5.639999866485596,5.639999866485596,5.123000144958496,5.40500020980835,5.40500020980835,77830
2006-06-05,5.499000072479248,5.499000072479248,5.310999870300293,5.310999870300293,5.310999870300293,31489
2006-06-06,5.263999938964844,5.357999801635742,5.2170000076293945,5.357999801635742,5.357999801635742,32511
2006-06-07,5.452000141143799,5.499000072479248,5.2170000076293945,5.499000072479248,5.499000072479248,12702
2006-06-08,5.40500020980835,5.499000072479248,5.2170000076293945,5.263999938964844,5.263999938964844,9553
2006-06-09,5.263999938964844,5.40500020980835,5.2170000076293945,5.357999801635742,5.357999801635742,22319
2006-06-12,5.452000141143799,5.452000141143799,5.076000213623047,5.123000144958496,5.123000144958496,31511
2006-06-13,5.123000144958496,5.170000076293945,4.747000217437744,4.794000148773193,4.794000148773193,49149
2006-06-14,4.6529998779296875,4.747000217437744,4.323999881744385,4.605999946594238,4.605999946594238,80128
2006-06-15,4.699999809265137,4.841000080108643,4.370999813079834,4.6529998779296875,4.6529998779296875,33894
2006-06-16,4.51200008392334,4.699999809265137,4.51200008392334,4.6529998779296875,4.6529998779296875,7957
2006-06-19,4.6529998779296875,4.699999809265137,4.559000015258789,4.605999946594238,4.605999946594238,8617
2006-06-20,4.699999809265137,4.699999809265137,4.465000152587891,4.465000152587891,4.465000152587891,22872
2006-06-21,4.465000152587891,4.699999809265137,4.465000152587891,4.605999946594238,4.605999946594238,5894
2006-06-22,4.465000152587891,4.605999946594238,4.465000152587891,4.605999946594238,4.605999946594238,15979
2006-06-23,4.559000015258789,4.605999946594238,4.370999813079834,4.559000015258789,4.559000015258789,12979
2006-06-26,4.465000152587891,4.699999809265137,4.465000152587891,4.51200008392334,4.51200008392334,20021
2006-06-27,4.418000221252441,4.559000015258789,4.370999813079834,4.370999813079834,4.370999813079834,16404
2006-06-28,4.465000152587891,4.51200008392334,4.370999813079834,4.418000221252441,4.418000221252441,12957
2006-06-29,4.605999946594238,4.841000080108643,4.51200008392334,4.794000148773193,4.794000148773193,49426
2006-06-30,4.794000148773193,4.841000080108643,4.605999946594238,4.747000217437744,4.747000217437744,10213
2006-07-03,4.6529998779296875,4.794000148773193,4.6529998779296875,4.794000148773193,4.794000148773193,7809
2006-07-05,4.699999809265137,4.794000148773193,4.6529998779296875,4.747000217437744,4.747000217437744,7021
2006-07-06,4.794000148773193,4.841000080108643,4.699999809265137,4.699999809265137,4.699999809265137,8617
2006-07-07,4.699999809265137,4.794000148773193,4.699999809265137,4.747000217437744,4.747000217437744,6511
2006-07-10,4.699999809265137,4.747000217437744,4.699999809265137,4.699999809265137,4.699999809265137,4085
2006-07-11,4.794000148773193,4.794000148773193,4.699999809265137,4.699999809265137,4.699999809265137,7255
2006-07-12,4.841000080108643,4.841000080108643,4.6529998779296875,4.6529998779296875,4.6529998779296875,15702
2006-07-13,4.6529998779296875,4.747000217437744,4.605999946594238,4.699999809265137,4.699999809265137,4638
2006-07-14,4.559000015258789,4.747000217437744,4.465000152587891,4.605999946594238,4.605999946594238,13128
2006-07-17,4.465000152587891,4.559000015258789,4.465000152587891,4.465000152587891,4.465000152587891,5489
2006-07-18,4.465000152587891,4.51200008392334,4.418000221252441,4.465000152587891,4.465000152587891,11319
2006-07-19,4.605999946594238,4.605999946594238,4.323999881744385,4.418000221252441,4.418000221252441,11596
2006-07-20,4.370999813079834,4.465000152587891,4.323999881744385,4.418000221252441,4.418000221252441,6213
2006-07-21,4.418000221252441,4.6529998779296875,4.183000087738037,4.323999881744385,4.323999881744385,27362
2006-07-24,4.699999809265137,4.699999809265137,3.994999885559082,4.323999881744385,4.323999881744385,14064
2006-07-25,4.230000019073486,4.370999813079834,4.136000156402588,4.2769999504089355,4.2769999504089355,7383
2006-07-26,4.183000087738037,4.2769999504089355,4.183000087738037,4.2769999504089355,4.2769999504089355,10021
2006-07-27,4.230000019073486,4.418000221252441,4.230000019073486,4.323999881744385,4.323999881744385,12553
2006-07-28,4.465000152587891,4.699999809265137,4.370999813079834,4.465000152587891,4.465000152587891,17766
2006-07-31,4.51200008392334,4.51200008392334,4.418000221252441,4.51200008392334,4.51200008392334,3489
2006-08-01,4.418000221252441,4.465000152587891,4.418000221252441,4.418000221252441,4.418000221252441,1447
2006-08-02,4.418000221252441,4.51200008392334,4.370999813079834,4.465000152587891,4.465000152587891,6064
2006-08-03,4.2769999504089355,4.747000217437744,4.2769999504089355,4.6529998779296875,4.6529998779296875,13660
2006-08-04,4.699999809265137,4.747000217437744,4.605999946594238,4.699999809265137,4.699999809265137,20553
2006-08-07,4.6529998779296875,4.6529998779296875,4.465000152587891,4.51200008392334,4.51200008392334,7532
2006-08-08,4.465000152587891,4.6529998779296875,4.465000152587891,4.51200008392334,4.51200008392334,4681
2006-08-09,4.465000152587891,4.747000217437744,4.465000152587891,4.605999946594238,4.605999946594238,17830
2006-08-10,4.605999946594238,4.605999946594238,4.51200008392334,4.51200008392334,4.51200008392334,6766
2006-08-11,4.51200008392334,4.605999946594238,4.51200008392334,4.51200008392334,4.51200008392334,14872
2006-08-14,4.465000152587891,4.465000152587891,3.7130000591278076,4.2769999504089355,4.2769999504089355,302596
2006-08-15,4.230000019073486,4.230000019073486,3.994999885559082,4.183000087738037,4.183000087738037,131149
2006-08-16,3.994999885559082,4.230000019073486,3.994999885559082,4.041999816894531,4.041999816894531,7064
2006-08-17,4.041999816894531,4.183000087738037,3.994999885559082,3.994999885559082,3.994999885559082,11213
2006-08-18,3.947999954223633,3.994999885559082,3.7130000591278076,3.8540000915527344,3.8540000915527344,56745
2006-08-21,4.230000019073486,4.2769999504089355,3.9010000228881836,4.136000156402588,4.136000156402588,49489
2006-08-22,4.465000152587891,4.51200008392334,4.323999881744385,4.51200008392334,4.51200008392334,78021
2006-08-23,4.51200008392334,4.51200008392334,4.183000087738037,4.323999881744385,4.323999881744385,9277
2006-08-24,4.183000087738037,4.465000152587891,4.089000225067139,4.323999881744385,4.323999881744385,13298
2006-08-25,4.230000019073486,4.323999881744385,4.183000087738037,4.323999881744385,4.323999881744385,5234
2006-08-28,3.994999885559082,4.230000019073486,3.994999885559082,4.136000156402588,4.136000156402588,11362
2006-08-29,4.136000156402588,4.183000087738037,3.806999921798706,4.089000225067139,4.089000225067139,12447
2006-08-30,4.089000225067139,4.183000087738037,3.8540000915527344,3.994999885559082,3.994999885559082,32213
2006-08-31,3.8540000915527344,3.994999885559082,3.61899995803833,3.6659998893737793,3.6659998893737793,63064
2006-09-01,3.6659998893737793,3.947999954223633,3.6659998893737793,3.806999921798706,3.806999921798706,32915
2006-09-05,3.6659998893737793,3.9010000228881836,3.6659998893737793,3.759999990463257,3.759999990463257,29638
2006-09-06,3.6659998893737793,3.806999921798706,3.5250000953674316,3.6659998893737793,3.6659998893737793,24128
2006-09-07,3.5250000953674316,3.7130000591278076,3.5250000953674316,3.7130000591278076,3.7130000591278076,7617
2006-09-08,3.7130000591278076,3.9010000228881836,3.6659998893737793,3.7130000591278076,3.7130000591278076,20043
2006-09-11,3.572000026702881,3.7130000591278076,3.572000026702881,3.61899995803833,3.61899995803833,3489
2006-09-12,3.572000026702881,3.61899995803833,3.384000062942505,3.430999994277954,3.430999994277954,59915
2006-09-13,3.430999994277954,3.5250000953674316,3.3369998931884766,3.3369998931884766,3.3369998931884766,20574
2006-09-14,3.3369998931884766,3.5250000953674316,3.243000030517578,3.3369998931884766,3.3369998931884766,36340
2006-09-15,3.7130000591278076,3.7130000591278076,3.430999994277954,3.5250000953674316,3.5250000953674316,31064
2006-09-18,3.61899995803833,3.6659998893737793,3.430999994277954,3.5250000953674316,3.5250000953674316,15681
2006-09-19,3.430999994277954,3.5250000953674316,3.430999994277954,3.4779999256134033,3.4779999256134033,2574
2006-09-20,3.430999994277954,3.4779999256134033,3.384000062942505,3.430999994277954,3.430999994277954,5340
2006-09-21,3.2899999618530273,3.430999994277954,3.1489999294281006,3.196000099182129,3.196000099182129,77043
2006-09-22,3.1489999294281006,3.430999994277954,3.1489999294281006,3.243000030517578,3.243000030517578,21809
2006-09-25,3.4779999256134033,3.4779999256134033,3.243000030517578,3.430999994277954,3.430999994277954,15809
2006-09-26,3.2899999618530273,3.384000062942505,3.243000030517578,3.384000062942505,3.384000062942505,10681
2006-09-27,3.243000030517578,3.3369998931884766,3.1489999294281006,3.2899999618530273,3.2899999618530273,15532
2006-09-28,3.243000030517578,3.384000062942505,3.196000099182129,3.384000062942505,3.384000062942505,11702
2006-09-29,3.384000062942505,3.384000062942505,3.243000030517578,3.2899999618530273,3.2899999618530273,21553
2006-10-02,3.243000030517578,3.2899999618530273,2.9609999656677246,3.055000066757202,3.055000066757202,39149
2006-10-03,3.1019999980926514,3.196000099182129,3.055000066757202,3.1489999294281006,3.1489999294281006,6936
2006-10-04,3.055000066757202,3.1489999294281006,2.867000102996826,2.9140000343322754,2.9140000343322754,80426
2006-10-05,2.867000102996826,3.055000066757202,2.867000102996826,3.007999897003174,3.007999897003174,30979
2006-10-06,2.9140000343322754,3.055000066757202,2.9140000343322754,2.9609999656677246,2.9609999656677246,22383
2006-10-09,2.9609999656677246,3.3369998931884766,2.9609999656677246,3.2899999618530273,3.2899999618530273,51957
2006-10-10,3.243000030517578,3.3369998931884766,3.1489999294281006,3.2899999618530273,3.2899999618530273,43213
2006-10-11,3.196000099182129,3.384000062942505,3.1489999294281006,3.3369998931884766,3.3369998931884766,20021
2006-10-12,3.3369998931884766,3.430999994277954,3.243000030517578,3.3369998931884766,3.3369998931884766,38383
2006-10-13,3.3369998931884766,3.3369998931884766,3.196000099182129,3.2899999618530273,3.2899999618530273,33745
2006-10-16,3.196000099182129,3.3369998931884766,3.1489999294281006,3.196000099182129,3.196000099182129,27128
2006-10-17,3.1489999294281006,3.2899999618530273,3.1489999294281006,3.243000030517578,3.243000030517578,28383
2006-10-18,3.196000099182129,3.2899999618530273,3.1019999980926514,3.1019999980926514,3.1019999980926514,9043
2006-10-19,3.055000066757202,3.1489999294281006,3.007999897003174,3.1489999294281006,3.1489999294281006,15979
2006-10-20,3.1489999294281006,3.243000030517578,3.055000066757202,3.243000030517578,3.243000030517578,19021
2006-10-23,3.1019999980926514,3.3369998931884766,3.1019999980926514,3.196000099182129,3.196000099182129,37319
2006-10-24,3.243000030517578,3.2899999618530273,3.1489999294281006,3.196000099182129,3.196000099182129,17915
2006-10-25,3.1489999294281006,3.2899999618530273,3.055000066757202,3.1019999980926514,3.1019999980926514,38489
2006-10-26,3.2899999618530273,3.384000062942505,3.196000099182129,3.384000062942505,3.384000062942505,25532
2006-10-27,3.5250000953674316,3.7130000591278076,3.430999994277954,3.7130000591278076,3.7130000591278076,62191
2006-10-30,3.7130000591278076,3.9010000228881836,3.61899995803833,3.7130000591278076,3.7130000591278076,36319
2006-10-31,3.7130000591278076,3.759999990463257,3.61899995803833,3.6659998893737793,3.6659998893737793,20426
2006-11-01,3.6659998893737793,3.7130000591278076,3.430999994277954,3.5250000953674316,3.5250000953674316,19383
2006-11-02,3.5250000953674316,3.572000026702881,3.384000062942505,3.4779999256134033,3.4779999256134033,12809
2006-11-03,3.4779999256134033,3.4779999256134033,3.2899999618530273,3.2899999618530273,3.2899999618530273,13851
2006-11-06,3.3369998931884766,3.5250000953674316,3.243000030517578,3.2899999618530273,3.2899999618530273,25191
2006-11-07,3.2899999618530273,3.572000026702881,3.243000030517578,3.4779999256134033,3.4779999256134033,12468
2006-11-08,3.2899999618530273,3.572000026702881,3.2899999618530273,3.572000026702881,3.572000026702881,16681
2006-11-09,3.384000062942505,3.6659998893737793,3.384000062942505,3.6659998893737793,3.6659998893737793,9638
2006-11-10,3.5250000953674316,3.61899995803833,3.384000062942505,3.4779999256134033,3.4779999256134033,20319
2006-11-13,3.384000062942505,3.7130000591278076,3.384000062942505,3.5250000953674316,3.5250000953674316,40872
2006-11-14,3.3369998931884766,3.384000062942505,3.196000099182129,3.3369998931884766,3.3369998931884766,102617
2006-11-15,3.196000099182129,3.384000062942505,3.196000099182129,3.3369998931884766,3.3369998931884766,37149
2006-11-16,3.384000062942505,3.572000026702881,3.384000062942505,3.430999994277954,3.430999994277954,15723
2006-11-17,3.2899999618530273,3.5250000953674316,3.243000030517578,3.430999994277954,3.430999994277954,8277
2006-11-20,3.384000062942505,3.5250000953674316,3.2899999618530273,3.3369998931884766,3.3369998931884766,23447
2006-11-21,3.243000030517578,3.384000062942505,3.196000099182129,3.3369998931884766,3.3369998931884766,32574
2006-11-22,3.384000062942505,3.384000062942505,3.243000030517578,3.384000062942505,3.384000062942505,11426
2006-11-24,3.384000062942505,3.572000026702881,3.3369998931884766,3.5250000953674316,3.5250000953674316,20915
2006-11-27,3.572000026702881,3.572000026702881,3.3369998931884766,3.384000062942505,3.384000062942505,8681
2006-11-28,3.384000062942505,3.430999994277954,3.1489999294281006,3.2899999618530273,3.2899999618530273,28787
2006-11-29,3.384000062942505,3.5250000953674316,3.243000030517578,3.5250000953674316,3.5250000953674316,33979
2006-11-30,3.384000062942505,3.4779999256134033,3.2899999618530273,3.4779999256134033,3.4779999256134033,15957
2006-12-01,3.2899999618530273,3.4779999256134033,3.2899999618530273,3.384000062942505,3.384000062942505,16000
2006-12-04,3.4779999256134033,3.572000026702881,3.3369998931884766,3.430999994277954,3.430999994277954,31830
2006-12-05,3.5250000953674316,3.572000026702881,3.384000062942505,3.5250000953674316,3.5250000953674316,37872
2006-12-06,3.5250000953674316,3.572000026702881,3.384000062942505,3.4779999256134033,3.4779999256134033,24979
2006-12-07,3.572000026702881,3.572000026702881,3.384000062942505,3.5250000953674316,3.5250000953674316,17085
2006-12-08,3.4779999256134033,3.947999954223633,3.4779999256134033,3.759999990463257,3.759999990463257,91106
2006-12-11,4.183000087738037,4.418000221252441,3.759999990463257,3.806999921798706,3.806999921798706,142723
2006-12-12,3.8540000915527344,4.2769999504089355,3.8540000915527344,4.136000156402588,4.136000156402588,80957
2006-12-13,4.230000019073486,4.699999809265137,4.183000087738037,4.370999813079834,4.370999813079834,145021
2006-12-14,4.605999946594238,4.605999946594238,4.230000019073486,4.418000221252441,4.418000221252441,36511
2006-12-15,4.559000015258789,4.559000015258789,4.183000087738037,4.2769999504089355,4.2769999504089355,33106
2006-12-18,4.183000087738037,4.323999881744385,4.183000087738037,4.230000019073486,4.230000019073486,42128
2006-12-19,4.323999881744385,4.323999881744385,3.9010000228881836,3.9010000228881836,3.9010000228881836,32489
2006-12-20,3.9010000228881836,4.183000087738037,3.9010000228881836,4.041999816894531,4.041999816894531,62915
2006-12-21,4.041999816894531,4.370999813079834,3.9010000228881836,4.323999881744385,4.323999881744385,96191
2006-12-22,4.230000019073486,4.888000011444092,4.230000019073486,4.605999946594238,4.605999946594238,203447
2006-12-26,4.794000148773193,5.5929999351501465,4.794000148773193,5.0289998054504395,5.0289998054504395,471574
2006-12-27,5.546000003814697,6.1570000648498535,5.40500020980835,5.921999931335449,5.921999931335449,822064
2006-12-28,6.063000202178955,6.297999858856201,5.357999801635742,5.40500020980835,5.40500020980835,479787
2006-12-29,5.357999801635742,5.452000141143799,5.0289998054504395,5.170000076293945,5.170000076293945,209085
2007-01-03,5.499000072479248,6.626999855041504,5.499000072479248,6.110000133514404,6.110000133514404,647745
2007-01-04,6.250999927520752,6.34499979019165,5.2170000076293945,5.734000205993652,5.734000205993652,305532
2007-01-05,5.828000068664551,6.063000202178955,5.499000072479248,6.063000202178955,6.063000202178955,253574
2007-01-08,6.5329999923706055,6.76800012588501,6.250999927520752,6.486000061035156,6.486000061035156,507468
2007-01-09,6.626999855041504,6.626999855041504,6.1570000648498535,6.439000129699707,6.439000129699707,186894
2007-01-10,6.34499979019165,6.34499979019165,5.734000205993652,5.968999862670898,5.968999862670898,204532
2007-01-11,5.968999862670898,6.250999927520752,5.639999866485596,5.828000068664551,5.828000068664551,144766
2007-01-12,5.828000068664551,5.875,5.499000072479248,5.828000068664551,5.828000068664551,226277
2007-01-16,6.110000133514404,6.34499979019165,5.452000141143799,5.452000141143799,5.452000141143799,215085
2007-01-17,5.828000068664551,5.875,5.546000003814697,5.734000205993652,5.734000205993652,140489
2007-01-18,5.781000137329102,5.781000137329102,4.841000080108643,5.2170000076293945,5.2170000076293945,183681
2007-01-19,5.170000076293945,5.357999801635742,4.98199987411499,5.170000076293945,5.170000076293945,129574
2007-01-22,4.934999942779541,5.123000144958496,4.841000080108643,4.841000080108643,4.841000080108643,224277
2007-01-23,4.98199987411499,5.263999938964844,4.888000011444092,5.2170000076293945,5.2170000076293945,199745
2007-01-24,5.2170000076293945,5.499000072479248,5.170000076293945,5.499000072479248,5.499000072479248,145468
2007-01-25,5.546000003814697,5.546000003814697,5.076000213623047,5.170000076293945,5.170000076293945,108447
2007-01-26,5.170000076293945,5.263999938964844,4.934999942779541,5.076000213623047,5.076000213623047,106936
2007-01-29,5.076000213623047,5.170000076293945,4.605999946594238,4.794000148773193,4.794000148773193,150574
2007-01-30,4.841000080108643,4.841000080108643,4.605999946594238,4.699999809265137,4.699999809265137,111830
2007-01-31,4.841000080108643,4.888000011444092,4.605999946594238,4.6529998779296875,4.6529998779296875,96809
2007-02-01,4.605999946594238,4.605999946594238,4.323999881744385,4.418000221252441,4.418000221252441,93596
2007-02-02,4.418000221252441,4.605999946594238,4.2769999504089355,4.51200008392334,4.51200008392334,74191
2007-02-05,4.6529998779296875,4.841000080108643,4.605999946594238,4.841000080108643,4.841000080108643,95255
2007-02-06,4.841000080108643,5.499000072479248,4.841000080108643,5.357999801635742,5.357999801635742,243915
2007-02-07,5.357999801635742,5.40500020980835,5.0289998054504395,5.076000213623047,5.076000213623047,133128
2007-02-08,5.123000144958496,5.40500020980835,5.0289998054504395,5.310999870300293,5.310999870300293,109617
2007-02-09,5.357999801635742,5.452000141143799,5.170000076293945,5.2170000076293945,5.2170000076293945,91511
2007-02-12,5.123000144958496,5.123000144958496,4.888000011444092,4.934999942779541,4.934999942779541,103489
2007-02-13,4.794000148773193,4.934999942779541,4.747000217437744,4.841000080108643,4.841000080108643,84702
2007-02-14,4.794000148773193,4.98199987411499,4.747000217437744,4.841000080108643,4.841000080108643,41277
2007-02-15,4.888000011444092,4.98199987411499,4.747000217437744,4.794000148773193,4.794000148773193,45574
2007-02-16,4.794000148773193,5.546000003814697,4.747000217437744,5.310999870300293,5.310999870300293,169021
2007-02-20,5.310999870300293,5.781000137329102,5.170000076293945,5.639999866485596,5.639999866485596,178809
2007-02-21,5.734000205993652,5.781000137329102,5.40500020980835,5.639999866485596,5.639999866485596,95660
2007-02-22,5.734000205993652,5.734000205993652,5.40500020980835,5.452000141143799,5.452000141143799,84447
2007-02-23,5.40500020980835,5.452000141143799,5.310999870300293,5.40500020980835,5.40500020980835,37149
2007-02-26,5.40500020980835,5.40500020980835,5.2170000076293945,5.263999938964844,5.263999938964844,34447
2007-02-27,5.170000076293945,5.170000076293945,4.747000217437744,4.794000148773193,4.794000148773193,96894
2007-02-28,4.747000217437744,4.934999942779541,4.605999946594238,4.6529998779296875,4.6529998779296875,144404
2007-03-01,4.6529998779296875,4.747000217437744,4.559000015258789,4.6529998779296875,4.6529998779296875,57170
2007-03-02,4.699999809265137,5.076000213623047,4.559000015258789,4.841000080108643,4.841000080108643,108234
2007-03-05,4.747000217437744,4.841000080108643,4.605999946594238,4.605999946594238,4.605999946594238,97979
2007-03-06,4.699999809265137,4.888000011444092,4.699999809265137,4.794000148773193,4.794000148773193,49574
2007-03-07,4.747000217437744,4.794000148773193,4.6529998779296875,4.6529998779296875,4.6529998779296875,20723
2007-03-08,4.699999809265137,4.794000148773193,4.6529998779296875,4.699999809265137,4.699999809265137,46660
2007-03-09,4.794000148773193,4.794000148773193,4.465000152587891,4.559000015258789,4.559000015258789,53277
2007-03-12,4.559000015258789,4.6529998779296875,4.370999813079834,4.51200008392334,4.51200008392334,57447
2007-03-13,4.465000152587891,4.559000015258789,4.418000221252441,4.51200008392334,4.51200008392334,45149
2007-03-14,4.418000221252441,4.51200008392334,4.418000221252441,4.418000221252441,4.418000221252441,27830
2007-03-15,4.418000221252441,4.841000080108643,4.418000221252441,4.418000221252441,4.418000221252441,57511
2007-03-16,4.418000221252441,4.51200008392334,4.2769999504089355,4.370999813079834,4.370999813079834,38532
2007-03-19,4.370999813079834,4.370999813079834,4.2769999504089355,4.370999813079834,4.370999813079834,18255
2007-03-20,4.370999813079834,4.465000152587891,4.2769999504089355,4.418000221252441,4.418000221252441,4745
2007-03-21,4.465000152587891,4.559000015258789,4.418000221252441,4.51200008392334,4.51200008392334,12362
2007-03-22,4.465000152587891,4.699999809265137,4.370999813079834,4.6529998779296875,4.6529998779296875,24170
2007-03-23,4.51200008392334,4.934999942779541,4.51200008392334,4.841000080108643,4.841000080108643,61745
2007-03-26,4.699999809265137,4.841000080108643,4.699999809265137,4.841000080108643,4.841000080108643,45362
2007-03-27,4.841000080108643,4.841000080108643,4.747000217437744,4.747000217437744,4.747000217437744,21638
2007-03-28,4.747000217437744,4.841000080108643,4.699999809265137,4.794000148773193,4.794000148773193,26617
2007-03-29,4.794000148773193,5.0289998054504395,4.794000148773193,4.98199987411499,4.98199987411499,52638
2007-03-30,4.98199987411499,5.310999870300293,4.747000217437744,4.841000080108643,4.841000080108643,85957
2007-04-02,4.747000217437744,4.841000080108643,4.605999946594238,4.699999809265137,4.699999809265137,90128
2007-04-03,4.559000015258789,4.699999809265137,3.806999921798706,4.041999816894531,4.041999816894531,267043
2007-04-04,3.994999885559082,4.230000019073486,3.994999885559082,4.230000019073486,4.230000019073486,57787
2007-04-05,4.2769999504089355,4.370999813079834,4.089000225067139,4.230000019073486,4.230000019073486,48191
2007-04-09,4.230000019073486,4.230000019073486,3.947999954223633,4.089000225067139,4.089000225067139,38979
2007-04-10,3.9010000228881836,4.089000225067139,3.9010000228881836,3.9010000228881836,3.9010000228881836,48915
2007-04-11,3.8540000915527344,3.994999885559082,3.8540000915527344,3.9010000228881836,3.9010000228881836,55553
2007-04-12,3.9010000228881836,3.947999954223633,3.806999921798706,3.8540000915527344,3.8540000915527344,53383
2007-04-13,3.806999921798706,4.041999816894531,3.806999921798706,3.8540000915527344,3.8540000915527344,43851
2007-04-16,3.806999921798706,4.183000087738037,3.806999921798706,4.089000225067139,4.089000225067139,49064
2007-04-17,4.041999816894531,4.418000221252441,4.041999816894531,4.323999881744385,4.323999881744385,57255
2007-04-18,4.136000156402588,4.465000152587891,4.136000156402588,4.230000019073486,4.230000019073486,18085
2007-04-19,4.323999881744385,4.888000011444092,4.230000019073486,4.699999809265137,4.699999809265137,156362
2007-04-20,4.888000011444092,5.0289998054504395,4.794000148773193,4.934999942779541,4.934999942779541,83787
2007-04-23,4.841000080108643,4.98199987411499,4.794000148773193,4.841000080108643,4.841000080108643,26617
2007-04-24,4.747000217437744,4.934999942779541,4.699999809265137,4.699999809265137,4.699999809265137,34553
2007-04-25,4.699999809265137,4.841000080108643,4.699999809265137,4.747000217437744,4.747000217437744,52596
2007-04-26,4.699999809265137,4.794000148773193,4.51200008392334,4.6529998779296875,4.6529998779296875,48596
2007-04-27,4.51200008392334,4.699999809265137,4.465000152587891,4.465000152587891,4.465000152587891,34426
2007-04-30,4.559000015258789,4.6529998779296875,4.51200008392334,4.559000015258789,4.559000015258789,17574
2007-05-01,4.6529998779296875,4.699999809265137,4.51200008392334,4.6529998779296875,4.6529998779296875,33617
2007-05-02,4.51200008392334,4.747000217437744,4.51200008392334,4.699999809265137,4.699999809265137,25872
2007-05-03,4.699999809265137,4.794000148773193,4.699999809265137,4.794000148773193,4.794000148773193,18617
2007-05-04,4.841000080108643,5.076000213623047,4.699999809265137,4.98199987411499,4.98199987411499,68000
2007-05-07,4.98199987411499,5.123000144958496,4.841000080108643,4.888000011444092,4.888000011444092,24149
2007-05-08,4.841000080108643,4.934999942779541,4.51200008392334,4.699999809265137,4.699999809265137,35957
2007-05-09,4.605999946594238,4.794000148773193,4.605999946594238,4.747000217437744,4.747000217437744,29681
2007-05-10,4.699999809265137,4.841000080108643,4.699999809265137,4.794000148773193,4.794000148773193,43936
2007-05-11,4.794000148773193,4.888000011444092,4.747000217437744,4.747000217437744,4.747000217437744,50872
2007-05-14,4.699999809265137,4.841000080108643,4.699999809265137,4.699999809265137,4.699999809265137,12766
2007-05-15,4.794000148773193,4.934999942779541,4.747000217437744,4.888000011444092,4.888000011444092,34745
2007-05-16,4.6529998779296875,4.6529998779296875,4.370999813079834,4.418000221252441,4.418000221252441,98596
2007-05-17,4.465000152587891,4.747000217437744,4.418000221252441,4.465000152587891,4.465000152587891,27085
2007-05-18,4.465000152587891,4.559000015258789,4.418000221252441,4.465000152587891,4.465000152587891,36170
2007-05-21,4.465000152587891,4.605999946594238,4.418000221252441,4.465000152587891,4.465000152587891,15553
2007-05-22,4.465000152587891,4.559000015258789,4.418000221252441,4.465000152587891,4.465000152587891,24894
2007-05-23,4.605999946594238,4.605999946594238,4.465000152587891,4.559000015258789,4.559000015258789,37021
2007-05-24,4.418000221252441,4.559000015258789,4.418000221252441,4.418000221252441,4.418000221252441,13660
2007-05-25,4.418000221252441,4.794000148773193,4.418000221252441,4.747000217437744,4.747000217437744,82170
2007-05-29,4.6529998779296875,4.747000217437744,4.605999946594238,4.6529998779296875,4.6529998779296875,24191
2007-05-30,4.605999946594238,4.699999809265137,4.51200008392334,4.559000015258789,4.559000015258789,17872
2007-05-31,4.699999809265137,4.699999809265137,4.418000221252441,4.559000015258789,4.559000015258789,59149
2007-06-01,4.51200008392334,4.605999946594238,4.418000221252441,4.51200008392334,4.51200008392334,18511
2007-06-04,4.465000152587891,4.51200008392334,4.418000221252441,4.418000221252441,4.418000221252441,11489
2007-06-05,4.465000152587891,4.51200008392334,4.370999813079834,4.418000221252441,4.418000221252441,18872
2007-06-06,4.418000221252441,4.465000152587891,4.370999813079834,4.370999813079834,4.370999813079834,31170
2007-06-07,4.465000152587891,4.51200008392334,4.323999881744385,4.370999813079834,4.370999813079834,8617
2007-06-08,4.418000221252441,4.465000152587891,4.323999881744385,4.418000221252441,4.418000221252441,6191
2007-06-11,4.2769999504089355,4.418000221252441,4.2769999504089355,4.418000221252441,4.418000221252441,12787
2007-06-12,4.370999813079834,4.418000221252441,4.323999881744385,4.323999881744385,4.323999881744385,17553
2007-06-13,4.2769999504089355,4.370999813079834,4.2769999504089355,4.370999813079834,4.370999813079834,7468
2007-06-14,4.2769999504089355,4.370999813079834,4.2769999504089355,4.323999881744385,4.323999881744385,26106
2007-06-15,4.323999881744385,4.51200008392334,4.323999881744385,4.465000152587891,4.465000152587891,22383
2007-06-18,4.465000152587891,4.559000015258789,4.418000221252441,4.51200008392334,4.51200008392334,9340
2007-06-19,4.465000152587891,4.51200008392334,4.418000221252441,4.51200008392334,4.51200008392334,18468
2007-06-20,4.418000221252441,4.559000015258789,4.418000221252441,4.465000152587891,4.465000152587891,19234
2007-06-21,4.465000152587891,4.559000015258789,4.323999881744385,4.323999881744385,4.323999881744385,10638
2007-06-22,4.323999881744385,4.465000152587891,4.2769999504089355,4.323999881744385,4.323999881744385,9660
2007-06-25,4.2769999504089355,4.370999813079834,4.230000019073486,4.230000019073486,4.230000019073486,17021
2007-06-26,4.183000087738037,4.2769999504089355,4.136000156402588,4.183000087738037,4.183000087738037,34617
2007-06-27,4.136000156402588,4.136000156402588,3.8540000915527344,4.136000156402588,4.136000156402588,46702
2007-06-28,4.041999816894531,4.089000225067139,3.9010000228881836,3.947999954223633,3.947999954223633,23383
2007-06-29,3.8540000915527344,3.994999885559082,3.8540000915527344,3.947999954223633,3.947999954223633,21596
2007-07-02,3.947999954223633,4.041999816894531,3.8540000915527344,3.947999954223633,3.947999954223633,20766
2007-07-03,3.9010000228881836,3.994999885559082,3.9010000228881836,3.994999885559082,3.994999885559082,10319
2007-07-05,4.041999816894531,4.230000019073486,3.947999954223633,4.041999816894531,4.041999816894531,26170
2007-07-06,4.183000087738037,4.183000087738037,3.947999954223633,4.089000225067139,4.089000225067139,15766
2007-07-09,4.136000156402588,4.559000015258789,4.136000156402588,4.559000015258789,4.559000015258789,67766
2007-07-10,4.6529998779296875,4.98199987411499,4.6529998779296875,4.794000148773193,4.794000148773193,130851
2007-07-11,4.794000148773193,4.934999942779541,4.699999809265137,4.747000217437744,4.747000217437744,32255
2007-07-12,4.794000148773193,4.934999942779541,4.747000217437744,4.841000080108643,4.841000080108643,48170
2007-07-13,4.888000011444092,5.076000213623047,4.841000080108643,4.934999942779541,4.934999942779541,47298
2007-07-16,4.888000011444092,4.98199987411499,4.747000217437744,4.794000148773193,4.794000148773193,15128
2007-07-17,4.794000148773193,4.934999942779541,4.559000015258789,4.605999946594238,4.605999946594238,38787
2007-07-18,4.6529998779296875,4.699999809265137,4.2769999504089355,4.605999946594238,4.605999946594238,95021
2007-07-19,4.559000015258789,4.747000217437744,4.559000015258789,4.6529998779296875,4.6529998779296875,46723
2007-07-20,4.6529998779296875,4.699999809265137,4.51200008392334,4.605999946594238,4.605999946594238,19213
2007-07-23,4.559000015258789,4.841000080108643,4.559000015258789,4.747000217437744,4.747000217437744,20574
2007-07-24,4.699999809265137,4.794000148773193,4.51200008392334,4.605999946594238,4.605999946594238,28532
2007-07-25,4.6529998779296875,4.6529998779296875,4.465000152587891,4.465000152587891,4.465000152587891,21213
2007-07-26,4.465000152587891,4.465000152587891,4.2769999504089355,4.2769999504089355,4.2769999504089355,54660
2007-07-27,4.2769999504089355,4.51200008392334,4.2769999504089355,4.323999881744385,4.323999881744385,9936
2007-07-30,4.323999881744385,4.465000152587891,4.2769999504089355,4.323999881744385,4.323999881744385,9936
2007-07-31,4.323999881744385,4.605999946594238,4.323999881744385,4.605999946594238,4.605999946594238,27638
2007-08-01,4.51200008392334,4.794000148773193,4.465000152587891,4.605999946594238,4.605999946594238,31872
2007-08-02,4.794000148773193,4.841000080108643,4.6529998779296875,4.841000080108643,4.841000080108643,18021
2007-08-03,4.794000148773193,4.841000080108643,4.747000217437744,4.747000217437744,4.747000217437744,11894
2007-08-06,4.6529998779296875,4.747000217437744,4.465000152587891,4.51200008392334,4.51200008392334,13553
2007-08-07,4.699999809265137,4.888000011444092,4.605999946594238,4.841000080108643,4.841000080108643,43128
2007-08-08,4.888000011444092,4.934999942779541,4.6529998779296875,4.747000217437744,4.747000217437744,26021
2007-08-09,4.605999946594238,4.888000011444092,4.605999946594238,4.888000011444092,4.888000011444092,36000
2007-08-10,4.934999942779541,4.934999942779541,4.559000015258789,4.605999946594238,4.605999946594238,53362
2007-08-13,4.888000011444092,4.888000011444092,4.51200008392334,4.51200008392334,4.51200008392334,54915
2007-08-14,4.934999942779541,4.934999942779541,4.699999809265137,4.747000217437744,4.747000217437744,70404
2007-08-15,4.934999942779541,4.934999942779541,4.699999809265137,4.841000080108643,4.841000080108643,36000
2007-08-16,4.888000011444092,4.888000011444092,4.51200008392334,4.794000148773193,4.794000148773193,49702
2007-08-17,4.794000148773193,4.888000011444092,4.699999809265137,4.747000217437744,4.747000217437744,29234
2007-08-20,4.699999809265137,4.794000148773193,4.605999946594238,4.6529998779296875,4.6529998779296875,27149
2007-08-21,4.605999946594238,4.747000217437744,4.51200008392334,4.699999809265137,4.699999809265137,30340
2007-08-22,4.747000217437744,4.888000011444092,4.699999809265137,4.888000011444092,4.888000011444092,20660
2007-08-23,4.841000080108643,5.357999801635742,4.841000080108643,5.357999801635742,5.357999801635742,73234
2007-08-24,5.357999801635742,5.734000205993652,5.2170000076293945,5.546000003814697,5.546000003814697,102404
2007-08-27,5.828000068664551,6.5329999923706055,5.686999797821045,6.34499979019165,6.34499979019165,236957
2007-08-28,6.297999858856201,6.297999858856201,5.828000068664551,5.921999931335449,5.921999931335449,72809
2007-08-29,5.875,6.1570000648498535,5.734000205993652,6.063000202178955,6.063000202178955,61000
2007-08-30,6.110000133514404,6.5329999923706055,5.921999931335449,6.439000129699707,6.439000129699707,78936
2007-08-31,6.579999923706055,7.002999782562256,6.439000129699707,6.815000057220459,6.815000057220459,179447
2007-09-04,7.050000190734863,7.4730000495910645,6.908999919891357,7.23799991607666,7.23799991607666,151191
2007-09-05,7.284999847412109,7.4730000495910645,7.050000190734863,7.190999984741211,7.190999984741211,79638
2007-09-06,7.002999782562256,7.23799991607666,6.392000198364258,6.392000198364258,6.392000198364258,109234
2007-09-07,6.1570000648498535,6.34499979019165,5.921999931335449,6.110000133514404,6.110000133514404,64915
2007-09-10,6.110000133514404,6.203999996185303,5.639999866485596,6.110000133514404,6.110000133514404,81511
2007-09-11,5.686999797821045,6.34499979019165,5.686999797821045,6.015999794006348,6.015999794006348,54894
2007-09-12,6.063000202178955,6.203999996185303,5.921999931335449,6.110000133514404,6.110000133514404,23894
2007-09-13,6.203999996185303,6.203999996185303,5.921999931335449,6.015999794006348,6.015999794006348,29511
2007-09-14,5.921999931335449,6.063000202178955,5.875,5.968999862670898,5.968999862670898,17319
2007-09-17,5.875,6.015999794006348,5.828000068664551,5.968999862670898,5.968999862670898,21638
2007-09-18,6.110000133514404,6.250999927520752,5.875,6.015999794006348,6.015999794006348,41936
2007-09-19,6.110000133514404,6.110000133514404,5.875,6.063000202178955,6.063000202178955,31894
2007-09-20,6.063000202178955,6.110000133514404,5.875,5.875,5.875,59745
2007-09-21,5.968999862670898,6.626999855041504,5.968999862670898,6.439000129699707,6.439000129699707,136766
2007-09-24,6.76800012588501,6.815000057220459,6.203999996185303,6.297999858856201,6.297999858856201,62894
2007-09-25,6.203999996185303,6.5329999923706055,6.1570000648498535,6.392000198364258,6.392000198364258,31213
2007-09-26,6.34499979019165,6.5329999923706055,6.110000133514404,6.250999927520752,6.250999927520752,29128
2007-09-27,6.203999996185303,6.34499979019165,6.015999794006348,6.110000133514404,6.110000133514404,15511
2007-09-28,6.063000202178955,6.34499979019165,5.921999931335449,6.1570000648498535,6.1570000648498535,26106
2007-10-01,6.1570000648498535,6.34499979019165,6.110000133514404,6.1570000648498535,6.1570000648498535,33915
2007-10-02,6.110000133514404,7.190999984741211,6.110000133514404,7.144000053405762,7.144000053405762,152468
2007-10-03,7.190999984741211,7.331999778747559,6.439000129699707,7.23799991607666,7.23799991607666,62447
2007-10-04,7.0970001220703125,7.331999778747559,6.861999988555908,6.955999851226807,6.955999851226807,21021
2007-10-05,6.955999851226807,7.050000190734863,6.5329999923706055,6.579999923706055,6.579999923706055,53447
2007-10-08,6.7210001945495605,6.955999851226807,6.673999786376953,6.861999988555908,6.861999988555908,22447
2007-10-09,6.76800012588501,6.861999988555908,6.579999923706055,6.673999786376953,6.673999786376953,18979
2007-10-10,6.7210001945495605,6.955999851226807,6.486000061035156,6.486000061035156,6.486000061035156,37638
2007-10-11,6.673999786376953,6.908999919891357,5.921999931335449,6.1570000648498535,6.1570000648498535,81936
2007-10-12,6.34499979019165,6.486000061035156,6.110000133514404,6.392000198364258,6.392000198364258,30298
2007-10-15,6.34499979019165,6.392000198364258,6.110000133514404,6.250999927520752,6.250999927520752,21043
2007-10-16,6.34499979019165,6.579999923706055,6.110000133514404,6.34499979019165,6.34499979019165,32936
2007-10-17,6.34499979019165,6.486000061035156,6.203999996185303,6.203999996185303,6.203999996185303,17021
2007-10-18,6.250999927520752,6.486000061035156,6.203999996185303,6.439000129699707,6.439000129699707,8617
2007-10-19,6.5329999923706055,6.5329999923706055,6.203999996185303,6.439000129699707,6.439000129699707,20702
2007-10-22,6.203999996185303,6.34499979019165,5.968999862670898,6.063000202178955,6.063000202178955,23340
2007-10-23,6.1570000648498535,6.626999855041504,6.063000202178955,6.297999858856201,6.297999858856201,16447
2007-10-24,6.297999858856201,6.439000129699707,6.250999927520752,6.439000129699707,6.439000129699707,17936
2007-10-25,6.439000129699707,6.439000129699707,6.203999996185303,6.34499979019165,6.34499979019165,7000
2007-10-26,6.439000129699707,6.439000129699707,6.1570000648498535,6.34499979019165,6.34499979019165,11170
2007-10-29,6.34499979019165,6.392000198364258,6.203999996185303,6.297999858856201,6.297999858856201,13043
2007-10-30,6.297999858856201,6.579999923706055,6.297999858856201,6.439000129699707,6.439000129699707,16277
2007-10-31,6.439000129699707,6.626999855041504,6.297999858856201,6.5329999923706055,6.5329999923706055,26234
2007-11-01,6.392000198364258,6.439000129699707,5.921999931335449,5.921999931335449,5.921999931335449,49234
2007-11-02,5.875,6.203999996185303,5.828000068664551,5.875,5.875,29043
2007-11-05,5.875,5.968999862670898,5.639999866485596,5.968999862670898,5.968999862670898,24766
2007-11-06,5.828000068664551,6.015999794006348,5.5929999351501465,5.875,5.875,17277
2007-11-07,5.686999797821045,5.968999862670898,5.5929999351501465,5.686999797821045,5.686999797821045,20766
2007-11-08,5.686999797821045,5.686999797821045,5.2170000076293945,5.310999870300293,5.310999870300293,72681
2007-11-09,5.263999938964844,5.734000205993652,5.263999938964844,5.686999797821045,5.686999797821045,31787
2007-11-12,5.40500020980835,6.015999794006348,5.40500020980835,5.781000137329102,5.781000137329102,24702
2007-11-13,5.875,6.015999794006348,5.639999866485596,5.828000068664551,5.828000068664551,59085
2007-11-14,6.063000202178955,6.955999851226807,6.063000202178955,6.203999996185303,6.203999996185303,80553
2007-11-15,6.297999858856201,6.297999858856201,5.828000068664551,5.968999862670898,5.968999862670898,37851
2007-11-16,5.921999931335449,6.015999794006348,5.639999866485596,5.734000205993652,5.734000205993652,29915
2007-11-19,5.734000205993652,5.734000205993652,5.40500020980835,5.452000141143799,5.452000141143799,26745
2007-11-20,5.40500020980835,6.110000133514404,5.2170000076293945,5.310999870300293,5.310999870300293,42702
2007-11-21,5.2170000076293945,5.5929999351501465,4.934999942779541,5.0289998054504395,5.0289998054504395,44660
2007-11-23,4.934999942779541,5.40500020980835,4.888000011444092,5.076000213623047,5.076000213623047,35191
2007-11-26,4.934999942779541,5.40500020980835,4.934999942779541,5.076000213623047,5.076000213623047,24702
2007-11-27,4.98199987411499,5.357999801635742,4.98199987411499,5.310999870300293,5.310999870300293,31766
2007-11-28,5.40500020980835,5.875,5.40500020980835,5.734000205993652,5.734000205993652,33319
2007-11-29,5.5929999351501465,5.921999931335449,5.5929999351501465,5.828000068664551,5.828000068664551,12447
2007-11-30,5.639999866485596,6.203999996185303,5.5929999351501465,6.015999794006348,6.015999794006348,27851
2007-12-03,6.110000133514404,6.1570000648498535,5.781000137329102,5.968999862670898,5.968999862670898,12511
2007-12-04,5.875,5.921999931335449,5.639999866485596,5.781000137329102,5.781000137329102,6362
2007-12-05,5.828000068664551,5.921999931335449,5.686999797821045,5.921999931335449,5.921999931335449,6191
2007-12-06,5.968999862670898,5.968999862670898,5.40500020980835,5.921999931335449,5.921999931335449,13532
2007-12-07,5.875,6.1570000648498535,5.781000137329102,6.1570000648498535,6.1570000648498535,47702
2007-12-10,6.1570000648498535,6.5329999923706055,6.1570000648498535,6.5329999923706055,6.5329999923706055,36894
2007-12-11,6.439000129699707,6.486000061035156,6.110000133514404,6.1570000648498535,6.1570000648498535,16149
2007-12-12,6.110000133514404,6.486000061035156,5.734000205993652,6.34499979019165,6.34499979019165,56255
2007-12-13,6.1570000648498535,6.250999927520752,6.015999794006348,6.110000133514404,6.110000133514404,8128
2007-12-14,5.921999931335449,6.110000133514404,5.686999797821045,5.828000068664551,5.828000068664551,13234
2007-12-17,5.639999866485596,6.015999794006348,5.40500020980835,5.639999866485596,5.639999866485596,13553
2007-12-18,5.546000003814697,5.921999931335449,5.40500020980835,5.828000068664551,5.828000068664551,15638
2007-12-19,5.639999866485596,6.015999794006348,5.546000003814697,6.015999794006348,6.015999794006348,27681
2007-12-20,5.921999931335449,6.34499979019165,5.921999931335449,6.34499979019165,6.34499979019165,37894
2007-12-21,6.34499979019165,6.5329999923706055,6.250999927520752,6.297999858856201,6.297999858856201,26213
2007-12-24,6.1570000648498535,6.439000129699707,6.1570000648498535,6.34499979019165,6.34499979019165,2553
2007-12-26,6.34499979019165,6.34499979019165,6.015999794006348,6.063000202178955,6.063000202178955,14340
2007-12-27,6.110000133514404,6.203999996185303,5.499000072479248,5.828000068664551,5.828000068664551,14553
2007-12-28,6.015999794006348,6.015999794006348,5.734000205993652,5.921999931335449,5.921999931335449,7872
2007-12-31,5.734000205993652,5.968999862670898,5.639999866485596,5.875,5.875,26043
2008-01-02,5.781000137329102,6.015999794006348,5.639999866485596,5.781000137329102,5.781000137329102,18128
2008-01-03,5.639999866485596,5.828000068664551,5.499000072479248,5.546000003814697,5.546000003814697,12915
2008-01-04,5.499000072479248,5.828000068664551,5.40500020980835,5.686999797821045,5.686999797821045,33447
2008-01-07,5.686999797821045,5.686999797821045,5.357999801635742,5.499000072479248,5.499000072479248,30447
2008-01-08,5.639999866485596,5.734000205993652,5.5929999351501465,5.686999797821045,5.686999797821045,13149
2008-01-09,5.5929999351501465,5.781000137329102,5.357999801635742,5.357999801635742,5.357999801635742,21085
2008-01-10,5.310999870300293,5.5929999351501465,5.310999870300293,5.546000003814697,5.546000003814697,21851
2008-01-11,5.452000141143799,5.546000003814697,5.357999801635742,5.452000141143799,5.452000141143799,21957
2008-01-14,5.357999801635742,5.499000072479248,5.357999801635742,5.357999801635742,5.357999801635742,14638
2008-01-15,5.310999870300293,5.40500020980835,5.2170000076293945,5.263999938964844,5.263999938964844,21085
2008-01-16,5.40500020980835,5.40500020980835,5.170000076293945,5.40500020980835,5.40500020980835,17915
2008-01-17,5.170000076293945,5.40500020980835,5.076000213623047,5.170000076293945,5.170000076293945,21383
2008-01-18,5.2170000076293945,5.2170000076293945,5.0289998054504395,5.123000144958496,5.123000144958496,9085
2008-01-22,4.6529998779296875,4.888000011444092,4.6529998779296875,4.888000011444092,4.888000011444092,38957
2008-01-23,4.934999942779541,5.076000213623047,4.559000015258789,5.076000213623047,5.076000213623047,29787
2008-01-24,5.0289998054504395,5.170000076293945,4.794000148773193,5.170000076293945,5.170000076293945,11319
2008-01-25,5.123000144958496,5.170000076293945,4.699999809265137,4.841000080108643,4.841000080108643,20043
2008-01-28,4.699999809265137,4.98199987411499,4.699999809265137,4.888000011444092,4.888000011444092,13830
2008-01-29,4.841000080108643,5.170000076293945,4.747000217437744,4.98199987411499,4.98199987411499,7745
2008-01-30,4.841000080108643,5.170000076293945,4.747000217437744,4.98199987411499,4.98199987411499,6234
2008-01-31,4.841000080108643,5.123000144958496,4.747000217437744,5.0289998054504395,5.0289998054504395,8298
2008-02-01,4.934999942779541,5.076000213623047,4.699999809265137,4.794000148773193,4.794000148773193,18362
2008-02-04,4.699999809265137,4.98199987411499,4.699999809265137,4.794000148773193,4.794000148773193,4532
2008-02-05,4.699999809265137,5.076000213623047,4.699999809265137,4.888000011444092,4.888000011444092,13596
2008-02-06,4.794000148773193,4.888000011444092,4.699999809265137,4.794000148773193,4.794000148773193,12596
2008-02-07,4.699999809265137,4.794000148773193,4.559000015258789,4.699999809265137,4.699999809265137,31255
2008-02-08,4.699999809265137,4.699999809265137,4.605999946594238,4.699999809265137,4.699999809265137,9936
2008-02-11,4.699999809265137,4.934999942779541,4.699999809265137,4.934999942779541,4.934999942779541,1809
2008-02-12,4.794000148773193,4.934999942779541,4.699999809265137,4.888000011444092,4.888000011444092,11404
2008-02-13,4.934999942779541,4.934999942779541,4.747000217437744,4.794000148773193,4.794000148773193,5234
2008-02-14,4.888000011444092,4.934999942779541,4.699999809265137,4.794000148773193,4.794000148773193,23532
2008-02-15,4.888000011444092,4.888000011444092,4.699999809265137,4.794000148773193,4.794000148773193,5766
2008-02-19,4.747000217437744,4.794000148773193,4.699999809265137,4.747000217437744,4.747000217437744,3170
2008-02-20,4.747000217437744,4.794000148773193,4.699999809265137,4.699999809265137,4.699999809265137,8489
2008-02-21,4.841000080108643,4.888000011444092,4.6529998779296875,4.699999809265137,4.699999809265137,12021
2008-02-22,4.605999946594238,4.6529998779296875,4.418000221252441,4.605999946594238,4.605999946594238,33638
2008-02-25,4.605999946594238,4.747000217437744,4.418000221252441,4.559000015258789,4.559000015258789,20170
2008-02-26,4.6529998779296875,4.699999809265137,4.51200008392334,4.6529998779296875,4.6529998779296875,8383
2008-02-27,4.699999809265137,4.841000080108643,4.605999946594238,4.6529998779296875,4.6529998779296875,9362
2008-02-28,4.51200008392334,4.699999809265137,4.51200008392334,4.6529998779296875,4.6529998779296875,1511
2008-02-29,4.51200008392334,4.6529998779296875,4.418000221252441,4.605999946594238,4.605999946594238,11894
2008-03-03,4.465000152587891,4.6529998779296875,4.418000221252441,4.465000152587891,4.465000152587891,11596
2008-03-04,4.605999946594238,4.605999946594238,4.418000221252441,4.465000152587891,4.465000152587891,4936
2008-03-05,4.51200008392334,4.605999946594238,4.51200008392334,4.559000015258789,4.559000015258789,6511
2008-03-06,4.605999946594238,4.699999809265137,4.370999813079834,4.51200008392334,4.51200008392334,42021
2008-03-07,4.2769999504089355,4.418000221252441,4.041999816894531,4.041999816894531,4.041999816894531,81064
2008-03-10,4.041999816894531,4.230000019073486,4.041999816894531,4.041999816894531,4.041999816894531,22170
2008-03-11,4.041999816894531,4.041999816894531,3.61899995803833,3.806999921798706,3.806999921798706,43234
2008-03-12,4.51200008392334,4.51200008392334,3.947999954223633,4.041999816894531,4.041999816894531,12128
2008-03-13,3.994999885559082,4.041999816894531,3.8540000915527344,3.9010000228881836,3.9010000228881836,7128
2008-03-14,3.947999954223633,3.947999954223633,3.759999990463257,3.759999990463257,3.759999990463257,6851
2008-03-17,3.806999921798706,4.089000225067139,3.6659998893737793,3.8540000915527344,3.8540000915527344,7830
2008-03-18,3.8540000915527344,4.041999816894531,3.759999990463257,3.806999921798706,3.806999921798706,9532
2008-03-19,3.759999990463257,3.947999954223633,3.759999990463257,3.806999921798706,3.806999921798706,9660
2008-03-20,3.8540000915527344,4.041999816894531,3.759999990463257,3.994999885559082,3.994999885559082,7489
2008-03-24,3.994999885559082,4.230000019073486,3.9010000228881836,4.136000156402588,4.136000156402588,9957
2008-03-25,4.136000156402588,4.323999881744385,4.089000225067139,4.230000019073486,4.230000019073486,7617
2008-03-26,4.465000152587891,4.6529998779296875,4.041999816894531,4.230000019073486,4.230000019073486,59404
2008-03-27,4.323999881744385,4.323999881744385,4.136000156402588,4.136000156402588,4.136000156402588,7660
2008-03-28,4.136000156402588,4.2769999504089355,4.136000156402588,4.136000156402588,4.136000156402588,7468
2008-03-31,4.183000087738037,4.2769999504089355,4.136000156402588,4.136000156402588,4.136000156402588,8383
2008-04-01,4.136000156402588,4.559000015258789,4.136000156402588,4.465000152587891,4.465000152587891,45936
2008-04-02,4.465000152587891,4.888000011444092,4.465000152587891,4.699999809265137,4.699999809265137,41745
2008-04-03,4.841000080108643,5.076000213623047,4.230000019073486,4.98199987411499,4.98199987411499,30894
2008-04-04,4.888000011444092,4.934999942779541,4.699999809265137,4.934999942779541,4.934999942779541,15298
2008-04-07,4.934999942779541,5.076000213623047,4.747000217437744,4.98199987411499,4.98199987411499,25723
2008-04-08,4.841000080108643,4.98199987411499,4.747000217437744,4.794000148773193,4.794000148773193,21277
2008-04-09,4.888000011444092,4.888000011444092,4.699999809265137,4.747000217437744,4.747000217437744,13596
2008-04-10,4.699999809265137,4.794000148773193,4.559000015258789,4.747000217437744,4.747000217437744,5574
2008-04-11,4.6529998779296875,4.699999809265137,4.418000221252441,4.51200008392334,4.51200008392334,6362
2008-04-14,4.418000221252441,4.51200008392334,4.370999813079834,4.465000152587891,4.465000152587891,8723
2008-04-15,4.370999813079834,4.6529998779296875,4.370999813079834,4.51200008392334,4.51200008392334,11809
2008-04-16,4.51200008392334,4.747000217437744,4.465000152587891,4.605999946594238,4.605999946594238,9298
2008-04-17,4.605999946594238,4.6529998779296875,4.418000221252441,4.418000221252441,4.418000221252441,5660
2008-04-18,4.418000221252441,4.51200008392334,4.370999813079834,4.370999813079834,4.370999813079834,31574
2008-04-21,4.370999813079834,4.465000152587891,4.370999813079834,4.465000152587891,4.465000152587891,2404
2008-04-22,4.418000221252441,4.605999946594238,4.230000019073486,4.465000152587891,4.465000152587891,9213
2008-04-23,4.2769999504089355,4.465000152587891,4.2769999504089355,4.323999881744385,4.323999881744385,19426
2008-04-24,4.323999881744385,4.465000152587891,4.230000019073486,4.230000019073486,4.230000019073486,19979
2008-04-25,4.136000156402588,4.370999813079834,4.136000156402588,4.370999813079834,4.370999813079834,12213
2008-04-28,4.183000087738037,4.465000152587891,4.183000087738037,4.418000221252441,4.418000221252441,6830
2008-04-29,4.418000221252441,4.51200008392334,4.230000019073486,4.370999813079834,4.370999813079834,3383
2008-04-30,4.323999881744385,4.418000221252441,4.230000019073486,4.370999813079834,4.370999813079834,8830
2008-05-01,4.370999813079834,4.370999813079834,4.136000156402588,4.2769999504089355,4.2769999504089355,4085
2008-05-02,4.136000156402588,4.230000019073486,4.136000156402588,4.183000087738037,4.183000087738037,7681
2008-05-05,4.136000156402588,4.370999813079834,4.136000156402588,4.183000087738037,4.183000087738037,11383
2008-05-06,4.136000156402588,4.183000087738037,3.994999885559082,4.041999816894531,4.041999816894531,24468
2008-05-07,3.994999885559082,4.136000156402588,3.994999885559082,3.994999885559082,3.994999885559082,11872
2008-05-08,3.947999954223633,4.089000225067139,3.947999954223633,3.994999885559082,3.994999885559082,9468
2008-05-09,3.994999885559082,4.136000156402588,3.994999885559082,3.994999885559082,3.994999885559082,10787
2008-05-12,3.947999954223633,4.136000156402588,3.9010000228881836,3.994999885559082,3.994999885559082,35617
2008-05-13,3.994999885559082,4.370999813079834,3.994999885559082,4.2769999504089355,4.2769999504089355,42213
2008-05-14,4.465000152587891,4.51200008392334,4.2769999504089355,4.2769999504089355,4.2769999504089355,68277
2008-05-15,4.418000221252441,4.418000221252441,4.136000156402588,4.136000156402588,4.136000156402588,46957
2008-05-16,4.183000087738037,4.183000087738037,3.947999954223633,4.089000225067139,4.089000225067139,16553
2008-05-19,3.994999885559082,4.230000019073486,3.994999885559082,4.089000225067139,4.089000225067139,12447
2008-05-20,4.041999816894531,4.183000087738037,4.041999816894531,4.136000156402588,4.136000156402588,10915
2008-05-21,4.041999816894531,4.2769999504089355,4.041999816894531,4.089000225067139,4.089000225067139,100149
2008-05-22,4.183000087738037,4.230000019073486,4.041999816894531,4.041999816894531,4.041999816894531,72319
2008-05-23,4.136000156402588,4.183000087738037,3.994999885559082,4.089000225067139,4.089000225067139,50170
2008-05-27,4.089000225067139,4.418000221252441,4.089000225067139,4.2769999504089355,4.2769999504089355,10064
2008-05-28,4.2769999504089355,4.418000221252441,4.2769999504089355,4.370999813079834,4.370999813079834,7681
2008-05-29,4.2769999504089355,4.465000152587891,4.089000225067139,4.370999813079834,4.370999813079834,21511
2008-05-30,4.323999881744385,4.418000221252441,4.2769999504089355,4.418000221252441,4.418000221252441,11000
2008-06-02,4.349999904632568,4.849999904632568,4.320000171661377,4.699999809265137,4.699999809265137,13500
2008-06-03,4.590000152587891,4.690000057220459,4.320000171661377,4.690000057220459,4.690000057220459,7900
2008-06-04,4.690000057220459,5.050000190734863,4.599999904632568,5.039999961853027,5.039999961853027,22500
2008-06-05,5.0,5.309999942779541,4.539999961853027,5.25,5.25,53400
2008-06-06,5.159999847412109,5.300000190734863,5.0,5.260000228881836,5.260000228881836,33600
2008-06-09,5.199999809265137,5.559999942779541,5.199999809265137,5.25,5.25,22300
2008-06-10,5.139999866485596,5.179999828338623,4.940000057220459,5.0,5.0,16000
2008-06-11,4.909999847412109,5.010000228881836,4.909999847412109,5.010000228881836,5.010000228881836,10500
2008-06-12,5.03000020980835,5.239999771118164,5.03000020980835,5.099999904632568,5.099999904632568,17000
2008-06-13,5.03000020980835,5.480000019073486,5.010000228881836,5.28000020980835,5.28000020980835,11300
2008-06-16,5.300000190734863,5.489999771118164,5.300000190734863,5.46999979019165,5.46999979019165,25000
2008-06-17,5.139999866485596,5.239999771118164,5.0,5.0,5.0,46600
2008-06-18,5.0,5.079999923706055,5.0,5.059999942779541,5.059999942779541,13700
2008-06-19,4.980000019073486,5.070000171661377,4.949999809265137,5.03000020980835,5.03000020980835,37200
2008-06-20,5.070000171661377,5.090000152587891,4.96999979019165,5.019999980926514,5.019999980926514,6200
2008-06-23,4.96999979019165,5.099999904632568,4.849999904632568,4.900000095367432,4.900000095367432,51800
2008-06-24,4.860000133514404,5.039999961853027,4.860000133514404,4.880000114440918,4.880000114440918,13800
2008-06-25,4.869999885559082,5.090000152587891,4.869999885559082,5.090000152587891,5.090000152587891,9300
2008-06-26,5.139999866485596,5.139999866485596,4.880000114440918,4.96999979019165,4.96999979019165,6100
2008-06-27,4.949999809265137,4.949999809265137,4.610000133514404,4.690000057220459,4.690000057220459,87100
2008-06-30,3.5,4.949999809265137,3.5,4.75,4.75,26400
2008-07-01,4.849999904632568,4.849999904632568,4.349999904632568,4.360000133514404,4.360000133514404,59400
2008-07-02,4.369999885559082,4.400000095367432,4.300000190734863,4.300000190734863,4.300000190734863,19600
2008-07-03,4.309999942779541,4.46999979019165,4.28000020980835,4.320000171661377,4.320000171661377,46100
2008-07-07,4.360000133514404,4.389999866485596,4.300000190734863,4.329999923706055,4.329999923706055,4700
2008-07-08,4.400000095367432,4.409999847412109,3.9100000858306885,4.300000190734863,4.300000190734863,17300
2008-07-09,4.300000190734863,4.300000190734863,4.050000190734863,4.130000114440918,4.130000114440918,4900
2008-07-10,4.130000114440918,4.159999847412109,3.9000000953674316,4.039999961853027,4.039999961853027,20000
2008-07-11,4.0,4.0,3.9000000953674316,3.930000066757202,3.930000066757202,18000
2008-07-14,3.9100000858306885,3.950000047683716,3.9000000953674316,3.9200000762939453,3.9200000762939453,12700
2008-07-15,3.9100000858306885,3.9100000858306885,3.7300000190734863,3.799999952316284,3.799999952316284,48200
2008-07-16,4.010000228881836,4.010000228881836,3.799999952316284,3.990000009536743,3.990000009536743,7300
2008-07-17,3.9000000953674316,3.9800000190734863,3.8299999237060547,3.950000047683716,3.950000047683716,38000
2008-07-18,3.869999885559082,4.019999980926514,3.869999885559082,4.010000228881836,4.010000228881836,19700
2008-07-21,3.950000047683716,4.230000019073486,3.8499999046325684,4.130000114440918,4.130000114440918,26200
2008-07-22,4.300000190734863,4.429999828338623,4.110000133514404,4.420000076293945,4.420000076293945,13600
2008-07-23,4.409999847412109,4.570000171661377,4.269999980926514,4.28000020980835,4.28000020980835,15300
2008-07-24,4.260000228881836,4.409999847412109,4.260000228881836,4.360000133514404,4.360000133514404,6600
2008-07-25,4.349999904632568,4.449999809265137,4.309999942779541,4.400000095367432,4.400000095367432,4900
2008-07-28,3.9000000953674316,4.300000190734863,3.9000000953674316,4.039999961853027,4.039999961853027,57400
2008-07-29,4.010000228881836,4.070000171661377,4.010000228881836,4.070000171661377,4.070000171661377,7500
2008-07-30,4.010000228881836,4.28000020980835,4.010000228881836,4.099999904632568,4.099999904632568,2200
2008-07-31,3.990000009536743,4.150000095367432,3.990000009536743,4.090000152587891,4.090000152587891,10000
2008-08-01,4.070000171661377,4.179999828338623,4.070000171661377,4.119999885559082,4.119999885559082,8500
2008-08-04,4.059999942779541,4.369999885559082,4.059999942779541,4.179999828338623,4.179999828338623,11100
2008-08-05,4.110000133514404,4.360000133514404,4.110000133514404,4.360000133514404,4.360000133514404,3300
2008-08-06,4.400000095367432,4.579999923706055,4.400000095367432,4.440000057220459,4.440000057220459,10400
2008-08-07,4.369999885559082,4.400000095367432,4.25,4.289999961853027,4.289999961853027,12100
2008-08-08,4.239999771118164,4.449999809265137,4.099999904632568,4.099999904632568,4.099999904632568,22900
2008-08-11,4.090000152587891,4.179999828338623,4.010000228881836,4.170000076293945,4.170000076293945,14700
2008-08-12,4.199999809265137,4.210000038146973,4.110000133514404,4.119999885559082,4.119999885559082,6700
2008-08-13,4.059999942779541,4.159999847412109,4.059999942779541,4.159999847412109,4.159999847412109,12800
2008-08-14,4.050000190734863,4.090000152587891,3.859999895095825,3.9000000953674316,3.9000000953674316,60900
2008-08-15,4.0,4.0,3.7899999618530273,3.8299999237060547,3.8299999237060547,76100
2008-08-18,3.7899999618530273,3.7899999618530273,3.509999990463257,3.5799999237060547,3.5799999237060547,156000
2008-08-19,3.5299999713897705,3.5299999713897705,3.259999990463257,3.3499999046325684,3.3499999046325684,77900
2008-08-20,3.2899999618530273,3.4000000953674316,3.259999990463257,3.309999942779541,3.309999942779541,79900
2008-08-21,3.25,3.5999999046325684,3.25,3.5,3.5,236200
2008-08-22,3.4800000190734863,3.5,3.3499999046325684,3.4600000381469727,3.4600000381469727,90500
2008-08-25,3.5999999046325684,3.5999999046325684,3.390000104904175,3.390000104904175,3.390000104904175,24700
2008-08-26,3.4000000953674316,3.690000057220459,3.369999885559082,3.380000114440918,3.380000114440918,20900
2008-08-27,3.3299999237060547,3.4200000762939453,3.3299999237060547,3.4000000953674316,3.4000000953674316,16300
2008-08-28,3.4000000953674316,3.4000000953674316,3.2100000381469727,3.2100000381469727,3.2100000381469727,138600
2008-08-29,3.25,3.2699999809265137,3.119999885559082,3.240000009536743,3.240000009536743,46200
2008-09-02,3.190000057220459,3.2200000286102295,3.140000104904175,3.2200000286102295,3.2200000286102295,43000
2008-09-03,3.2300000190734863,3.2300000190734863,3.1700000762939453,3.200000047683716,3.200000047683716,151800
2008-09-04,3.2300000190734863,3.2300000190734863,3.0999999046325684,3.109999895095825,3.109999895095825,78300
2008-09-05,3.140000104904175,3.2899999618530273,3.0999999046325684,3.2899999618530273,3.2899999618530273,43500
2008-09-08,3.259999990463257,3.359999895095825,3.25,3.259999990463257,3.259999990463257,27300
2008-09-09,3.259999990463257,3.259999990463257,3.140000104904175,3.200000047683716,3.200000047683716,65500
2008-09-10,3.200000047683716,3.240000009536743,3.1500000953674316,3.1500000953674316,3.1500000953674316,37000
2008-09-11,3.200000047683716,3.3299999237060547,3.190000057220459,3.200000047683716,3.200000047683716,14700
2008-09-12,3.200000047683716,3.2799999713897705,3.200000047683716,3.2100000381469727,3.2100000381469727,7000
2008-09-15,3.200000047683716,3.2100000381469727,3.0399999618530273,3.0799999237060547,3.0799999237060547,14200
2008-09-16,3.049999952316284,3.2799999713897705,2.5999999046325684,2.6700000762939453,2.6700000762939453,116700
2008-09-17,2.5799999237060547,2.690000057220459,2.450000047683716,2.490000009536743,2.490000009536743,117400
2008-09-18,2.5199999809265137,2.5799999237060547,2.309999942779541,2.3299999237060547,2.3299999237060547,126600
2008-09-19,2.440000057220459,3.25,2.299999952316284,3.25,3.25,100900
2008-09-22,3.190000057220459,3.190000057220459,2.700000047683716,2.799999952316284,2.799999952316284,60500
2008-09-23,2.799999952316284,2.799999952316284,2.4200000762939453,2.559999942779541,2.559999942779541,110300
2008-09-24,2.5299999713897705,2.5899999141693115,2.4600000381469727,2.549999952316284,2.549999952316284,40200
2008-09-25,2.5399999618530273,2.700000047683716,2.5399999618530273,2.569999933242798,2.569999933242798,7800
2008-09-26,2.4800000190734863,2.569999933242798,2.450000047683716,2.450000047683716,2.450000047683716,25300
2008-09-29,2.450000047683716,2.450000047683716,2.2200000286102295,2.2200000286102295,2.2200000286102295,99000
2008-09-30,2.2300000190734863,2.5,2.2300000190734863,2.4100000858306885,2.4100000858306885,35000
2008-10-01,2.509999990463257,2.5899999141693115,2.450000047683716,2.450000047683716,2.450000047683716,4200
2008-10-02,2.569999933242798,2.569999933242798,2.25,2.25,2.25,19000
2008-10-03,2.259999990463257,2.4000000953674316,2.200000047683716,2.259999990463257,2.259999990463257,11600
2008-10-06,2.200000047683716,2.25,2.009999990463257,2.0399999618530273,2.0399999618530273,17200
2008-10-07,2.0299999713897705,2.1600000858306885,2.0,2.0,2.0,78400
2008-10-08,1.940000057220459,2.0,1.7899999618530273,1.899999976158142,1.899999976158142,43100
2008-10-09,1.899999976158142,1.940000057220459,1.7799999713897705,1.809999942779541,1.809999942779541,10900
2008-10-10,1.75,1.75,1.5299999713897705,1.5299999713897705,1.5299999713897705,46800
2008-10-13,1.8799999952316284,2.0399999618530273,1.7599999904632568,1.850000023841858,1.850000023841858,18300
2008-10-14,1.9299999475479126,2.009999990463257,1.8700000047683716,1.9299999475479126,1.9299999475479126,8000
2008-10-15,1.909999966621399,1.909999966621399,1.75,1.8200000524520874,1.8200000524520874,10100
2008-10-16,1.7899999618530273,2.1500000953674316,1.75,1.9900000095367432,1.9900000095367432,23500
2008-10-17,2.009999990463257,2.2200000286102295,2.009999990463257,2.0999999046325684,2.0999999046325684,12100
2008-10-20,2.009999990463257,2.190000057220459,2.009999990463257,2.0199999809265137,2.0199999809265137,4600
2008-10-21,2.049999952316284,2.2799999713897705,1.9500000476837158,2.2799999713897705,2.2799999713897705,20100
2008-10-22,2.1600000858306885,2.380000114440918,2.119999885559082,2.1600000858306885,2.1600000858306885,9700
2008-10-23,2.049999952316284,2.069999933242798,1.7599999904632568,1.9299999475479126,1.9299999475479126,6700
2008-10-24,1.600000023841858,1.809999942779541,1.600000023841858,1.7000000476837158,1.7000000476837158,16300
2008-10-27,1.7300000190734863,1.7999999523162842,1.6699999570846558,1.75,1.75,39500
2008-10-28,2.190000057220459,2.190000057220459,1.899999976158142,2.0,2.0,11900
2008-10-29,1.899999976158142,1.9800000190734863,1.7699999809265137,1.7799999713897705,1.7799999713897705,12600
2008-10-30,1.850000023841858,1.9199999570846558,1.8200000524520874,1.8300000429153442,1.8300000429153442,9600
2008-10-31,1.8300000429153442,1.8700000047683716,1.649999976158142,1.850000023841858,1.850000023841858,14500
2008-11-03,1.909999966621399,2.0,1.7699999809265137,1.9900000095367432,1.9900000095367432,12200
2008-11-04,1.9900000095367432,2.0799999237060547,1.9299999475479126,2.059999942779541,2.059999942779541,11500
2008-11-05,1.9800000190734863,2.0799999237060547,1.809999942779541,2.0799999237060547,2.0799999237060547,14600
2008-11-06,1.8600000143051147,1.9500000476837158,1.840000033378601,1.9199999570846558,1.9199999570846558,11500
2008-11-07,1.909999966621399,1.909999966621399,1.7200000286102295,1.8700000047683716,1.8700000047683716,27600
2008-11-10,1.8600000143051147,1.8600000143051147,1.0,1.2799999713897705,1.2799999713897705,325700
2008-11-11,1.1799999475479126,1.2899999618530273,1.100000023841858,1.2100000381469727,1.2100000381469727,39800
2008-11-12,1.2000000476837158,1.2000000476837158,1.0099999904632568,1.059999942779541,1.059999942779541,43500
2008-11-13,1.0099999904632568,1.0399999618530273,0.8600000143051147,0.8999999761581421,0.8999999761581421,116800
2008-11-14,0.8600000143051147,1.1100000143051147,0.8600000143051147,1.0299999713897705,1.0299999713897705,23900
2008-11-17,0.9700000286102295,1.0,0.8999999761581421,0.9599999785423279,0.9599999785423279,15800
2008-11-18,0.9200000166893005,0.9599999785423279,0.9200000166893005,0.9300000071525574,0.9300000071525574,13900
2008-11-19,0.9100000262260437,0.9800000190734863,0.8899999856948853,0.9300000071525574,0.9300000071525574,18000
2008-11-20,0.8899999856948853,0.8899999856948853,0.8600000143051147,0.8600000143051147,0.8600000143051147,13900
2008-11-21,0.800000011920929,0.8600000143051147,0.6899999976158142,0.7799999713897705,0.7799999713897705,12400
2008-11-24,0.8500000238418579,0.8700000047683716,0.7799999713897705,0.8399999737739563,0.8399999737739563,19100
2008-11-25,0.8600000143051147,0.8899999856948853,0.75,0.8600000143051147,0.8600000143051147,14200
2008-11-26,0.8899999856948853,0.9399999976158142,0.8299999833106995,0.8700000047683716,0.8700000047683716,14700
2008-11-28,0.8600000143051147,0.8799999952316284,0.800000011920929,0.8799999952316284,0.8799999952316284,7200
2008-12-01,0.9100000262260437,0.9399999976158142,0.8500000238418579,0.9399999976158142,0.9399999976158142,1400
2008-12-02,0.9100000262260437,0.9399999976158142,0.75,0.8500000238418579,0.8500000238418579,26800
2008-12-03,0.7699999809265137,0.9399999976158142,0.7699999809265137,0.800000011920929,0.800000011920929,11300
2008-12-04,0.7300000190734863,0.7900000214576721,0.699999988079071,0.7799999713897705,0.7799999713897705,43400
2008-12-05,0.75,0.7799999713897705,0.699999988079071,0.7400000095367432,0.7400000095367432,41300
2008-12-08,0.800000011920929,0.800000011920929,0.75,0.7699999809265137,0.7699999809265137,32600
2008-12-09,0.8899999856948853,0.8899999856948853,0.7699999809265137,0.7699999809265137,0.7699999809265137,17600
2008-12-10,0.8199999928474426,0.8199999928474426,0.800000011920929,0.800000011920929,0.800000011920929,10300
2008-12-11,0.7699999809265137,0.8199999928474426,0.7699999809265137,0.7900000214576721,0.7900000214576721,16400
2008-12-12,0.800000011920929,0.8100000023841858,0.7699999809265137,0.8100000023841858,0.8100000023841858,2400
2008-12-15,0.7699999809265137,0.8700000047683716,0.7699999809265137,0.8700000047683716,0.8700000047683716,32900
2008-12-16,0.7900000214576721,1.1100000143051147,0.7900000214576721,0.9100000262260437,0.9100000262260437,98900
2008-12-17,1.0,1.0,0.8199999928474426,0.8500000238418579,0.8500000238418579,9500
2008-12-18,0.8199999928474426,0.8799999952316284,0.8100000023841858,0.8799999952316284,0.8799999952316284,1800
2008-12-19,0.8100000023841858,0.8899999856948853,0.7699999809265137,0.800000011920929,0.800000011920929,38100
2008-12-22,0.7799999713897705,0.8299999833106995,0.7799999713897705,0.800000011920929,0.800000011920929,6300
2008-12-23,0.8500000238418579,0.8899999856948853,0.800000011920929,0.800000011920929,0.800000011920929,13900
2008-12-24,0.800000011920929,0.8100000023841858,0.800000011920929,0.800000011920929,0.800000011920929,11600
2008-12-26,0.8799999952316284,0.8799999952316284,0.7900000214576721,0.8199999928474426,0.8199999928474426,51800
2008-12-29,0.7699999809265137,0.8100000023841858,0.7699999809265137,0.7799999713897705,0.7799999713897705,55900
2008-12-30,0.7699999809265137,0.7699999809265137,0.7099999785423279,0.7200000286102295,0.7200000286102295,72900
2008-12-31,0.699999988079071,0.7400000095367432,0.699999988079071,0.7300000190734863,0.7300000190734863,86500
2009-01-02,0.75,0.7900000214576721,0.75,0.7900000214576721,0.7900000214576721,22800
2009-01-05,0.7699999809265137,0.7900000214576721,0.7699999809265137,0.7900000214576721,0.7900000214576721,17700
2009-01-06,0.8100000023841858,0.8899999856948853,0.8100000023841858,0.8700000047683716,0.8700000047683716,14400
2009-01-07,0.8700000047683716,0.8700000047683716,0.8299999833106995,0.8700000047683716,0.8700000047683716,57600
2009-01-08,0.8500000238418579,0.9300000071525574,0.8500000238418579,0.9300000071525574,0.9300000071525574,27000
2009-01-09,0.949999988079071,1.100000023841858,0.9399999976158142,1.0700000524520874,1.0700000524520874,61700
2009-01-12,1.2000000476837158,1.7400000095367432,1.0700000524520874,1.4800000190734863,1.4800000190734863,378800
2009-01-13,1.7000000476837158,1.899999976158142,1.3799999952316284,1.3899999856948853,1.3899999856948853,152200
2009-01-14,1.3200000524520874,1.3200000524520874,1.100000023841858,1.149999976158142,1.149999976158142,52900
2009-01-15,1.1699999570846558,1.190000057220459,1.0,1.0800000429153442,1.0800000429153442,59200
2009-01-16,1.090000033378601,1.2400000095367432,1.090000033378601,1.2200000286102295,1.2200000286102295,32600
2009-01-20,1.0499999523162842,1.350000023841858,1.0499999523162842,1.1200000047683716,1.1200000047683716,47100
2009-01-21,1.25,1.340000033378601,1.0800000429153442,1.25,1.25,17600
2009-01-22,1.2000000476837158,1.2300000190734863,1.149999976158142,1.190000057220459,1.190000057220459,62400
2009-01-23,1.149999976158142,1.190000057220459,1.1399999856948853,1.1799999475479126,1.1799999475479126,2000
2009-01-26,1.1399999856948853,1.149999976158142,1.0700000524520874,1.1100000143051147,1.1100000143051147,16500
2009-01-27,1.1399999856948853,1.1399999856948853,1.100000023841858,1.100000023841858,1.100000023841858,8700
2009-01-28,1.0800000429153442,1.0800000429153442,1.0299999713897705,1.0499999523162842,1.0499999523162842,18100
2009-01-29,1.0499999523162842,1.0800000429153442,1.0299999713897705,1.0499999523162842,1.0499999523162842,4100
2009-01-30,1.059999942779541,1.0700000524520874,1.0399999618530273,1.0700000524520874,1.0700000524520874,5100
2009-02-02,1.0099999904632568,1.0499999523162842,1.0,1.0199999809265137,1.0199999809265137,13800
2009-02-03,1.0499999523162842,1.0800000429153442,1.0099999904632568,1.0700000524520874,1.0700000524520874,14600
2009-02-04,1.0299999713897705,1.0499999523162842,1.0299999713897705,1.0399999618530273,1.0399999618530273,17400
2009-02-05,1.0399999618530273,1.0399999618530273,0.8999999761581421,0.9200000166893005,0.9200000166893005,31500
2009-02-06,0.9200000166893005,1.0499999523162842,0.9200000166893005,1.0099999904632568,1.0099999904632568,34500
2009-02-09,0.9800000190734863,1.0,0.9800000190734863,0.9800000190734863,0.9800000190734863,18200
2009-02-10,1.0,1.0099999904632568,1.0,1.0099999904632568,1.0099999904632568,6400
2009-02-11,0.9800000190734863,1.0199999809265137,0.9599999785423279,0.9599999785423279,0.9599999785423279,5800
2009-02-12,0.9399999976158142,1.0199999809265137,0.9399999976158142,0.9900000095367432,0.9900000095367432,4600
2009-02-13,1.0199999809265137,1.0199999809265137,0.9900000095367432,0.9900000095367432,0.9900000095367432,2800
2009-02-17,0.9700000286102295,1.0,0.9700000286102295,0.9700000286102295,0.9700000286102295,14800
2009-02-18,0.9200000166893005,1.0499999523162842,0.9200000166893005,0.9700000286102295,0.9700000286102295,13100
2009-02-19,0.9800000190734863,0.9900000095367432,0.9599999785423279,0.9900000095367432,0.9900000095367432,3000
2009-02-20,1.0,1.0,0.949999988079071,0.9900000095367432,0.9900000095367432,20100
2009-02-23,0.9700000286102295,0.9700000286102295,0.8999999761581421,0.9399999976158142,0.9399999976158142,54200
2009-02-24,0.949999988079071,0.9700000286102295,0.8999999761581421,0.8999999761581421,0.8999999761581421,19900
2009-02-25,0.8999999761581421,0.8999999761581421,0.8600000143051147,0.8600000143051147,0.8600000143051147,20200
2009-02-26,0.8999999761581421,0.9300000071525574,0.8999999761581421,0.8999999761581421,0.8999999761581421,6000
2009-02-27,0.8799999952316284,0.8799999952316284,0.8500000238418579,0.8700000047683716,0.8700000047683716,11800
2009-03-02,0.8500000238418579,0.8500000238418579,0.8299999833106995,0.8299999833106995,0.8299999833106995,2700
2009-03-03,0.8600000143051147,0.8600000143051147,0.7900000214576721,0.7900000214576721,0.7900000214576721,37500
2009-03-04,0.7900000214576721,0.8600000143051147,0.7900000214576721,0.8199999928474426,0.8199999928474426,28100
2009-03-05,0.800000011920929,0.800000011920929,0.7300000190734863,0.7300000190734863,0.7300000190734863,11500
2009-03-06,0.7599999904632568,0.7900000214576721,0.7400000095367432,0.7400000095367432,0.7400000095367432,22100
2009-03-09,0.7400000095367432,0.7599999904632568,0.699999988079071,0.699999988079071,0.699999988079071,21900
2009-03-10,0.8799999952316284,0.8799999952316284,0.7799999713897705,0.8100000023841858,0.8100000023841858,15400
2009-03-11,0.8299999833106995,0.8899999856948853,0.8100000023841858,0.8199999928474426,0.8199999928474426,2800
2009-03-12,0.7900000214576721,0.8399999737739563,0.7699999809265137,0.7900000214576721,0.7900000214576721,16100
2009-03-13,0.800000011920929,0.800000011920929,0.7799999713897705,0.7799999713897705,0.7799999713897705,4700
2009-03-16,0.8799999952316284,0.8799999952316284,0.800000011920929,0.800000011920929,0.800000011920929,7700
2009-03-17,0.8100000023841858,0.8199999928474426,0.7900000214576721,0.7900000214576721,0.7900000214576721,17100
2009-03-18,0.800000011920929,0.8899999856948853,0.800000011920929,0.8899999856948853,0.8899999856948853,31800
2009-03-19,0.8999999761581421,1.0499999523162842,0.8999999761581421,0.9900000095367432,0.9900000095367432,28700
2009-03-20,1.0,1.0,0.949999988079071,0.9900000095367432,0.9900000095367432,3600
2009-03-23,1.0,1.0399999618530273,0.9900000095367432,1.0099999904632568,1.0099999904632568,33700
2009-03-24,1.0,1.100000023841858,1.0,1.0299999713897705,1.0299999713897705,69700
2009-03-25,1.0,1.0499999523162842,1.0,1.0099999904632568,1.0099999904632568,5000
2009-03-26,1.0499999523162842,1.100000023841858,1.0499999523162842,1.100000023841858,1.100000023841858,36100
2009-03-27,1.0700000524520874,1.0700000524520874,1.0099999904632568,1.0199999809265137,1.0199999809265137,17100
2009-03-30,1.0199999809265137,1.0199999809265137,0.9599999785423279,0.9599999785423279,0.9599999785423279,17700
2009-03-31,1.0800000429153442,1.0800000429153442,0.9700000286102295,1.0,1.0,13200
2009-04-01,1.0099999904632568,1.0299999713897705,0.9100000262260437,0.9200000166893005,0.9200000166893005,29000
2009-04-02,0.9800000190734863,1.0,0.9300000071525574,0.949999988079071,0.949999988079071,17400
2009-04-03,0.9800000190734863,1.0,0.949999988079071,0.949999988079071,0.949999988079071,5100
2009-04-06,0.9300000071525574,0.9700000286102295,0.8999999761581421,0.8999999761581421,0.8999999761581421,15600
2009-04-07,0.9100000262260437,1.2599999904632568,0.9100000262260437,1.2300000190734863,1.2300000190734863,69000
2009-04-08,1.3700000047683716,1.4500000476837158,1.2799999713897705,1.440000057220459,1.440000057220459,74300
2009-04-09,1.399999976158142,1.399999976158142,1.1799999475479126,1.3200000524520874,1.3200000524520874,40700
2009-04-13,1.2799999713897705,1.2999999523162842,1.159999966621399,1.159999966621399,1.159999966621399,26300
2009-04-14,1.190000057220459,1.309999942779541,1.1799999475479126,1.2799999713897705,1.2799999713897705,84400
2009-04-15,1.3200000524520874,1.3300000429153442,1.2699999809265137,1.2699999809265137,1.2699999809265137,8800
2009-04-16,1.25,1.2899999618530273,1.2400000095367432,1.2899999618530273,1.2899999618530273,15400
2009-04-17,1.2899999618530273,1.3200000524520874,1.2799999713897705,1.3200000524520874,1.3200000524520874,12800
2009-04-20,1.2999999523162842,1.4500000476837158,1.2999999523162842,1.340000033378601,1.340000033378601,147900
2009-04-21,1.350000023841858,1.3799999952316284,1.25,1.2599999904632568,1.2599999904632568,79000
2009-04-22,1.25,1.3899999856948853,1.2400000095367432,1.350000023841858,1.350000023841858,29000
2009-04-23,1.3200000524520874,1.409999966621399,1.3200000524520874,1.3799999952316284,1.3799999952316284,8000
2009-04-24,1.350000023841858,1.350000023841858,1.159999966621399,1.25,1.25,76100
2009-04-27,1.25,1.2899999618530273,1.2100000381469727,1.2400000095367432,1.2400000095367432,29300
2009-04-28,1.2699999809265137,1.2999999523162842,1.25,1.2599999904632568,1.2599999904632568,5300
2009-04-29,1.2200000286102295,1.2699999809265137,0.9100000262260437,1.2400000095367432,1.2400000095367432,73000
2009-04-30,1.25,1.2799999713897705,1.2400000095367432,1.2699999809265137,1.2699999809265137,22800
2009-05-01,1.2699999809265137,1.2799999713897705,1.25,1.25,1.25,11600
2009-05-04,1.2799999713897705,1.2799999713897705,1.25,1.2699999809265137,1.2699999809265137,21800
2009-05-05,1.2300000190734863,1.25,1.149999976158142,1.25,1.25,60300
2009-05-06,1.25,1.350000023841858,1.25,1.2899999618530273,1.2899999618530273,66500
2009-05-07,1.309999942779541,1.340000033378601,1.2899999618530273,1.2899999618530273,1.2899999618530273,3900
2009-05-08,1.2599999904632568,1.3200000524520874,1.190000057220459,1.2300000190734863,1.2300000190734863,50900
2009-05-11,1.25,1.2599999904632568,1.2400000095367432,1.2599999904632568,1.2599999904632568,81500
2009-05-12,1.2899999618530273,1.340000033378601,1.2899999618530273,1.2999999523162842,1.2999999523162842,10200
2009-05-13,1.2999999523162842,1.2999999523162842,1.2200000286102295,1.25,1.25,54000
2009-05-14,1.2699999809265137,1.2899999618530273,1.2699999809265137,1.2899999618530273,1.2899999618530273,4000
2009-05-15,1.3300000429153442,1.3300000429153442,1.2400000095367432,1.2400000095367432,1.2400000095367432,12700
2009-05-18,1.2999999523162842,1.2999999523162842,1.25,1.2599999904632568,1.2599999904632568,6500
2009-05-19,1.2999999523162842,1.3300000429153442,1.2699999809265137,1.309999942779541,1.309999942779541,11600
2009-05-20,1.340000033378601,1.3600000143051147,1.340000033378601,1.350000023841858,1.350000023841858,14400
2009-05-21,1.3600000143051147,1.3600000143051147,1.3600000143051147,1.3600000143051147,1.3600000143051147,5800
2009-05-22,1.3600000143051147,1.440000057220459,1.2999999523162842,1.4199999570846558,1.4199999570846558,7600
2009-05-26,1.4500000476837158,1.4500000476837158,1.350000023841858,1.3700000047683716,1.3700000047683716,15000
2009-05-27,1.3899999856948853,1.4600000381469727,1.3600000143051147,1.4600000381469727,1.4600000381469727,12700
2009-05-28,1.4500000476837158,1.4600000381469727,1.399999976158142,1.4600000381469727,1.4600000381469727,20400
2009-05-29,1.4900000095367432,1.4900000095367432,1.2999999523162842,1.3700000047683716,1.3700000047683716,8400
2009-06-01,1.4299999475479126,1.4299999475479126,1.3899999856948853,1.3899999856948853,1.3899999856948853,6800
2009-06-02,1.409999966621399,1.4199999570846558,1.3899999856948853,1.399999976158142,1.399999976158142,23100
2009-06-03,1.4199999570846558,1.559999942779541,1.399999976158142,1.4700000286102295,1.4700000286102295,28100
2009-06-04,1.4800000190734863,1.590000033378601,1.4800000190734863,1.5499999523162842,1.5499999523162842,9800
2009-06-05,1.5299999713897705,1.600000023841858,1.5299999713897705,1.600000023841858,1.600000023841858,37200
2009-06-08,1.649999976158142,1.6799999475479126,1.590000033378601,1.6799999475479126,1.6799999475479126,2800
2009-06-09,1.649999976158142,1.7400000095367432,1.649999976158142,1.7400000095367432,1.7400000095367432,19100
2009-06-10,1.690000057220459,1.690000057220459,1.659999966621399,1.690000057220459,1.690000057220459,2200
2009-06-11,1.659999966621399,1.7000000476837158,1.5199999809265137,1.7000000476837158,1.7000000476837158,36700
2009-06-12,1.6200000047683716,1.6799999475479126,1.600000023841858,1.6799999475479126,1.6799999475479126,11600
2009-06-15,1.600000023841858,1.600000023841858,1.5399999618530273,1.5399999618530273,1.5399999618530273,1300
2009-06-16,1.6699999570846558,1.6699999570846558,1.440000057220459,1.5499999523162842,1.5499999523162842,10600
2009-06-17,1.5199999809265137,1.5199999809265137,1.2999999523162842,1.3700000047683716,1.3700000047683716,24500
2009-06-18,1.409999966621399,1.4500000476837158,1.350000023841858,1.3600000143051147,1.3600000143051147,15700
2009-06-19,1.3600000143051147,1.440000057220459,1.3600000143051147,1.440000057220459,1.440000057220459,33300
2009-06-22,1.3799999952316284,1.399999976158142,1.3600000143051147,1.3600000143051147,1.3600000143051147,4600
2009-06-23,1.350000023841858,1.350000023841858,1.1100000143051147,1.2999999523162842,1.2999999523162842,17600
2009-06-24,1.350000023841858,1.3799999952316284,1.340000033378601,1.340000033378601,1.340000033378601,11700
2009-06-25,1.350000023841858,1.350000023841858,1.350000023841858,1.350000023841858,1.350000023841858,12400
2009-06-26,1.340000033378601,1.340000033378601,1.3300000429153442,1.3300000429153442,1.3300000429153442,1600
2009-06-29,1.2999999523162842,1.3300000429153442,1.2799999713897705,1.2899999618530273,1.2899999618530273,1200
2009-06-30,1.2799999713897705,1.399999976158142,1.2799999713897705,1.350000023841858,1.350000023841858,4200
2009-07-01,1.3200000524520874,1.350000023841858,1.3200000524520874,1.350000023841858,1.350000023841858,9200
2009-07-02,1.2999999523162842,1.340000033378601,1.2999999523162842,1.3200000524520874,1.3200000524520874,2400
2009-07-06,1.309999942779541,1.309999942779541,1.309999942779541,1.309999942779541,1.309999942779541,500
2009-07-07,1.2999999523162842,1.2999999523162842,1.1299999952316284,1.1299999952316284,1.1299999952316284,13500
2009-07-08,1.190000057220459,1.340000033378601,1.1799999475479126,1.2699999809265137,1.2699999809265137,17700
2009-07-09,1.2599999904632568,1.2599999904632568,1.2300000190734863,1.25,1.25,5600
2009-07-10,1.25,1.2599999904632568,1.25,1.2599999904632568,1.2599999904632568,2000
2009-07-13,1.2699999809265137,1.2699999809265137,1.2599999904632568,1.2599999904632568,1.2599999904632568,1900
2009-07-14,1.2699999809265137,1.2699999809265137,1.2599999904632568,1.2599999904632568,1.2599999904632568,6100
2009-07-15,1.2699999809265137,1.2899999618530273,1.2599999904632568,1.2599999904632568,1.2599999904632568,11200
2009-07-16,1.25,1.3300000429153442,1.25,1.3300000429153442,1.3300000429153442,2200
2009-07-17,1.3200000524520874,1.340000033378601,1.3200000524520874,1.340000033378601,1.340000033378601,300
2009-07-20,1.2899999618530273,1.2999999523162842,1.2599999904632568,1.2699999809265137,1.2699999809265137,23000
2009-07-21,1.3200000524520874,1.3300000429153442,1.2300000190734863,1.3200000524520874,1.3200000524520874,2700
2009-07-22,1.309999942779541,1.3200000524520874,1.2899999618530273,1.2899999618530273,1.2899999618530273,22100
2009-07-23,1.2999999523162842,1.3200000524520874,1.2799999713897705,1.3200000524520874,1.3200000524520874,4100
2009-07-24,1.3300000429153442,1.340000033378601,1.3300000429153442,1.340000033378601,1.340000033378601,900
2009-07-27,1.2799999713897705,1.350000023841858,1.2799999713897705,1.350000023841858,1.350000023841858,7100
2009-07-28,1.340000033378601,1.350000023841858,1.340000033378601,1.350000023841858,1.350000023841858,4100
2009-07-29,1.350000023841858,1.350000023841858,1.350000023841858,1.350000023841858,1.350000023841858,0
2009-07-30,1.340000033378601,1.340000033378601,1.25,1.3300000429153442,1.3300000429153442,35500
2009-07-31,1.2999999523162842,1.2999999523162842,1.2999999523162842,1.2999999523162842,1.2999999523162842,7200
2009-08-03,1.3300000429153442,1.3300000429153442,1.1100000143051147,1.2699999809265137,1.2699999809265137,24800
2009-08-04,1.2300000190734863,1.2599999904632568,1.2300000190734863,1.2599999904632568,1.2599999904632568,42800
2009-08-05,1.2699999809265137,1.3300000429153442,1.25,1.2999999523162842,1.2999999523162842,12700
2009-08-06,1.2999999523162842,1.340000033378601,1.2999999523162842,1.3300000429153442,1.3300000429153442,5500
2009-08-07,1.3300000429153442,1.399999976158142,1.2200000286102295,1.3300000429153442,1.3300000429153442,35400
2009-08-10,1.399999976158142,1.5,1.350000023841858,1.4600000381469727,1.4600000381469727,31000
2009-08-11,1.4700000286102295,1.5,1.440000057220459,1.4600000381469727,1.4600000381469727,11500
2009-08-12,1.4700000286102295,1.4700000286102295,1.3799999952316284,1.4199999570846558,1.4199999570846558,8600
2009-08-13,1.4700000286102295,1.5,1.440000057220459,1.440000057220459,1.440000057220459,5200
2009-08-14,1.4600000381469727,1.4800000190734863,1.399999976158142,1.409999966621399,1.409999966621399,14800
2009-08-17,1.3200000524520874,1.4800000190734863,1.25,1.4800000190734863,1.4800000190734863,40600
2009-08-18,1.440000057220459,1.600000023841858,1.399999976158142,1.5800000429153442,1.5800000429153442,68200
2009-08-19,1.5700000524520874,1.6299999952316284,1.5,1.5700000524520874,1.5700000524520874,7100
2009-08-20,1.5800000429153442,1.7400000095367432,1.5800000429153442,1.659999966621399,1.659999966621399,57100
2009-08-21,1.6799999475479126,1.7000000476837158,1.5,1.6399999856948853,1.6399999856948853,18100
2009-08-24,1.5,1.659999966621399,1.4600000381469727,1.5,1.5,16000
2009-08-25,1.5499999523162842,1.6399999856948853,1.4500000476837158,1.6399999856948853,1.6399999856948853,5200
2009-08-26,1.649999976158142,1.7300000190734863,1.649999976158142,1.6699999570846558,1.6699999570846558,15200
2009-08-27,1.6699999570846558,1.690000057220459,1.559999942779541,1.559999942779541,1.559999942779541,10100
2009-08-28,1.5399999618530273,1.6399999856948853,1.5399999618530273,1.6399999856948853,1.6399999856948853,14100
2009-08-31,1.5299999713897705,1.6299999952316284,1.5299999713897705,1.6299999952316284,1.6299999952316284,7300
2009-09-01,1.649999976158142,1.649999976158142,1.399999976158142,1.5299999713897705,1.5299999713897705,746600
2009-09-02,1.5299999713897705,1.590000033378601,1.5,1.590000033378601,1.590000033378601,2000
2009-09-03,1.5299999713897705,1.5700000524520874,1.5,1.5700000524520874,1.5700000524520874,2400
2009-09-04,1.6100000143051147,1.6299999952316284,1.559999942779541,1.5800000429153442,1.5800000429153442,4700
2009-09-08,1.5099999904632568,1.5700000524520874,1.5,1.5199999809265137,1.5199999809265137,13900
2009-09-09,1.5,1.600000023841858,1.5,1.5800000429153442,1.5800000429153442,14800
2009-09-10,1.5299999713897705,1.5800000429153442,1.5099999904632568,1.5800000429153442,1.5800000429153442,500
2009-09-11,1.5099999904632568,1.590000033378601,1.5099999904632568,1.5800000429153442,1.5800000429153442,5400
2009-09-14,1.559999942779541,1.6399999856948853,1.5399999618530273,1.5800000429153442,1.5800000429153442,20700
2009-09-15,1.559999942779541,1.7200000286102295,1.559999942779541,1.6399999856948853,1.6399999856948853,39200
2009-09-16,1.5,1.659999966621399,1.4900000095367432,1.649999976158142,1.649999976158142,59500
2009-09-17,1.649999976158142,1.850000023841858,1.649999976158142,1.7300000190734863,1.7300000190734863,67200
2009-09-18,1.8200000524520874,1.850000023841858,1.6200000047683716,1.850000023841858,1.850000023841858,35300
2009-09-21,1.850000023841858,1.8600000143051147,1.659999966621399,1.850000023841858,1.850000023841858,13400
2009-09-22,1.850000023841858,1.850000023841858,1.7000000476837158,1.840000033378601,1.840000033378601,14500
2009-09-23,1.840000033378601,1.899999976158142,1.6799999475479126,1.8600000143051147,1.8600000143051147,57500
2009-09-24,1.8600000143051147,1.899999976158142,1.7200000286102295,1.7699999809265137,1.7699999809265137,15600
2009-09-25,1.8300000429153442,1.8300000429153442,1.7999999523162842,1.809999942779541,1.809999942779541,6200
2009-09-28,1.809999942779541,1.809999942779541,1.659999966621399,1.75,1.75,14500
2009-09-29,1.7599999904632568,1.7599999904632568,1.7100000381469727,1.7100000381469727,1.7100000381469727,700
2009-09-30,1.7200000286102295,1.7200000286102295,1.659999966621399,1.659999966621399,1.659999966621399,3600
2009-10-01,1.649999976158142,1.6799999475479126,1.5499999523162842,1.6699999570846558,1.6699999570846558,17600
2009-10-02,1.7100000381469727,1.7100000381469727,1.6100000143051147,1.649999976158142,1.649999976158142,3900
2009-10-05,1.6399999856948853,1.6399999856948853,1.600000023841858,1.600000023841858,1.600000023841858,7800
2009-10-06,1.6100000143051147,1.6699999570846558,1.590000033378601,1.6699999570846558,1.6699999570846558,3800
2009-10-07,1.6799999475479126,1.6799999475479126,1.5800000429153442,1.600000023841858,1.600000023841858,9900
2009-10-08,1.5700000524520874,1.6699999570846558,1.559999942779541,1.5800000429153442,1.5800000429153442,14500
2009-10-09,1.590000033378601,1.590000033378601,1.5399999618530273,1.5399999618530273,1.5399999618530273,11000
2009-10-12,1.5399999618530273,1.7000000476837158,1.4299999475479126,1.600000023841858,1.600000023841858,11900
2009-10-13,1.4900000095367432,1.5099999904632568,1.4600000381469727,1.5099999904632568,1.5099999904632568,6300
2009-10-14,1.4800000190734863,1.7000000476837158,1.4800000190734863,1.649999976158142,1.649999976158142,17100
2009-10-15,1.590000033378601,1.7000000476837158,1.590000033378601,1.649999976158142,1.649999976158142,9500
2009-10-16,1.600000023841858,1.600000023841858,1.600000023841858,1.600000023841858,1.600000023841858,500
2009-10-19,1.6299999952316284,1.649999976158142,1.559999942779541,1.559999942779541,1.559999942779541,9700
2009-10-20,1.559999942779541,1.600000023841858,1.559999942779541,1.5800000429153442,1.5800000429153442,1700
2009-10-21,1.600000023841858,1.690000057220459,1.600000023841858,1.6100000143051147,1.6100000143051147,7300
2009-10-22,1.6399999856948853,1.8300000429153442,1.6399999856948853,1.690000057220459,1.690000057220459,39800
2009-10-23,1.659999966621399,1.7000000476837158,1.6200000047683716,1.6699999570846558,1.6699999570846558,23300
2009-10-26,1.649999976158142,1.7000000476837158,1.600000023841858,1.6200000047683716,1.6200000047683716,6300
2009-10-27,1.649999976158142,1.6699999570846558,1.5700000524520874,1.6699999570846558,1.6699999570846558,1700
2009-10-28,1.6299999952316284,1.6799999475479126,1.5800000429153442,1.5800000429153442,1.5800000429153442,10700
2009-10-29,1.600000023841858,1.600000023841858,1.5700000524520874,1.5700000524520874,1.5700000524520874,1200
2009-10-30,1.600000023841858,1.600000023841858,1.4700000286102295,1.4700000286102295,1.4700000286102295,26600
2009-11-02,1.5800000429153442,1.600000023841858,1.5199999809265137,1.5199999809265137,1.5199999809265137,2500
2009-11-03,1.5199999809265137,1.5700000524520874,1.4500000476837158,1.5499999523162842,1.5499999523162842,15600
2009-11-04,1.5299999713897705,1.5700000524520874,1.5099999904632568,1.559999942779541,1.559999942779541,1000
2009-11-05,1.4600000381469727,1.5499999523162842,1.4500000476837158,1.5499999523162842,1.5499999523162842,13900
2009-11-06,1.4900000095367432,1.590000033378601,1.4900000095367432,1.5099999904632568,1.5099999904632568,1200
2009-11-09,1.4199999570846558,1.600000023841858,1.4199999570846558,1.600000023841858,1.600000023841858,13500
2009-11-10,1.5299999713897705,1.600000023841858,1.4600000381469727,1.559999942779541,1.559999942779541,9400
2009-11-11,1.559999942779541,1.590000033378601,1.4600000381469727,1.5,1.5,5300
2009-11-12,1.5099999904632568,1.6100000143051147,1.4600000381469727,1.5199999809265137,1.5199999809265137,43600
2009-11-13,1.6200000047683716,1.6200000047683716,1.5299999713897705,1.5499999523162842,1.5499999523162842,5500
2009-11-16,1.5,1.590000033378601,1.4600000381469727,1.4900000095367432,1.4900000095367432,9400
2009-11-17,1.4700000286102295,1.5199999809265137,1.3899999856948853,1.4500000476837158,1.4500000476837158,13700
2009-11-18,1.399999976158142,1.4900000095367432,1.399999976158142,1.4900000095367432,1.4900000095367432,1600
2009-11-19,1.4900000095367432,1.4900000095367432,1.4900000095367432,1.4900000095367432,1.4900000095367432,0
2009-11-20,1.409999966621399,1.5299999713897705,1.350000023841858,1.3700000047683716,1.3700000047683716,14400
2009-11-23,1.3600000143051147,1.399999976158142,1.2200000286102295,1.3600000143051147,1.3600000143051147,47400
2009-11-24,1.3600000143051147,1.3600000143051147,1.2899999618530273,1.340000033378601,1.340000033378601,26800
2009-11-25,1.3300000429153442,1.350000023841858,1.2799999713897705,1.3300000429153442,1.3300000429153442,10500
2009-11-27,1.2899999618530273,1.3200000524520874,1.2899999618530273,1.3200000524520874,1.3200000524520874,3800
2009-11-30,1.2899999618530273,1.3200000524520874,1.2799999713897705,1.2899999618530273,1.2899999618530273,12000
2009-12-01,1.2799999713897705,1.340000033378601,1.2799999713897705,1.309999942779541,1.309999942779541,11600
2009-12-02,1.3200000524520874,1.3799999952316284,1.3200000524520874,1.3300000429153442,1.3300000429153442,16800
2009-12-03,1.340000033378601,1.350000023841858,1.3300000429153442,1.350000023841858,1.350000023841858,7500
2009-12-04,1.3700000047683716,1.3899999856948853,1.2999999523162842,1.350000023841858,1.350000023841858,13000
2009-12-07,1.3300000429153442,1.3899999856948853,1.3300000429153442,1.350000023841858,1.350000023841858,6900
2009-12-08,1.340000033378601,1.3899999856948853,1.340000033378601,1.3899999856948853,1.3899999856948853,8000
2009-12-09,1.350000023841858,1.350000023841858,1.3300000429153442,1.3300000429153442,1.3300000429153442,1700
2009-12-10,1.340000033378601,1.3799999952316284,1.3300000429153442,1.3799999952316284,1.3799999952316284,3900
2009-12-11,1.350000023841858,1.3799999952316284,1.309999942779541,1.3300000429153442,1.3300000429153442,24700
2009-12-14,1.3700000047683716,1.5299999713897705,1.340000033378601,1.4600000381469727,1.4600000381469727,25200
2009-12-15,1.3600000143051147,1.5,1.350000023841858,1.5,1.5,7700
2009-12-16,1.4900000095367432,1.4900000095367432,1.409999966621399,1.440000057220459,1.440000057220459,8300
2009-12-17,1.4299999475479126,1.4299999475479126,1.399999976158142,1.4299999475479126,1.4299999475479126,10300
2009-12-18,1.3700000047683716,1.4299999475479126,1.3600000143051147,1.4299999475479126,1.4299999475479126,19600
2009-12-21,1.399999976158142,1.5,1.3799999952316284,1.440000057220459,1.440000057220459,26800
2009-12-22,1.4199999570846558,1.440000057220459,1.3200000524520874,1.3899999856948853,1.3899999856948853,16200
2009-12-23,1.3799999952316284,1.4199999570846558,1.3799999952316284,1.409999966621399,1.409999966621399,17500
2009-12-24,1.4500000476837158,1.4900000095367432,1.4500000476837158,1.4900000095367432,1.4900000095367432,10700
2009-12-28,1.4500000476837158,1.4900000095367432,1.440000057220459,1.4700000286102295,1.4700000286102295,27600
2009-12-29,1.440000057220459,1.4700000286102295,1.409999966621399,1.4199999570846558,1.4199999570846558,34600
2009-12-30,1.409999966621399,1.440000057220459,1.3600000143051147,1.4199999570846558,1.4199999570846558,12000
2009-12-31,1.3899999856948853,1.4900000095367432,1.3799999952316284,1.4900000095367432,1.4900000095367432,9700
2010-01-04,1.4900000095367432,1.690000057220459,1.4800000190734863,1.6100000143051147,1.6100000143051147,85400
2010-01-05,1.6399999856948853,1.7000000476837158,1.5499999523162842,1.6299999952316284,1.6299999952316284,22500
2010-01-06,1.6299999952316284,1.7000000476837158,1.5800000429153442,1.5800000429153442,1.5800000429153442,20600
2010-01-07,1.600000023841858,1.7300000190734863,1.5199999809265137,1.5199999809265137,1.5199999809265137,33900
2010-01-08,1.5199999809265137,1.6399999856948853,1.4800000190734863,1.6399999856948853,1.6399999856948853,10400
2010-01-11,1.6399999856948853,1.649999976158142,1.559999942779541,1.6299999952316284,1.6299999952316284,20700
2010-01-12,1.6399999856948853,1.7799999713897705,1.6100000143051147,1.7000000476837158,1.7000000476837158,28600
2010-01-13,1.7100000381469727,1.7300000190734863,1.649999976158142,1.7200000286102295,1.7200000286102295,4800
2010-01-14,1.6699999570846558,1.8600000143051147,1.6699999570846558,1.75,1.75,137200
2010-01-15,1.850000023841858,3.8499999046325684,1.850000023841858,3.7799999713897705,3.7799999713897705,5441400
2010-01-19,4.099999904632568,4.699999809265137,3.559999942779541,3.6500000953674316,3.6500000953674316,4791800
2010-01-20,3.509999990463257,3.5999999046325684,3.180000066757202,3.4600000381469727,3.4600000381469727,1176000
2010-01-21,3.6500000953674316,3.6500000953674316,3.119999885559082,3.1600000858306885,3.1600000858306885,449100
2010-01-22,3.200000047683716,3.319999933242798,2.880000114440918,2.9600000381469727,2.9600000381469727,482600
2010-01-25,3.0,3.259999990463257,2.7899999618530273,3.0299999713897705,3.0299999713897705,439700
2010-01-26,3.0799999237060547,3.0999999046325684,2.819999933242798,2.890000104904175,2.890000104904175,186100
2010-01-27,2.819999933242798,2.9800000190734863,2.75,2.759999990463257,2.759999990463257,128600
2010-01-28,2.819999933242798,3.0799999237060547,2.75,2.9200000762939453,2.9200000762939453,170100
2010-01-29,2.930000066757202,3.049999952316284,2.7699999809265137,2.8299999237060547,2.8299999237060547,127300
2010-02-01,2.880000114440918,2.9000000953674316,2.6500000953674316,2.819999933242798,2.819999933242798,210400
2010-02-02,2.75,2.819999933242798,2.6600000858306885,2.6700000762939453,2.6700000762939453,145700
2010-02-03,2.6700000762939453,2.9200000762939453,2.630000114440918,2.7100000381469727,2.7100000381469727,235600
2010-02-04,2.690000057220459,2.7699999809265137,2.5799999237060547,2.619999885559082,2.619999885559082,72300
2010-02-05,2.619999885559082,2.690000057220459,2.5,2.5899999141693115,2.5899999141693115,116000
2010-02-08,2.680000066757202,2.690000057220459,2.509999990463257,2.609999895095825,2.609999895095825,59400
2010-02-09,2.690000057220459,2.690000057220459,2.569999933242798,2.6600000858306885,2.6600000858306885,76100
2010-02-10,2.6700000762939453,2.740000009536743,2.5899999141693115,2.7300000190734863,2.7300000190734863,63800
2010-02-11,2.7100000381469727,2.990000009536743,2.7100000381469727,2.9800000190734863,2.9800000190734863,162900
2010-02-12,2.9700000286102295,3.200000047683716,2.7300000190734863,2.75,2.75,405100
2010-02-16,2.75,2.8499999046325684,2.619999885559082,2.680000066757202,2.680000066757202,135100
2010-02-17,2.7100000381469727,2.7899999618530273,2.5799999237060547,2.640000104904175,2.640000104904175,62700
2010-02-18,2.609999895095825,2.890000104904175,2.609999895095825,2.799999952316284,2.799999952316284,125400
2010-02-19,2.799999952316284,2.869999885559082,2.700000047683716,2.75,2.75,87800
2010-02-22,2.7899999618530273,2.869999885559082,2.740000009536743,2.799999952316284,2.799999952316284,92700
2010-02-23,2.799999952316284,2.9200000762939453,2.5399999618530273,2.9200000762939453,2.9200000762939453,120800
2010-02-24,2.869999885559082,2.869999885559082,2.7699999809265137,2.8399999141693115,2.8399999141693115,39200
2010-02-25,2.8299999237060547,2.8299999237060547,2.5999999046325684,2.630000114440918,2.630000114440918,53200
2010-02-26,2.680000066757202,2.7200000286102295,2.509999990463257,2.5999999046325684,2.5999999046325684,30000
2010-03-01,2.619999885559082,2.6600000858306885,2.4600000381469727,2.509999990463257,2.509999990463257,82000
2010-03-02,2.5299999713897705,2.7699999809265137,2.509999990463257,2.7200000286102295,2.7200000286102295,169900
2010-03-03,2.690000057220459,2.809999942779541,2.690000057220459,2.7799999713897705,2.7799999713897705,63700
2010-03-04,2.7799999713897705,2.799999952316284,2.6500000953674316,2.75,2.75,103900
2010-03-05,2.75,2.9000000953674316,2.6500000953674316,2.690000057220459,2.690000057220459,200400
2010-03-08,2.6600000858306885,2.7200000286102295,2.630000114440918,2.680000066757202,2.680000066757202,56600
2010-03-09,2.6500000953674316,2.7899999618530273,2.5999999046325684,2.7300000190734863,2.7300000190734863,139500
2010-03-10,2.7200000286102295,2.940000057220459,2.6500000953674316,2.940000057220459,2.940000057220459,155700
2010-03-11,2.869999885559082,2.9600000381469727,2.7699999809265137,2.9100000858306885,2.9100000858306885,168600
2010-03-12,2.819999933242798,3.049999952316284,2.799999952316284,3.049999952316284,3.049999952316284,97300
2010-03-15,2.990000009536743,3.0799999237060547,2.940000057220459,2.990000009536743,2.990000009536743,199600
2010-03-16,2.930000066757202,3.140000104904175,2.930000066757202,3.0199999809265137,3.0199999809265137,115300
2010-03-17,3.059999942779541,3.059999942779541,2.9000000953674316,2.990000009536743,2.990000009536743,188900
2010-03-18,2.990000009536743,2.990000009536743,2.7899999618530273,2.880000114440918,2.880000114440918,100200
2010-03-19,2.8499999046325684,2.8499999046325684,2.6700000762939453,2.75,2.75,148000
2010-03-22,2.7200000286102295,2.9200000762939453,2.6700000762939453,2.9200000762939453,2.9200000762939453,54100
2010-03-23,2.950000047683716,2.9800000190734863,2.859999895095825,2.9200000762939453,2.9200000762939453,74000
2010-03-24,2.9000000953674316,3.0199999809265137,2.7799999713897705,2.990000009536743,2.990000009536743,228000
2010-03-25,2.930000066757202,2.930000066757202,2.5,2.5,2.5,387400
2010-03-26,2.4700000286102295,2.6700000762939453,2.4000000953674316,2.6600000858306885,2.6600000858306885,203600
2010-03-29,2.6500000953674316,2.7799999713897705,2.5899999141693115,2.7799999713897705,2.7799999713897705,108500
2010-03-30,2.75,2.930000066757202,2.6500000953674316,2.890000104904175,2.890000104904175,127400
2010-03-31,2.9000000953674316,2.9200000762939453,2.799999952316284,2.8499999046325684,2.8499999046325684,91700
2010-04-01,2.9100000858306885,2.9600000381469727,2.7300000190734863,2.9600000381469727,2.9600000381469727,246800
2010-04-05,3.0,3.0,2.859999895095825,2.9700000286102295,2.9700000286102295,119800
2010-04-06,2.940000057220459,3.069999933242798,2.930000066757202,3.0,3.0,231500
2010-04-07,3.1500000953674316,3.4000000953674316,3.0199999809265137,3.380000114440918,3.380000114440918,296800
2010-04-08,3.3399999141693115,3.4800000190734863,3.1500000953674316,3.259999990463257,3.259999990463257,692300
2010-04-09,3.1600000858306885,3.359999895095825,3.059999942779541,3.190000057220459,3.190000057220459,151700
2010-04-12,3.1600000858306885,3.4700000286102295,2.9700000286102295,3.2300000190734863,3.2300000190734863,1169100
2010-04-13,3.2300000190734863,3.430000066757202,3.0999999046325684,3.259999990463257,3.259999990463257,362000
2010-04-14,3.25,3.9800000190734863,3.25,3.740000009536743,3.740000009536743,2540400
2010-04-15,3.7100000381469727,4.199999809265137,3.7100000381469727,3.9600000381469727,3.9600000381469727,517600
2010-04-16,3.940000057220459,4.380000114440918,3.690000057220459,3.950000047683716,3.950000047683716,2610200
2010-04-19,3.990000009536743,4.239999771118164,3.7699999809265137,4.0,4.0,1419800
2010-04-20,4.03000020980835,4.340000152587891,3.809999942779541,4.28000020980835,4.28000020980835,1705600
2010-04-21,4.289999961853027,4.639999866485596,4.230000019073486,4.440000057220459,4.440000057220459,2535000
2010-04-22,4.400000095367432,4.760000228881836,4.320000171661377,4.650000095367432,4.650000095367432,620600
2010-04-23,4.639999866485596,5.099999904632568,4.619999885559082,5.0,5.0,769900
2010-04-26,4.96999979019165,5.110000133514404,4.800000190734863,4.900000095367432,4.900000095367432,115600
2010-04-27,5.0,5.019999980926514,4.440000057220459,4.590000152587891,4.590000152587891,149200
2010-04-28,4.590000152587891,4.739999771118164,4.539999961853027,4.599999904632568,4.599999904632568,56800
2010-04-29,4.739999771118164,5.119999885559082,4.610000133514404,5.090000152587891,5.090000152587891,171700
2010-04-30,5.050000190734863,5.230000019073486,4.730000019073486,4.75,4.75,274100
2010-05-03,4.860000133514404,4.900000095367432,4.690000057220459,4.800000190734863,4.800000190734863,156300
2010-05-04,4.760000228881836,4.809999942779541,4.329999923706055,4.400000095367432,4.400000095367432,700900
2010-05-05,4.340000152587891,4.53000020980835,4.059999942779541,4.400000095367432,4.400000095367432,278200
2010-05-06,4.369999885559082,4.489999771118164,3.509999990463257,3.990000009536743,3.990000009536743,968800
2010-05-07,4.0,4.130000114440918,3.7200000286102295,3.7899999618530273,3.7899999618530273,259000
2010-05-10,4.050000190734863,4.480000019073486,3.9200000762939453,4.239999771118164,4.239999771118164,407900
2010-05-11,4.239999771118164,4.5,4.150000095367432,4.309999942779541,4.309999942779541,249000
2010-05-12,4.289999961853027,4.559999942779541,4.28000020980835,4.510000228881836,4.510000228881836,358900
2010-05-13,4.389999866485596,4.880000114440918,4.25,4.699999809265137,4.699999809265137,293000
2010-05-14,4.659999847412109,4.900000095367432,4.360000133514404,4.559999942779541,4.559999942779541,225600
2010-05-17,4.53000020980835,4.630000114440918,4.099999904632568,4.360000133514404,4.360000133514404,204500
2010-05-18,4.389999866485596,4.679999828338623,4.300000190734863,4.340000152587891,4.340000152587891,119800
2010-05-19,4.300000190734863,4.5,4.28000020980835,4.400000095367432,4.400000095367432,89200
2010-05-20,4.28000020980835,4.590000152587891,4.050000190734863,4.170000076293945,4.170000076293945,121600
2010-05-21,4.099999904632568,4.300000190734863,3.9200000762939453,4.070000171661377,4.070000171661377,107100
2010-05-24,4.03000020980835,4.380000114440918,3.950000047683716,4.300000190734863,4.300000190734863,122600
2010-05-25,3.740000009536743,3.799999952316284,3.4200000762939453,3.5,3.5,452800
2010-05-26,3.549999952316284,3.609999895095825,3.319999933242798,3.3499999046325684,3.3499999046325684,270900
2010-05-27,3.5199999809265137,3.799999952316284,3.380000114440918,3.7300000190734863,3.7300000190734863,347100
2010-05-28,3.690000057220459,3.819999933242798,3.4700000286102295,3.5799999237060547,3.5799999237060547,152700
2010-06-01,3.5199999809265137,3.7899999618530273,3.3499999046325684,3.359999895095825,3.359999895095825,91200
2010-06-02,3.5999999046325684,3.5999999046325684,3.299999952316284,3.5899999141693115,3.5899999141693115,162600
2010-06-03,3.5799999237060547,3.700000047683716,3.509999990463257,3.630000114440918,3.630000114440918,80400
2010-06-04,3.690000057220459,3.690000057220459,3.4100000858306885,3.430000066757202,3.430000066757202,101500
2010-06-07,3.440000057220459,3.5199999809265137,3.319999933242798,3.3399999141693115,3.3399999141693115,81200
2010-06-08,3.3399999141693115,3.4200000762939453,3.200000047683716,3.3299999237060547,3.3299999237060547,166700
2010-06-09,3.369999885559082,3.490000009536743,3.25,3.309999942779541,3.309999942779541,60100
2010-06-10,3.380000114440918,3.4000000953674316,3.2699999809265137,3.359999895095825,3.359999895095825,62100
2010-06-11,3.359999895095825,3.4000000953674316,3.130000114440918,3.309999942779541,3.309999942779541,94700
2010-06-14,3.3499999046325684,3.490000009536743,3.2799999713897705,3.3399999141693115,3.3399999141693115,48600
2010-06-15,3.3499999046325684,3.5399999618530273,3.2699999809265137,3.4700000286102295,3.4700000286102295,108500
2010-06-16,3.4700000286102295,3.700000047683716,3.4100000858306885,3.6500000953674316,3.6500000953674316,208700
2010-06-17,3.6500000953674316,3.7899999618530273,3.609999895095825,3.7300000190734863,3.7300000190734863,90700
2010-06-18,3.7300000190734863,3.75,3.5899999141693115,3.700000047683716,3.700000047683716,65000
2010-06-21,3.7799999713897705,3.8399999141693115,3.4800000190734863,3.5999999046325684,3.5999999046325684,138000
2010-06-22,3.5999999046325684,3.690000057220459,3.490000009536743,3.5399999618530273,3.5399999618530273,95000
2010-06-23,3.559999942779541,3.5799999237060547,3.299999952316284,3.450000047683716,3.450000047683716,90100
2010-06-24,3.4000000953674316,3.5899999141693115,3.390000104904175,3.440000057220459,3.440000057220459,36800
2010-06-25,3.509999990463257,3.5199999809265137,3.319999933242798,3.3299999237060547,3.3299999237060547,91800
2010-06-28,3.380000114440918,3.4000000953674316,3.25,3.309999942779541,3.309999942779541,86200
2010-06-29,3.25,3.25,3.0,3.049999952316284,3.049999952316284,131800
2010-06-30,3.0999999046325684,3.0999999046325684,2.859999895095825,2.869999885559082,2.869999885559082,104100
2010-07-01,2.8499999046325684,2.890000104904175,2.680000066757202,2.75,2.75,80000
2010-07-02,2.7300000190734863,2.740000009536743,2.440000057220459,2.4600000381469727,2.4600000381469727,187900
2010-07-06,2.4600000381469727,2.549999952316284,2.2200000286102295,2.450000047683716,2.450000047683716,162900
2010-07-07,2.430000066757202,2.4700000286102295,2.3399999141693115,2.4100000858306885,2.4100000858306885,59400
2010-07-08,2.430000066757202,2.509999990463257,2.3499999046325684,2.3499999046325684,2.3499999046325684,62200
2010-07-09,2.390000104904175,2.509999990463257,2.2100000381469727,2.450000047683716,2.450000047683716,188400
2010-07-12,2.4000000953674316,2.799999952316284,2.4000000953674316,2.759999990463257,2.759999990463257,98800
2010-07-13,2.9700000286102295,2.9700000286102295,2.740000009536743,2.8299999237060547,2.8299999237060547,57100
2010-07-14,2.809999942779541,2.890000104904175,2.690000057220459,2.809999942779541,2.809999942779541,27700
2010-07-15,2.809999942779541,2.8399999141693115,2.7300000190734863,2.7699999809265137,2.7699999809265137,30800
2010-07-16,2.7100000381469727,2.799999952316284,2.619999885559082,2.6600000858306885,2.6600000858306885,17500
2010-07-19,2.7100000381469727,2.7100000381469727,2.5,2.6700000762939453,2.6700000762939453,41800
2010-07-20,2.640000104904175,2.680000066757202,2.5799999237060547,2.630000114440918,2.630000114440918,30200
2010-07-21,2.700000047683716,2.700000047683716,2.509999990463257,2.569999933242798,2.569999933242798,19600
2010-07-22,2.690000057220459,2.75,2.5899999141693115,2.75,2.75,28500
2010-07-23,2.7200000286102295,2.940000057220459,2.7200000286102295,2.890000104904175,2.890000104904175,36100
2010-07-26,2.930000066757202,3.0399999618530273,2.9000000953674316,3.0199999809265137,3.0199999809265137,66200
2010-07-27,3.059999942779541,3.1600000858306885,3.0299999713897705,3.140000104904175,3.140000104904175,89200
2010-07-28,3.119999885559082,3.190000057220459,3.0899999141693115,3.1600000858306885,3.1600000858306885,29800
2010-07-29,3.1700000762939453,3.2100000381469727,3.0,3.0299999713897705,3.0299999713897705,40300
2010-07-30,3.059999942779541,3.059999942779541,2.9200000762939453,3.049999952316284,3.049999952316284,53700
2010-08-02,3.0999999046325684,3.25,3.009999990463257,3.180000066757202,3.180000066757202,52600
2010-08-03,3.200000047683716,3.25,3.130000114440918,3.2300000190734863,3.2300000190734863,38700
2010-08-04,3.2699999809265137,3.299999952316284,3.140000104904175,3.180000066757202,3.180000066757202,31000
2010-08-05,3.2300000190734863,3.2300000190734863,3.0999999046325684,3.1700000762939453,3.1700000762939453,23500
2010-08-06,3.119999885559082,3.2799999713897705,3.0799999237060547,3.259999990463257,3.259999990463257,25400
2010-08-09,3.259999990463257,3.299999952316284,3.200000047683716,3.2899999618530273,3.2899999618530273,45800
2010-08-10,3.3299999237060547,3.3299999237060547,3.130000114440918,3.200000047683716,3.200000047683716,6200
2010-08-11,3.369999885559082,3.380000114440918,3.009999990463257,3.0999999046325684,3.0999999046325684,51700
2010-08-12,3.009999990463257,3.200000047683716,2.9600000381469727,3.049999952316284,3.049999952316284,29700
2010-08-13,3.109999895095825,3.109999895095825,3.0199999809265137,3.0799999237060547,3.0799999237060547,12600
2010-08-16,3.140000104904175,3.299999952316284,3.0999999046325684,3.2200000286102295,3.2200000286102295,54600
2010-08-17,3.25,3.3299999237060547,3.140000104904175,3.1700000762939453,3.1700000762939453,68600
2010-08-18,3.1500000953674316,3.259999990463257,3.130000114440918,3.1500000953674316,3.1500000953674316,42200
2010-08-19,3.1500000953674316,3.2899999618530273,3.0,3.0,3.0,20000
2010-08-20,3.0,3.200000047683716,3.0,3.0,3.0,27200
2010-08-23,3.0399999618530273,3.0399999618530273,2.869999885559082,2.869999885559082,2.869999885559082,46300
2010-08-24,2.809999942779541,2.809999942779541,2.5299999713897705,2.549999952316284,2.549999952316284,118400
2010-08-25,2.549999952316284,2.559999942779541,2.369999885559082,2.4000000953674316,2.4000000953674316,75300
2010-08-26,2.4000000953674316,2.4800000190734863,2.3499999046325684,2.390000104904175,2.390000104904175,58100
2010-08-27,2.450000047683716,2.509999990463257,2.390000104904175,2.4000000953674316,2.4000000953674316,66800
2010-08-30,2.4000000953674316,2.4000000953674316,2.259999990463257,2.2799999713897705,2.2799999713897705,53900
2010-08-31,2.319999933242798,2.609999895095825,2.319999933242798,2.5999999046325684,2.5999999046325684,50500
2010-09-01,2.700000047683716,2.740000009536743,2.559999942779541,2.6600000858306885,2.6600000858306885,33500
2010-09-02,2.6600000858306885,2.9200000762939453,2.6600000858306885,2.859999895095825,2.859999895095825,61900
2010-09-03,2.940000057220459,3.0,2.859999895095825,2.9600000381469727,2.9600000381469727,36100
2010-09-07,2.9200000762939453,3.0399999618530273,2.859999895095825,2.9600000381469727,2.9600000381469727,31800
2010-09-08,2.9800000190734863,3.0199999809265137,2.9000000953674316,2.930000066757202,2.930000066757202,16200
2010-09-09,3.0,3.140000104904175,2.9800000190734863,3.0899999141693115,3.0899999141693115,64900
2010-09-10,3.1500000953674316,3.1600000858306885,3.0799999237060547,3.109999895095825,3.109999895095825,19400
2010-09-13,3.1600000858306885,3.240000009536743,3.130000114440918,3.190000057220459,3.190000057220459,74400
2010-09-14,3.259999990463257,3.259999990463257,3.0999999046325684,3.180000066757202,3.180000066757202,19800
2010-09-15,3.2300000190734863,3.240000009536743,3.069999933242798,3.0899999141693115,3.0899999141693115,18400
2010-09-16,3.0999999046325684,3.0999999046325684,2.859999895095825,2.859999895095825,2.859999895095825,33200
2010-09-17,2.930000066757202,3.0299999713897705,2.8299999237060547,2.8399999141693115,2.8399999141693115,59100
2010-09-20,2.809999942779541,3.049999952316284,2.799999952316284,3.009999990463257,3.009999990463257,30200
2010-09-21,3.049999952316284,3.25,3.0299999713897705,3.130000114440918,3.130000114440918,63800
2010-09-22,3.180000066757202,3.240000009536743,3.119999885559082,3.130000114440918,3.130000114440918,16800
2010-09-23,3.130000114440918,3.3299999237060547,3.0999999046325684,3.1700000762939453,3.1700000762939453,95100
2010-09-24,3.25,3.3299999237060547,3.0999999046325684,3.25,3.25,83100
2010-09-27,3.2300000190734863,3.3499999046325684,3.2200000286102295,3.299999952316284,3.299999952316284,109700
2010-09-28,3.4000000953674316,3.4200000762939453,3.309999942779541,3.390000104904175,3.390000104904175,34300
2010-09-29,3.3499999046325684,3.509999990463257,3.3499999046325684,3.440000057220459,3.440000057220459,96500
2010-09-30,3.5,3.569999933242798,3.390000104904175,3.4700000286102295,3.4700000286102295,40000
2010-10-01,3.5299999713897705,3.5799999237060547,3.4600000381469727,3.5,3.5,46400
2010-10-04,3.509999990463257,3.630000114440918,3.4000000953674316,3.5999999046325684,3.5999999046325684,69300
2010-10-05,3.6500000953674316,3.759999990463257,3.619999885559082,3.690000057220459,3.690000057220459,56000
2010-10-06,3.7699999809265137,3.7899999618530273,3.609999895095825,3.6700000762939453,3.6700000762939453,32900
2010-10-07,3.700000047683716,3.700000047683716,3.549999952316284,3.6600000858306885,3.6600000858306885,13900
2010-10-08,3.569999933242798,3.640000104904175,3.5,3.5399999618530273,3.5399999618530273,21600
2010-10-11,3.5899999141693115,3.6500000953674316,3.3499999046325684,3.5,3.5,37600
2010-10-12,3.549999952316284,3.700000047683716,3.5399999618530273,3.6600000858306885,3.6600000858306885,106600
2010-10-13,3.6600000858306885,3.7899999618530273,3.5899999141693115,3.740000009536743,3.740000009536743,98000
2010-10-14,3.799999952316284,3.8299999237060547,3.680000066757202,3.7300000190734863,3.7300000190734863,87600
2010-10-15,3.740000009536743,3.8399999141693115,3.700000047683716,3.8399999141693115,3.8399999141693115,50600
2010-10-18,3.8499999046325684,4.03000020980835,3.7899999618530273,3.9700000286102295,3.9700000286102295,60500
2010-10-19,3.869999885559082,3.9800000190734863,3.6700000762939453,3.869999885559082,3.869999885559082,45700
2010-10-20,4.0,4.050000190734863,3.869999885559082,3.9800000190734863,3.9800000190734863,75700
2010-10-21,3.9700000286102295,4.110000133514404,3.9100000858306885,3.9200000762939453,3.9200000762939453,24300
2010-10-22,3.950000047683716,4.059999942779541,3.859999895095825,4.03000020980835,4.03000020980835,33200
2010-10-25,4.099999904632568,4.150000095367432,3.8499999046325684,4.0,4.0,54600
2010-10-26,3.990000009536743,4.050000190734863,3.930000066757202,3.990000009536743,3.990000009536743,31600
2010-10-27,4.0,4.039999961853027,3.759999990463257,3.940000057220459,3.940000057220459,47800
2010-10-28,4.159999847412109,4.159999847412109,3.7899999618530273,3.859999895095825,3.859999895095825,24900
2010-10-29,3.859999895095825,3.9600000381469727,3.8499999046325684,3.890000104904175,3.890000104904175,7200
2010-11-01,3.9100000858306885,3.990000009536743,3.5999999046325684,3.9100000858306885,3.9100000858306885,46500
2010-11-02,3.9600000381469727,4.0,3.859999895095825,3.990000009536743,3.990000009536743,41500
2010-11-03,3.9800000190734863,3.990000009536743,3.6500000953674316,3.7200000286102295,3.7200000286102295,76400
2010-11-04,3.809999942779541,3.859999895095825,3.5799999237060547,3.809999942779541,3.809999942779541,55100
2010-11-05,3.890000104904175,3.9700000286102295,3.809999942779541,3.950000047683716,3.950000047683716,40500
2010-11-08,3.930000066757202,4.0,3.819999933242798,4.0,4.0,75100
2010-11-09,4.050000190734863,4.090000152587891,3.9800000190734863,3.9800000190734863,3.9800000190734863,56500
2010-11-10,3.9800000190734863,4.03000020980835,3.930000066757202,3.990000009536743,3.990000009536743,39800
2010-11-11,3.9800000190734863,4.190000057220459,3.930000066757202,4.0,4.0,59400
2010-11-12,4.0,4.050000190734863,3.880000114440918,3.950000047683716,3.950000047683716,22300
2010-11-15,3.75,3.75,3.4000000953674316,3.4700000286102295,3.4700000286102295,147700
2010-11-16,3.450000047683716,3.5,3.25,3.4000000953674316,3.4000000953674316,137000
2010-11-17,3.4600000381469727,3.5899999141693115,3.450000047683716,3.4800000190734863,3.4800000190734863,16300
2010-11-18,3.609999895095825,3.7899999618530273,3.5199999809265137,3.549999952316284,3.549999952316284,45100
2010-11-19,3.5299999713897705,3.619999885559082,3.5,3.559999942779541,3.559999942779541,48600
2010-11-22,3.559999942779541,3.609999895095825,3.5199999809265137,3.5199999809265137,3.5199999809265137,18900
2010-11-23,3.5,3.5199999809265137,3.359999895095825,3.4000000953674316,3.4000000953674316,22300
2010-11-24,3.4800000190734863,3.5899999141693115,3.4200000762939453,3.450000047683716,3.450000047683716,26800
2010-11-26,3.450000047683716,3.609999895095825,3.450000047683716,3.559999942779541,3.559999942779541,12000
2010-11-29,3.5799999237060547,3.7799999713897705,3.5,3.690000057220459,3.690000057220459,58800
2010-11-30,3.6500000953674316,3.9800000190734863,3.6500000953674316,3.880000114440918,3.880000114440918,70800
2010-12-01,3.9200000762939453,4.039999961853027,3.7799999713897705,3.8499999046325684,3.8499999046325684,50500
2010-12-02,3.880000114440918,3.950000047683716,3.7200000286102295,3.880000114440918,3.880000114440918,53700
2010-12-03,3.799999952316284,3.859999895095825,3.630000114440918,3.6600000858306885,3.6600000858306885,27300
2010-12-06,3.680000066757202,3.75,3.559999942779541,3.680000066757202,3.680000066757202,114500
2010-12-07,3.809999942779541,3.8399999141693115,3.6700000762939453,3.680000066757202,3.680000066757202,33800
2010-12-08,3.680000066757202,3.9100000858306885,3.680000066757202,3.7899999618530273,3.7899999618530273,71700
2010-12-09,3.8499999046325684,3.930000066757202,3.7799999713897705,3.7899999618530273,3.7899999618530273,64800
2010-12-10,3.7899999618530273,3.950000047683716,3.700000047683716,3.700000047683716,3.700000047683716,87100
2010-12-13,3.680000066757202,3.75,3.4700000286102295,3.5399999618530273,3.5399999618530273,179600
2010-12-14,3.5199999809265137,3.5999999046325684,3.049999952316284,3.2100000381469727,3.2100000381469727,176900
2010-12-15,3.190000057220459,3.25,3.1500000953674316,3.2200000286102295,3.2200000286102295,46400
2010-12-16,3.2100000381469727,3.4000000953674316,3.2100000381469727,3.3499999046325684,3.3499999046325684,58500
2010-12-17,3.390000104904175,3.5199999809265137,3.380000114440918,3.509999990463257,3.509999990463257,52400
2010-12-20,3.5,3.700000047683716,3.5,3.5799999237060547,3.5799999237060547,108300
2010-12-21,3.7100000381469727,3.75,3.5999999046325684,3.700000047683716,3.700000047683716,116200
2010-12-22,3.740000009536743,3.75,3.559999942779541,3.640000104904175,3.640000104904175,73500
2010-12-23,3.7200000286102295,3.799999952316284,3.640000104904175,3.700000047683716,3.700000047683716,146300
2010-12-27,3.8499999046325684,3.8499999046325684,3.700000047683716,3.799999952316284,3.799999952316284,88700
2010-12-28,3.8299999237060547,3.9600000381469727,3.7799999713897705,3.799999952316284,3.799999952316284,99000
2010-12-29,3.8499999046325684,4.019999980926514,3.8299999237060547,3.8399999141693115,3.8399999141693115,101300
2010-12-30,3.950000047683716,4.0,3.8499999046325684,3.940000057220459,3.940000057220459,90800
2010-12-31,3.950000047683716,4.019999980926514,3.9200000762939453,3.9600000381469727,3.9600000381469727,37900
2011-01-03,4.019999980926514,4.150000095367432,3.9600000381469727,4.079999923706055,4.079999923706055,163000
2011-01-04,4.139999866485596,4.199999809265137,4.0,4.199999809265137,4.199999809265137,107400
2011-01-05,4.320000171661377,4.429999828338623,4.010000228881836,4.230000019073486,4.230000019073486,165900
2011-01-06,4.230000019073486,4.309999942779541,4.119999885559082,4.230000019073486,4.230000019073486,59400
2011-01-07,4.239999771118164,4.300000190734863,4.090000152587891,4.199999809265137,4.199999809265137,70700
2011-01-10,4.199999809265137,4.239999771118164,4.130000114440918,4.199999809265137,4.199999809265137,78800
2011-01-11,4.25,4.349999904632568,4.159999847412109,4.28000020980835,4.28000020980835,99300
2011-01-12,4.289999961853027,4.5,4.110000133514404,4.380000114440918,4.380000114440918,61500
2011-01-13,4.380000114440918,4.619999885559082,4.380000114440918,4.519999980926514,4.519999980926514,76200
2011-01-14,4.599999904632568,4.599999904632568,4.300000190734863,4.349999904632568,4.349999904632568,58800
2011-01-18,4.320000171661377,4.320000171661377,4.039999961853027,4.21999979019165,4.21999979019165,112600
2011-01-19,4.25,4.349999904632568,4.099999904632568,4.170000076293945,4.170000076293945,85800
2011-01-20,4.170000076293945,4.170000076293945,3.9000000953674316,3.940000057220459,3.940000057220459,108700
2011-01-21,3.940000057220459,3.9700000286102295,3.6700000762939453,3.7699999809265137,3.7699999809265137,114500
2011-01-24,3.759999990463257,3.9000000953674316,3.6600000858306885,3.759999990463257,3.759999990463257,98800
2011-01-25,3.7699999809265137,3.7799999713897705,3.549999952316284,3.619999885559082,3.619999885559082,87400
2011-01-26,3.6500000953674316,3.759999990463257,3.5399999618530273,3.549999952316284,3.549999952316284,105000
2011-01-27,3.5799999237060547,3.5899999141693115,3.2799999713897705,3.319999933242798,3.319999933242798,106100
2011-01-28,3.3299999237060547,3.4800000190734863,3.2799999713897705,3.4100000858306885,3.4100000858306885,101700
2011-01-31,3.4100000858306885,3.5399999618530273,3.380000114440918,3.440000057220459,3.440000057220459,72300
2011-02-01,3.4600000381469727,3.559999942779541,3.3499999046325684,3.450000047683716,3.450000047683716,103600
2011-02-02,3.430000066757202,3.5299999713897705,3.3499999046325684,3.4100000858306885,3.4100000858306885,51600
2011-02-03,3.390000104904175,3.5899999141693115,3.390000104904175,3.509999990463257,3.509999990463257,115300
2011-02-04,3.5199999809265137,3.5899999141693115,3.4700000286102295,3.490000009536743,3.490000009536743,28800
2011-02-07,3.5999999046325684,3.5999999046325684,3.3499999046325684,3.359999895095825,3.359999895095825,161300
2011-02-08,3.380000114440918,3.5399999618530273,3.359999895095825,3.4000000953674316,3.4000000953674316,98800
2011-02-09,3.4000000953674316,3.5,3.369999885559082,3.430000066757202,3.430000066757202,22200
2011-02-10,3.4600000381469727,3.5799999237060547,3.309999942779541,3.309999942779541,3.309999942779541,133400
2011-02-11,3.359999895095825,3.4100000858306885,3.2799999713897705,3.2899999618530273,3.2899999618530273,60200
2011-02-14,3.2899999618530273,3.299999952316284,3.180000066757202,3.2699999809265137,3.2699999809265137,56100
2011-02-15,3.25,3.4100000858306885,3.2100000381469727,3.2799999713897705,3.2799999713897705,112800
2011-02-16,3.309999942779541,3.5,3.299999952316284,3.3399999141693115,3.3399999141693115,49500
2011-02-17,3.3499999046325684,3.490000009536743,3.299999952316284,3.4600000381469727,3.4600000381469727,104700
2011-02-18,3.450000047683716,3.5999999046325684,3.4000000953674316,3.5999999046325684,3.5999999046325684,85500
2011-02-22,3.619999885559082,3.7200000286102295,3.309999942779541,3.3399999141693115,3.3399999141693115,75400
2011-02-23,3.369999885559082,3.440000057220459,3.1700000762939453,3.359999895095825,3.359999895095825,83200
2011-02-24,3.3399999141693115,3.5399999618530273,3.200000047683716,3.319999933242798,3.319999933242798,135300
2011-02-25,3.369999885559082,3.5199999809265137,3.3299999237060547,3.4600000381469727,3.4600000381469727,174100
2011-02-28,3.450000047683716,3.5799999237060547,3.390000104904175,3.430000066757202,3.430000066757202,121800
2011-03-01,3.430000066757202,3.569999933242798,3.3499999046325684,3.5,3.5,39300
2011-03-02,3.440000057220459,3.549999952316284,3.4100000858306885,3.4200000762939453,3.4200000762939453,29100
2011-03-03,3.4700000286102295,3.6700000762939453,3.4100000858306885,3.440000057220459,3.440000057220459,60700
2011-03-04,3.4800000190734863,3.5399999618530273,3.4000000953674316,3.450000047683716,3.450000047683716,57400
2011-03-07,3.4800000190734863,3.5299999713897705,3.309999942779541,3.309999942779541,3.309999942779541,104100
2011-03-08,3.3499999046325684,3.5,3.2799999713897705,3.380000114440918,3.380000114440918,120600
2011-03-09,3.3499999046325684,3.430000066757202,3.2799999713897705,3.319999933242798,3.319999933242798,46400
2011-03-10,3.2699999809265137,3.3299999237060547,3.200000047683716,3.2699999809265137,3.2699999809265137,56500
2011-03-11,3.2300000190734863,3.2300000190734863,3.1500000953674316,3.1700000762939453,3.1700000762939453,47100
2011-03-14,3.1700000762939453,3.299999952316284,3.059999942779541,3.0799999237060547,3.0799999237060547,67600
2011-03-15,3.0199999809265137,3.049999952316284,2.890000104904175,3.0,3.0,45500
2011-03-16,3.009999990463257,3.069999933242798,2.950000047683716,2.990000009536743,2.990000009536743,34600
2011-03-17,3.059999942779541,3.059999942779541,2.940000057220459,2.9600000381469727,2.9600000381469727,38600
2011-03-18,3.0199999809265137,3.200000047683716,2.9800000190734863,3.109999895095825,3.109999895095825,160900
2011-03-21,3.1500000953674316,3.299999952316284,3.0999999046325684,3.140000104904175,3.140000104904175,70500
2011-03-22,3.0899999141693115,3.319999933242798,3.0799999237060547,3.309999942779541,3.309999942779541,43700
2011-03-23,3.490000009536743,4.25,3.4000000953674316,4.199999809265137,4.199999809265137,719600
2011-03-24,4.179999828338623,4.489999771118164,4.050000190734863,4.480000019073486,4.480000019073486,540000
2011-03-25,4.510000228881836,4.829999923706055,4.480000019073486,4.690000057220459,4.690000057220459,537400
2011-03-28,4.710000038146973,5.21999979019165,4.710000038146973,4.96999979019165,4.96999979019165,600700
2011-03-29,4.949999809265137,5.199999809265137,4.869999885559082,5.010000228881836,5.010000228881836,233600
2011-03-30,5.03000020980835,5.090000152587891,4.820000171661377,5.0,5.0,306300
2011-03-31,5.070000171661377,5.070000171661377,4.900000095367432,4.989999771118164,4.989999771118164,87700
2011-04-01,5.050000190734863,5.059999942779541,4.920000076293945,5.039999961853027,5.039999961853027,104300
2011-04-04,5.079999923706055,5.090000152587891,4.940000057220459,5.070000171661377,5.070000171661377,239100
2011-04-05,5.079999923706055,5.090000152587891,4.840000152587891,4.96999979019165,4.96999979019165,215500
2011-04-06,5.0,5.03000020980835,4.849999904632568,4.949999809265137,4.949999809265137,124400
2011-04-07,4.929999828338623,4.940000057220459,4.809999942779541,4.869999885559082,4.869999885559082,70300
2011-04-08,4.920000076293945,5.090000152587891,4.849999904632568,5.090000152587891,5.090000152587891,118000
2011-04-11,5.099999904632568,5.539999961853027,5.099999904632568,5.289999961853027,5.289999961853027,288400
2011-04-12,5.28000020980835,5.630000114440918,5.099999904632568,5.630000114440918,5.630000114440918,226000
2011-04-13,5.769999980926514,5.909999847412109,5.400000095367432,5.510000228881836,5.510000228881836,349800
2011-04-14,5.329999923706055,6.070000171661377,5.329999923706055,5.989999771118164,5.989999771118164,332500
2011-04-15,5.989999771118164,6.050000190734863,5.800000190734863,6.0,6.0,298500
2011-04-18,6.0,6.690000057220459,5.920000076293945,6.639999866485596,6.639999866485596,638100
2011-04-19,6.619999885559082,6.71999979019165,6.070000171661377,6.199999809265137,6.199999809265137,494900
2011-04-20,6.300000190734863,6.369999885559082,6.079999923706055,6.099999904632568,6.099999904632568,234300
2011-04-21,6.150000095367432,6.25,5.940000057220459,5.989999771118164,5.989999771118164,237900
2011-04-25,5.909999847412109,6.03000020980835,5.710000038146973,5.829999923706055,5.829999923706055,233300
2011-04-26,5.880000114440918,5.989999771118164,5.849999904632568,5.900000095367432,5.900000095367432,157500
2011-04-27,5.880000114440918,5.880000114440918,5.460000038146973,5.849999904632568,5.849999904632568,173000
2011-04-28,5.809999942779541,6.099999904632568,5.760000228881836,6.03000020980835,6.03000020980835,221000
2011-04-29,6.010000228881836,6.190000057220459,5.960000038146973,6.050000190734863,6.050000190734863,141000
2011-05-02,6.050000190734863,6.070000171661377,5.650000095367432,5.730000019073486,5.730000019073486,201000
2011-05-03,5.739999771118164,5.78000020980835,5.380000114440918,5.579999923706055,5.579999923706055,175000
2011-05-04,5.559999942779541,5.599999904632568,5.360000133514404,5.380000114440918,5.380000114440918,59900
2011-05-05,5.329999923706055,5.559999942779541,5.230000019073486,5.28000020980835,5.28000020980835,151200
2011-05-06,5.320000171661377,5.449999809265137,5.25,5.300000190734863,5.300000190734863,67000
2011-05-09,5.260000228881836,5.570000171661377,5.179999828338623,5.460000038146973,5.460000038146973,157000
2011-05-10,5.480000019073486,5.539999961853027,5.119999885559082,5.210000038146973,5.210000038146973,134500
2011-05-11,5.199999809265137,5.5,5.199999809265137,5.380000114440918,5.380000114440918,141600
2011-05-12,5.369999885559082,5.369999885559082,5.150000095367432,5.309999942779541,5.309999942779541,123500
2011-05-13,5.309999942779541,5.75,5.300000190734863,5.699999809265137,5.699999809265137,97000
2011-05-16,5.650000095367432,5.820000171661377,5.269999980926514,5.309999942779541,5.309999942779541,130300
2011-05-17,5.309999942779541,5.400000095367432,5.130000114440918,5.300000190734863,5.300000190734863,83500
2011-05-18,5.309999942779541,5.400000095367432,5.170000076293945,5.260000228881836,5.260000228881836,52100
2011-05-19,5.309999942779541,5.420000076293945,5.21999979019165,5.269999980926514,5.269999980926514,18500
2011-05-20,5.289999961853027,5.309999942779541,5.099999904632568,5.139999866485596,5.139999866485596,30100
2011-05-23,5.090000152587891,5.210000038146973,4.960000038146973,5.099999904632568,5.099999904632568,78800
2011-05-24,5.150000095367432,5.199999809265137,5.019999980926514,5.099999904632568,5.099999904632568,55700
2011-05-25,5.110000133514404,5.300000190734863,5.079999923706055,5.179999828338623,5.179999828338623,26600
2011-05-26,5.210000038146973,5.329999923706055,5.139999866485596,5.28000020980835,5.28000020980835,18200
2011-05-27,5.329999923706055,5.550000190734863,5.25,5.510000228881836,5.510000228881836,63500
2011-05-31,5.590000152587891,5.690000057220459,5.340000152587891,5.519999980926514,5.519999980926514,91100
2011-06-01,5.519999980926514,5.559999942779541,5.309999942779541,5.369999885559082,5.369999885559082,41000
2011-06-02,5.409999847412109,5.409999847412109,5.119999885559082,5.130000114440918,5.130000114440918,49500
2011-06-03,5.079999923706055,5.130000114440918,4.980000019073486,5.039999961853027,5.039999961853027,107000
2011-06-06,5.019999980926514,5.230000019073486,4.900000095367432,5.019999980926514,5.019999980926514,86200
2011-06-07,5.050000190734863,5.139999866485596,4.949999809265137,5.139999866485596,5.139999866485596,42200
2011-06-08,5.119999885559082,5.179999828338623,4.869999885559082,4.889999866485596,4.889999866485596,31600
2011-06-09,4.889999866485596,4.980000019073486,4.800000190734863,4.900000095367432,4.900000095367432,61600
2011-06-10,5.0,5.03000020980835,4.699999809265137,4.699999809265137,4.699999809265137,63500
2011-06-13,4.789999961853027,4.789999961853027,4.400000095367432,4.440000057220459,4.440000057220459,97600
2011-06-14,4.5,4.929999828338623,4.440000057220459,4.590000152587891,4.590000152587891,77000
2011-06-15,4.559999942779541,4.690000057220459,4.409999847412109,4.610000133514404,4.610000133514404,84700
2011-06-16,4.639999866485596,4.869999885559082,4.579999923706055,4.630000114440918,4.630000114440918,38700
2011-06-17,4.690000057220459,4.71999979019165,4.349999904632568,4.400000095367432,4.400000095367432,54500
2011-06-20,4.380000114440918,4.380000114440918,4.150000095367432,4.25,4.25,63500
2011-06-21,4.300000190734863,4.400000095367432,4.25,4.369999885559082,4.369999885559082,27700
2011-06-22,4.400000095367432,4.570000171661377,4.320000171661377,4.480000019073486,4.480000019073486,30900
2011-06-23,4.539999961853027,4.610000133514404,4.409999847412109,4.5,4.5,34300
2011-06-24,4.679999828338623,4.679999828338623,4.349999904632568,4.5,4.5,27400
2011-06-27,4.539999961853027,4.619999885559082,4.460000038146973,4.519999980926514,4.519999980926514,31300
2011-06-28,4.559999942779541,4.710000038146973,4.460000038146973,4.5,4.5,58300
2011-06-29,4.53000020980835,4.659999847412109,4.46999979019165,4.590000152587891,4.590000152587891,58800
2011-06-30,4.599999904632568,4.789999961853027,4.550000190734863,4.590000152587891,4.590000152587891,53000
2011-07-01,4.590000152587891,4.769999980926514,4.550000190734863,4.71999979019165,4.71999979019165,70800
2011-07-05,4.710000038146973,5.110000133514404,4.710000038146973,4.989999771118164,4.989999771118164,44200
2011-07-06,5.0,5.110000133514404,4.960000038146973,4.980000019073486,4.980000019073486,54400
2011-07-07,5.039999961853027,5.21999979019165,4.960000038146973,5.0,5.0,75300
2011-07-08,4.980000019073486,5.150000095367432,4.980000019073486,5.090000152587891,5.090000152587891,39600
2011-07-11,5.050000190734863,5.139999866485596,4.800000190734863,4.820000171661377,4.820000171661377,70700
2011-07-12,4.849999904632568,4.949999809265137,4.699999809265137,4.71999979019165,4.71999979019165,33700
2011-07-13,4.71999979019165,5.079999923706055,4.699999809265137,4.920000076293945,4.920000076293945,112700
2011-07-14,4.949999809265137,5.0,4.860000133514404,4.880000114440918,4.880000114440918,31600
2011-07-15,4.920000076293945,5.070000171661377,4.909999847412109,4.920000076293945,4.920000076293945,43900
2011-07-18,4.889999866485596,4.889999866485596,4.650000095367432,4.730000019073486,4.730000019073486,18900
2011-07-19,4.75,5.03000020980835,4.75,4.869999885559082,4.869999885559082,35100
2011-07-20,4.909999847412109,5.090000152587891,4.900000095367432,5.0,5.0,57900
2011-07-21,5.0,5.130000114440918,4.829999923706055,4.940000057220459,4.940000057220459,31100
2011-07-22,4.960000038146973,4.980000019073486,4.860000133514404,4.889999866485596,4.889999866485596,5300
2011-07-25,4.820000171661377,4.860000133514404,4.739999771118164,4.820000171661377,4.820000171661377,27200
2011-07-26,4.840000152587891,4.840000152587891,4.739999771118164,4.78000020980835,4.78000020980835,8900
2011-07-27,4.730000019073486,4.800000190734863,4.650000095367432,4.659999847412109,4.659999847412109,11700
2011-07-28,4.679999828338623,4.840000152587891,4.639999866485596,4.739999771118164,4.739999771118164,29900
2011-07-29,4.679999828338623,4.840000152587891,4.679999828338623,4.800000190734863,4.800000190734863,18700
2011-08-01,4.909999847412109,5.019999980926514,4.5,4.829999923706055,4.829999923706055,80900
2011-08-02,4.840000152587891,5.039999961853027,4.71999979019165,4.769999980926514,4.769999980926514,36500
2011-08-03,4.789999961853027,4.869999885559082,4.650000095367432,4.78000020980835,4.78000020980835,39600
2011-08-04,4.739999771118164,5.289999961853027,4.0,4.099999904632568,4.099999904632568,277100
2011-08-05,4.139999866485596,4.309999942779541,3.930000066757202,4.050000190734863,4.050000190734863,34600
2011-08-08,3.930000066757202,4.210000038146973,3.75,4.0,4.0,130400
2011-08-09,4.659999847412109,5.230000019073486,4.260000228881836,4.760000228881836,4.760000228881836,137400
2011-08-10,4.699999809265137,4.699999809265137,3.990000009536743,4.269999980926514,4.269999980926514,54500
2011-08-11,4.5,4.900000095367432,4.329999923706055,4.690000057220459,4.690000057220459,69900
2011-08-12,4.760000228881836,5.0,4.610000133514404,4.940000057220459,4.940000057220459,254600
2011-08-15,4.949999809265137,5.179999828338623,4.71999979019165,5.119999885559082,5.119999885559082,361400
2011-08-16,5.039999961853027,5.119999885559082,4.949999809265137,5.0,5.0,28000
2011-08-17,5.03000020980835,5.110000133514404,4.869999885559082,5.0,5.0,71700
2011-08-18,4.849999904632568,4.96999979019165,4.730000019073486,4.800000190734863,4.800000190734863,41600
2011-08-19,4.730000019073486,4.989999771118164,4.730000019073486,4.989999771118164,4.989999771118164,35500
2011-08-22,5.130000114440918,5.139999866485596,4.860000133514404,5.019999980926514,5.019999980926514,89600
2011-08-23,5.150000095367432,5.150000095367432,4.980000019073486,4.989999771118164,4.989999771118164,30200
2011-08-24,5.019999980926514,5.099999904632568,4.980000019073486,5.039999961853027,5.039999961853027,18500
2011-08-25,5.090000152587891,5.090000152587891,4.920000076293945,5.0,5.0,19700
2011-08-26,4.940000057220459,5.090000152587891,4.849999904632568,4.980000019073486,4.980000019073486,35900
2011-08-29,5.079999923706055,5.309999942779541,5.0,5.159999847412109,5.159999847412109,210200
2011-08-30,5.21999979019165,5.349999904632568,5.199999809265137,5.309999942779541,5.309999942779541,81600
2011-08-31,5.369999885559082,5.449999809265137,5.119999885559082,5.150000095367432,5.150000095367432,40500
2011-09-01,5.070000171661377,5.409999847412109,4.940000057220459,5.400000095367432,5.400000095367432,94100
2011-09-02,5.269999980926514,5.340000152587891,5.010000228881836,5.25,5.25,53800
2011-09-06,5.110000133514404,5.289999961853027,5.070000171661377,5.119999885559082,5.119999885559082,47000
2011-09-07,5.239999771118164,5.269999980926514,5.050000190734863,5.21999979019165,5.21999979019165,81700
2011-09-08,5.230000019073486,5.5,5.230000019073486,5.360000133514404,5.360000133514404,60400
2011-09-09,5.269999980926514,5.460000038146973,5.039999961853027,5.210000038146973,5.210000038146973,46400
2011-09-12,5.070000171661377,5.239999771118164,4.980000019073486,5.130000114440918,5.130000114440918,76700
2011-09-13,5.079999923706055,5.179999828338623,4.960000038146973,4.989999771118164,4.989999771118164,49200
2011-09-14,5.0,5.170000076293945,4.989999771118164,5.090000152587891,5.090000152587891,40700
2011-09-15,5.130000114440918,5.230000019073486,5.0,5.110000133514404,5.110000133514404,41500
2011-09-16,5.159999847412109,5.159999847412109,4.840000152587891,4.949999809265137,4.949999809265137,55600
2011-09-19,4.860000133514404,4.96999979019165,4.840000152587891,4.920000076293945,4.920000076293945,44900
2011-09-20,4.980000019073486,5.230000019073486,4.980000019073486,5.130000114440918,5.130000114440918,35100
2011-09-21,5.159999847412109,5.190000057220459,4.900000095367432,4.940000057220459,4.940000057220459,41400
2011-09-22,4.820000171661377,4.889999866485596,4.230000019073486,4.300000190734863,4.300000190734863,121600
2011-09-23,4.25,4.369999885559082,4.150000095367432,4.159999847412109,4.159999847412109,42200
2011-09-26,4.210000038146973,4.409999847412109,3.9700000286102295,4.03000020980835,4.03000020980835,46800
2011-09-27,4.130000114440918,4.21999979019165,4.059999942779541,4.099999904632568,4.099999904632568,34900
2011-09-28,4.070000171661377,4.170000076293945,4.0,4.079999923706055,4.079999923706055,20900
2011-09-29,4.190000057220459,4.21999979019165,3.8399999141693115,3.890000104904175,3.890000104904175,39600
2011-09-30,3.9100000858306885,3.9700000286102295,3.700000047683716,3.7899999618530273,3.7899999618530273,54300
2011-10-03,3.740000009536743,3.8499999046325684,3.549999952316284,3.5999999046325684,3.5999999046325684,60900
2011-10-04,3.549999952316284,3.740000009536743,3.1700000762939453,3.4200000762939453,3.4200000762939453,76600
2011-10-05,3.4000000953674316,3.619999885559082,3.299999952316284,3.5,3.5,61500
2011-10-06,3.5899999141693115,3.619999885559082,3.440000057220459,3.5,3.5,26800
2011-10-07,3.5199999809265137,3.759999990463257,3.4800000190734863,3.5199999809265137,3.5199999809265137,57100
2011-10-10,3.609999895095825,3.9200000762939453,3.509999990463257,3.7699999809265137,3.7699999809265137,108400
2011-10-11,3.799999952316284,3.890000104904175,3.680000066757202,3.7300000190734863,3.7300000190734863,23200
2011-10-12,3.7799999713897705,4.019999980926514,3.7799999713897705,3.9100000858306885,3.9100000858306885,61600
2011-10-13,3.950000047683716,4.079999923706055,3.940000057220459,4.0,4.0,9700
2011-10-14,4.050000190734863,4.170000076293945,4.050000190734863,4.090000152587891,4.090000152587891,35200
2011-10-17,4.150000095367432,4.170000076293945,4.070000171661377,4.099999904632568,4.099999904632568,6400
2011-10-18,4.170000076293945,4.239999771118164,4.070000171661377,4.159999847412109,4.159999847412109,25600
2011-10-19,4.230000019073486,4.239999771118164,4.139999866485596,4.230000019073486,4.230000019073486,35100
2011-10-20,4.239999771118164,4.380000114440918,4.0,4.159999847412109,4.159999847412109,34200
2011-10-21,4.260000228881836,4.300000190734863,4.0,4.090000152587891,4.090000152587891,24300
2011-10-24,4.079999923706055,4.150000095367432,3.859999895095825,4.0,4.0,72500
2011-10-25,3.940000057220459,4.159999847412109,3.940000057220459,3.9600000381469727,3.9600000381469727,4400
2011-10-26,4.03000020980835,4.210000038146973,3.950000047683716,3.950000047683716,3.950000047683716,19100
2011-10-27,4.059999942779541,4.420000076293945,4.03000020980835,4.309999942779541,4.309999942779541,190000
2011-10-28,4.199999809265137,4.550000190734863,4.190000057220459,4.489999771118164,4.489999771118164,198300
2011-10-31,4.519999980926514,4.53000020980835,4.349999904632568,4.46999979019165,4.46999979019165,9100
2011-11-01,4.25,4.5,4.230000019073486,4.369999885559082,4.369999885559082,25200
2011-11-02,4.420000076293945,4.5,4.360000133514404,4.380000114440918,4.380000114440918,23100
2011-11-03,4.460000038146973,4.489999771118164,4.190000057220459,4.409999847412109,4.409999847412109,129200
2011-11-04,4.349999904632568,4.5,4.329999923706055,4.380000114440918,4.380000114440918,54500
2011-11-07,4.400000095367432,4.440000057220459,4.199999809265137,4.289999961853027,4.289999961853027,42000
2011-11-08,4.25,4.400000095367432,4.230000019073486,4.289999961853027,4.289999961853027,23400
2011-11-09,4.28000020980835,4.409999847412109,4.130000114440918,4.25,4.25,31000
2011-11-10,4.269999980926514,4.329999923706055,3.9600000381469727,4.03000020980835,4.03000020980835,27500
2011-11-11,4.150000095367432,4.150000095367432,3.9100000858306885,3.940000057220459,3.940000057220459,26300
2011-11-14,3.950000047683716,4.110000133514404,3.950000047683716,3.9600000381469727,3.9600000381469727,40200
2011-11-15,4.0,4.079999923706055,3.950000047683716,4.03000020980835,4.03000020980835,39300
2011-11-16,3.9800000190734863,4.119999885559082,3.9200000762939453,4.0,4.0,16100
2011-11-17,3.9800000190734863,4.079999923706055,3.8499999046325684,3.950000047683716,3.950000047683716,21200
2011-11-18,4.0,4.050000190734863,3.9000000953674316,3.950000047683716,3.950000047683716,24300
2011-11-21,3.880000114440918,4.0,3.809999942779541,3.8499999046325684,3.8499999046325684,17900
2011-11-22,3.869999885559082,3.950000047683716,3.390000104904175,3.490000009536743,3.490000009536743,39500
2011-11-23,3.450000047683716,3.5999999046325684,3.299999952316284,3.569999933242798,3.569999933242798,10500
2011-11-25,3.759999990463257,3.759999990463257,3.25,3.359999895095825,3.359999895095825,21500
2011-11-28,3.490000009536743,3.490000009536743,3.2699999809265137,3.309999942779541,3.309999942779541,97000
2011-11-29,3.3299999237060547,3.4000000953674316,3.2899999618530273,3.3299999237060547,3.3299999237060547,37400
2011-11-30,3.4700000286102295,3.4700000286102295,3.2799999713897705,3.3399999141693115,3.3399999141693115,33500
2011-12-01,3.3399999141693115,3.680000066757202,3.200000047683716,3.3499999046325684,3.3499999046325684,37900
2011-12-02,3.4000000953674316,3.509999990463257,3.3499999046325684,3.4100000858306885,3.4100000858306885,27300
2011-12-05,3.4700000286102295,3.549999952316284,3.380000114440918,3.430000066757202,3.430000066757202,33600
2011-12-06,3.299999952316284,3.440000057220459,3.049999952316284,3.069999933242798,3.069999933242798,70000
2011-12-07,3.0799999237060547,3.119999885559082,2.930000066757202,2.990000009536743,2.990000009536743,125100
2011-12-08,2.9800000190734863,3.0799999237060547,2.7200000286102295,2.7799999713897705,2.7799999713897705,48500
2011-12-09,2.799999952316284,3.009999990463257,2.549999952316284,2.7300000190734863,2.7300000190734863,429000
2011-12-12,2.700000047683716,2.7699999809265137,2.640000104904175,2.700000047683716,2.700000047683716,101900
2011-12-13,2.7100000381469727,2.7200000286102295,2.430000066757202,2.4800000190734863,2.4800000190734863,172800
2011-12-14,2.549999952316284,2.549999952316284,2.1500000953674316,2.2699999809265137,2.2699999809265137,130800
2011-12-15,2.3299999237060547,2.5899999141693115,2.240000009536743,2.3399999141693115,2.3399999141693115,163700
2011-12-16,2.4100000858306885,2.7200000286102295,2.4100000858306885,2.5799999237060547,2.5799999237060547,140400
2011-12-19,2.690000057220459,2.700000047683716,2.5199999809265137,2.609999895095825,2.609999895095825,115000
2011-12-20,2.9100000858306885,2.950000047683716,2.7200000286102295,2.869999885559082,2.869999885559082,83700
2011-12-21,2.890000104904175,2.950000047683716,2.7799999713897705,2.890000104904175,2.890000104904175,102300
2011-12-22,2.940000057220459,3.0,2.9000000953674316,2.950000047683716,2.950000047683716,48800
2011-12-23,2.9600000381469727,2.990000009536743,2.8499999046325684,2.9000000953674316,2.9000000953674316,37500
2011-12-27,2.859999895095825,3.25,2.859999895095825,3.2200000286102295,3.2200000286102295,82400
2011-12-28,3.2100000381469727,3.380000114440918,3.1600000858306885,3.2699999809265137,3.2699999809265137,113500
2011-12-29,3.259999990463257,3.359999895095825,3.1700000762939453,3.2699999809265137,3.2699999809265137,117800
2011-12-30,3.2899999618530273,3.3299999237060547,3.200000047683716,3.2899999618530273,3.2899999618530273,35500
2012-01-03,3.380000114440918,3.4800000190734863,2.990000009536743,3.0,3.0,61200
2012-01-04,3.119999885559082,3.1700000762939453,3.009999990463257,3.119999885559082,3.119999885559082,47800
2012-01-05,3.0799999237060547,3.140000104904175,3.069999933242798,3.130000114440918,3.130000114440918,7400
2012-01-06,3.119999885559082,3.299999952316284,3.109999895095825,3.259999990463257,3.259999990463257,51200
2012-01-09,3.299999952316284,3.299999952316284,3.2200000286102295,3.240000009536743,3.240000009536743,14700
2012-01-10,3.2799999713897705,3.430000066757202,3.0899999141693115,3.140000104904175,3.140000104904175,97500
2012-01-11,3.130000114440918,3.259999990463257,3.0399999618530273,3.069999933242798,3.069999933242798,28700
2012-01-12,3.180000066757202,3.180000066757202,2.9000000953674316,2.9700000286102295,2.9700000286102295,56100
2012-01-13,2.9700000286102295,3.049999952316284,2.869999885559082,2.9100000858306885,2.9100000858306885,54200
2012-01-17,2.990000009536743,2.990000009536743,2.559999942779541,2.5899999141693115,2.5899999141693115,117500
2012-01-18,2.5799999237060547,2.7200000286102295,2.5399999618530273,2.559999942779541,2.559999942779541,89300
2012-01-19,2.5999999046325684,2.680000066757202,2.4600000381469727,2.549999952316284,2.549999952316284,175500
2012-01-20,2.5899999141693115,2.819999933242798,2.549999952316284,2.609999895095825,2.609999895095825,143400
2012-01-23,2.619999885559082,2.759999990463257,2.549999952316284,2.680000066757202,2.680000066757202,26000
2012-01-24,2.700000047683716,2.8299999237060547,2.630000114440918,2.6500000953674316,2.6500000953674316,86500
2012-01-25,2.7899999618530273,2.809999942779541,2.6600000858306885,2.740000009536743,2.740000009536743,38400
2012-01-26,2.759999990463257,2.859999895095825,2.7100000381469727,2.799999952316284,2.799999952316284,85500
2012-01-27,2.75,2.759999990463257,2.6500000953674316,2.759999990463257,2.759999990463257,32700
2012-01-30,2.7200000286102295,2.859999895095825,2.6600000858306885,2.700000047683716,2.700000047683716,65500
2012-01-31,2.859999895095825,2.859999895095825,2.609999895095825,2.759999990463257,2.759999990463257,46400
2012-02-01,2.819999933242798,2.9000000953674316,2.759999990463257,2.809999942779541,2.809999942779541,95500
2012-02-02,2.8499999046325684,3.0299999713897705,2.8499999046325684,2.990000009536743,2.990000009536743,70800
2012-02-03,3.0,3.200000047683716,2.8499999046325684,2.859999895095825,2.859999895095825,138100
2012-02-06,2.890000104904175,3.0399999618530273,2.809999942779541,2.930000066757202,2.930000066757202,38400
2012-02-07,3.0,3.0399999618530273,2.7699999809265137,2.799999952316284,2.799999952316284,66100
2012-02-08,2.809999942779541,2.9600000381469727,2.6600000858306885,2.809999942779541,2.809999942779541,63300
2012-02-09,2.8399999141693115,2.950000047683716,2.809999942779541,2.869999885559082,2.869999885559082,31300
2012-02-10,2.8499999046325684,2.9700000286102295,2.799999952316284,2.799999952316284,2.799999952316284,8000
2012-02-13,2.880000114440918,2.940000057220459,2.700000047683716,2.75,2.75,52800
2012-02-14,2.7899999618530273,2.799999952316284,2.680000066757202,2.680000066757202,2.680000066757202,51600
2012-02-15,2.7100000381469727,2.890000104904175,2.5999999046325684,2.640000104904175,2.640000104904175,14400
2012-02-16,2.630000114440918,2.819999933242798,2.619999885559082,2.7200000286102295,2.7200000286102295,56300
2012-02-17,2.7799999713897705,2.859999895095825,2.6700000762939453,2.7200000286102295,2.7200000286102295,41800
2012-02-21,2.7300000190734863,2.75,2.6700000762939453,2.7200000286102295,2.7200000286102295,36800
2012-02-22,2.7300000190734863,2.7899999618530273,2.6500000953674316,2.6500000953674316,2.6500000953674316,42200
2012-02-23,2.7100000381469727,2.799999952316284,2.690000057220459,2.7899999618530273,2.7899999618530273,53400
2012-02-24,2.799999952316284,3.0799999237060547,2.759999990463257,3.0399999618530273,3.0399999618530273,69400
2012-02-27,3.049999952316284,3.059999942779541,2.819999933242798,2.859999895095825,2.859999895095825,86000
2012-02-28,2.9600000381469727,2.9600000381469727,2.8399999141693115,2.890000104904175,2.890000104904175,19200
2012-02-29,2.880000114440918,2.930000066757202,2.7799999713897705,2.799999952316284,2.799999952316284,38000
2012-03-01,2.7300000190734863,2.8299999237060547,2.640000104904175,2.7699999809265137,2.7699999809265137,9800
2012-03-02,2.7899999618530273,2.880000114440918,2.7899999618530273,2.8399999141693115,2.8399999141693115,14000
2012-03-05,2.8299999237060547,2.940000057220459,2.7699999809265137,2.7899999618530273,2.7899999618530273,27400
2012-03-06,2.7899999618530273,2.869999885559082,2.6500000953674316,2.6500000953674316,2.6500000953674316,43600
2012-03-07,2.680000066757202,2.8499999046325684,2.6700000762939453,2.680000066757202,2.680000066757202,22500
2012-03-08,2.690000057220459,2.809999942779541,2.690000057220459,2.740000009536743,2.740000009536743,10100
2012-03-09,2.75,2.819999933242798,2.690000057220459,2.700000047683716,2.700000047683716,20900
2012-03-12,2.75,2.8499999046325684,2.6500000953674316,2.700000047683716,2.700000047683716,29100
2012-03-13,2.75,2.809999942779541,2.6700000762939453,2.7300000190734863,2.7300000190734863,14700
2012-03-14,2.7100000381469727,2.930000066757202,2.690000057220459,2.880000114440918,2.880000114440918,54200
2012-03-15,2.9200000762939453,3.0999999046325684,2.9000000953674316,3.069999933242798,3.069999933242798,72600
2012-03-16,3.0,3.190000057220459,2.9700000286102295,3.190000057220459,3.190000057220459,66500
2012-03-19,3.180000066757202,3.200000047683716,3.069999933242798,3.0899999141693115,3.0899999141693115,22900
2012-03-20,3.0899999141693115,3.1500000953674316,3.069999933242798,3.0799999237060547,3.0799999237060547,33300
2012-03-21,3.140000104904175,3.2799999713897705,2.9700000286102295,3.2699999809265137,3.2699999809265137,101900
2012-03-22,3.4000000953674316,3.9100000858306885,3.4000000953674316,3.890000104904175,3.890000104904175,304400
2012-03-23,3.9700000286102295,4.199999809265137,3.700000047683716,4.199999809265137,4.199999809265137,246900
2012-03-26,4.170000076293945,4.369999885559082,4.050000190734863,4.130000114440918,4.130000114440918,110600
2012-03-27,4.110000133514404,4.170000076293945,4.0,4.159999847412109,4.159999847412109,105200
2012-03-28,4.170000076293945,4.289999961853027,4.019999980926514,4.050000190734863,4.050000190734863,49300
2012-03-29,4.010000228881836,4.199999809265137,3.9100000858306885,4.150000095367432,4.150000095367432,59300
2012-03-30,4.190000057220459,4.199999809265137,3.940000057220459,3.940000057220459,3.940000057220459,29200
2012-04-02,3.930000066757202,4.010000228881836,3.640000104904175,3.7899999618530273,3.7899999618530273,63500
2012-04-03,3.7799999713897705,3.950000047683716,3.6500000953674316,3.7100000381469727,3.7100000381469727,67100
2012-04-04,3.7100000381469727,3.880000114440918,3.6500000953674316,3.8399999141693115,3.8399999141693115,24200
2012-04-05,3.9000000953674316,3.950000047683716,3.7899999618530273,3.809999942779541,3.809999942779541,29600
2012-04-09,3.7300000190734863,3.809999942779541,3.569999933242798,3.569999933242798,3.569999933242798,35800
2012-04-10,3.630000114440918,3.690000057220459,3.559999942779541,3.6600000858306885,3.6600000858306885,28300
2012-04-11,3.6600000858306885,3.740000009536743,3.6500000953674316,3.690000057220459,3.690000057220459,7200
2012-04-12,3.75,3.950000047683716,3.690000057220459,3.890000104904175,3.890000104904175,49400
2012-04-13,3.8399999141693115,4.0,3.75,3.7899999618530273,3.7899999618530273,36000
2012-04-16,3.8499999046325684,4.119999885559082,3.809999942779541,4.039999961853027,4.039999961853027,95400
2012-04-17,4.159999847412109,4.289999961853027,4.099999904632568,4.190000057220459,4.190000057220459,57600
2012-04-18,4.210000038146973,4.400000095367432,4.110000133514404,4.369999885559082,4.369999885559082,103000
2012-04-19,4.329999923706055,4.400000095367432,4.190000057220459,4.340000152587891,4.340000152587891,37700
2012-04-20,4.28000020980835,4.320000171661377,3.9000000953674316,4.130000114440918,4.130000114440918,67600
2012-04-23,4.050000190734863,4.050000190734863,3.859999895095825,3.930000066757202,3.930000066757202,39000
2012-04-24,3.9800000190734863,3.9800000190734863,3.700000047683716,3.7699999809265137,3.7699999809265137,36200
2012-04-25,3.799999952316284,3.799999952316284,3.680000066757202,3.799999952316284,3.799999952316284,36700
2012-04-26,3.7799999713897705,4.050000190734863,3.7799999713897705,4.050000190734863,4.050000190734863,55500
2012-04-27,4.010000228881836,4.159999847412109,4.010000228881836,4.03000020980835,4.03000020980835,23800
2012-04-30,4.0,4.110000133514404,3.940000057220459,3.940000057220459,3.940000057220459,9600
2012-05-01,4.090000152587891,4.090000152587891,3.819999933242798,3.8499999046325684,3.8499999046325684,30000
2012-05-02,4.239999771118164,4.239999771118164,3.690000057220459,3.759999990463257,3.759999990463257,50400
2012-05-03,3.799999952316284,3.8399999141693115,3.680000066757202,3.680000066757202,3.680000066757202,4900
2012-05-04,3.950000047683716,3.950000047683716,3.640000104904175,3.700000047683716,3.700000047683716,21600
2012-05-07,3.7799999713897705,3.930000066757202,3.680000066757202,3.680000066757202,3.680000066757202,31000
2012-05-08,3.7200000286102295,3.740000009536743,3.680000066757202,3.680000066757202,3.680000066757202,13800
2012-05-09,3.6600000858306885,3.7300000190734863,3.619999885559082,3.7300000190734863,3.7300000190734863,16000
2012-05-10,3.7300000190734863,3.8499999046325684,3.7100000381469727,3.7699999809265137,3.7699999809265137,8500
2012-05-11,4.019999980926514,4.130000114440918,3.75,3.9200000762939453,3.9200000762939453,46400
2012-05-14,4.0,4.0,3.759999990463257,3.799999952316284,3.799999952316284,59800
2012-05-15,3.759999990463257,3.759999990463257,3.5999999046325684,3.640000104904175,3.640000104904175,24000
2012-05-16,3.5899999141693115,3.7300000190734863,3.1500000953674316,3.1600000858306885,3.1600000858306885,106300
2012-05-17,3.190000057220459,3.190000057220459,2.819999933242798,2.859999895095825,2.859999895095825,142700
2012-05-18,2.869999885559082,3.0799999237060547,2.7100000381469727,2.75,2.75,74400
2012-05-21,2.7100000381469727,2.8299999237060547,2.549999952316284,2.569999933242798,2.569999933242798,95400
2012-05-22,2.5799999237060547,3.119999885559082,2.5799999237060547,3.069999933242798,3.069999933242798,90000
2012-05-23,3.0299999713897705,3.200000047683716,2.990000009536743,3.119999885559082,3.119999885559082,15000
2012-05-24,3.0799999237060547,3.240000009536743,3.049999952316284,3.190000057220459,3.190000057220459,46000
2012-05-25,3.1500000953674316,3.259999990463257,3.109999895095825,3.240000009536743,3.240000009536743,25500
2012-05-29,3.240000009536743,3.380000114440918,3.2300000190734863,3.299999952316284,3.299999952316284,45100
2012-05-30,3.359999895095825,3.430000066757202,3.190000057220459,3.299999952316284,3.299999952316284,34300
2012-05-31,3.319999933242798,3.390000104904175,3.130000114440918,3.2300000190734863,3.2300000190734863,135000
2012-06-01,3.1500000953674316,3.1500000953674316,2.680000066757202,2.809999942779541,2.809999942779541,116000
2012-06-04,2.859999895095825,2.859999895095825,2.309999942779541,2.6500000953674316,2.6500000953674316,135000
2012-06-05,2.680000066757202,2.7200000286102295,2.5899999141693115,2.6500000953674316,2.6500000953674316,23700
2012-06-06,2.690000057220459,2.7699999809265137,2.5899999141693115,2.740000009536743,2.740000009536743,60000
2012-06-07,2.7300000190734863,2.7799999713897705,2.569999933242798,2.7100000381469727,2.7100000381469727,27400
2012-06-08,2.75,2.75,2.5399999618530273,2.5399999618530273,2.5399999618530273,52200
2012-06-11,2.630000114440918,2.7899999618530273,2.5199999809265137,2.6700000762939453,2.6700000762939453,54600
2012-06-12,2.6600000858306885,2.8499999046325684,2.6600000858306885,2.799999952316284,2.799999952316284,33300
2012-06-13,2.759999990463257,2.950000047683716,2.7200000286102295,2.8499999046325684,2.8499999046325684,48100
2012-06-14,2.990000009536743,2.990000009536743,2.759999990463257,2.869999885559082,2.869999885559082,40600
2012-06-15,3.0,3.130000114440918,2.9200000762939453,3.049999952316284,3.049999952316284,39900
2012-06-18,3.0299999713897705,3.0299999713897705,2.819999933242798,2.8299999237060547,2.8299999237060547,33200
2012-06-19,2.8299999237060547,2.940000057220459,2.7799999713897705,2.809999942779541,2.809999942779541,9600
2012-06-20,2.819999933242798,2.8399999141693115,2.690000057220459,2.7699999809265137,2.7699999809265137,34900
2012-06-21,2.7899999618530273,2.859999895095825,2.5999999046325684,2.6600000858306885,2.6600000858306885,27800
2012-06-22,2.640000104904175,2.7799999713897705,2.549999952316284,2.640000104904175,2.640000104904175,31600
2012-06-25,2.7799999713897705,2.809999942779541,2.690000057220459,2.7799999713897705,2.7799999713897705,11700
2012-06-26,2.700000047683716,2.819999933242798,2.6500000953674316,2.759999990463257,2.759999990463257,10300
2012-06-27,2.7300000190734863,2.7899999618530273,2.5799999237060547,2.6700000762939453,2.6700000762939453,27000
2012-06-28,2.619999885559082,2.859999895095825,2.5899999141693115,2.819999933242798,2.819999933242798,10000
2012-06-29,2.930000066757202,2.990000009536743,2.799999952316284,2.8399999141693115,2.8399999141693115,21800
2012-07-02,2.8299999237060547,2.9800000190734863,2.8299999237060547,2.890000104904175,2.890000104904175,22900
2012-07-03,2.930000066757202,3.0399999618530273,2.799999952316284,3.0,3.0,13400
2012-07-05,2.9700000286102295,3.0399999618530273,2.9100000858306885,2.9200000762939453,2.9200000762939453,10800
2012-07-06,2.9100000858306885,3.069999933242798,2.9100000858306885,3.0399999618530273,3.0399999618530273,8600
2012-07-09,2.9800000190734863,3.119999885559082,2.8299999237060547,2.950000047683716,2.950000047683716,38500
2012-07-10,2.990000009536743,3.0899999141693115,2.8399999141693115,3.0,3.0,32700
2012-07-11,3.059999942779541,3.0799999237060547,2.7899999618530273,2.7899999618530273,2.7899999618530273,25300
2012-07-12,2.799999952316284,2.8499999046325684,2.630000114440918,2.7200000286102295,2.7200000286102295,19700
2012-07-13,2.7200000286102295,2.809999942779541,2.5999999046325684,2.759999990463257,2.759999990463257,15700
2012-07-16,2.8399999141693115,2.8399999141693115,2.609999895095825,2.6600000858306885,2.6600000858306885,23200
2012-07-17,2.700000047683716,2.700000047683716,2.5999999046325684,2.690000057220459,2.690000057220459,41700
2012-07-18,2.6500000953674316,2.700000047683716,2.6500000953674316,2.700000047683716,2.700000047683716,2800
2012-07-19,2.690000057220459,2.7300000190734863,2.6500000953674316,2.6500000953674316,2.6500000953674316,16200
2012-07-20,2.7200000286102295,2.7300000190734863,2.7200000286102295,2.7300000190734863,2.7300000190734863,1700
2012-07-23,2.6600000858306885,2.7200000286102295,2.5,2.690000057220459,2.690000057220459,59200
2012-07-24,2.700000047683716,2.700000047683716,2.6700000762939453,2.6700000762939453,2.6700000762939453,1900
2012-07-25,2.6700000762939453,2.680000066757202,2.609999895095825,2.630000114440918,2.630000114440918,13500
2012-07-26,2.6600000858306885,2.6600000858306885,2.5,2.509999990463257,2.509999990463257,42700
2012-07-27,2.509999990463257,2.5899999141693115,2.299999952316284,2.490000009536743,2.490000009536743,188600
2012-07-30,2.430000066757202,2.569999933242798,2.390000104904175,2.5399999618530273,2.5399999618530273,67800
2012-07-31,2.490000009536743,2.5999999046325684,2.4000000953674316,2.5999999046325684,2.5999999046325684,25700
2012-08-01,2.5899999141693115,2.680000066757202,2.5199999809265137,2.549999952316284,2.549999952316284,18800
2012-08-02,2.5399999618530273,2.5899999141693115,2.5,2.5199999809265137,2.5199999809265137,3900
2012-08-03,2.559999942779541,2.5999999046325684,2.3499999046325684,2.359999895095825,2.359999895095825,23700
2012-08-06,2.549999952316284,2.569999933242798,2.430000066757202,2.549999952316284,2.549999952316284,9600
2012-08-07,2.5199999809265137,2.5999999046325684,2.4000000953674316,2.559999942779541,2.559999942779541,28400
2012-08-08,2.4600000381469727,2.5799999237060547,2.440000057220459,2.4800000190734863,2.4800000190734863,30900
2012-08-09,2.5799999237060547,2.6500000953674316,2.3399999141693115,2.450000047683716,2.450000047683716,43700
2012-08-10,2.390000104904175,2.5199999809265137,2.380000114440918,2.509999990463257,2.509999990463257,5800
2012-08-13,2.450000047683716,2.5299999713897705,2.3399999141693115,2.5199999809265137,2.5199999809265137,33400
2012-08-14,2.490000009536743,2.5299999713897705,2.450000047683716,2.5199999809265137,2.5199999809265137,7600
2012-08-15,2.490000009536743,2.5299999713897705,2.3499999046325684,2.509999990463257,2.509999990463257,21200
2012-08-16,2.5,2.5999999046325684,2.450000047683716,2.5999999046325684,2.5999999046325684,61800
2012-08-17,2.549999952316284,2.6500000953674316,2.5,2.569999933242798,2.569999933242798,29100
2012-08-20,2.5799999237060547,2.630000114440918,2.509999990463257,2.569999933242798,2.569999933242798,42300
2012-08-21,2.549999952316284,2.640000104904175,2.5399999618530273,2.5899999141693115,2.5899999141693115,24800
2012-08-22,2.609999895095825,2.609999895095825,2.549999952316284,2.549999952316284,2.549999952316284,20900
2012-08-23,2.5799999237060547,2.609999895095825,2.549999952316284,2.549999952316284,2.549999952316284,26400
2012-08-24,2.609999895095825,2.609999895095825,2.450000047683716,2.5899999141693115,2.5899999141693115,20800
2012-08-27,2.5899999141693115,2.619999885559082,2.549999952316284,2.559999942779541,2.559999942779541,20200
2012-08-28,2.549999952316284,2.619999885559082,2.450000047683716,2.5399999618530273,2.5399999618530273,18100
2012-08-29,2.5899999141693115,2.5899999141693115,2.490000009536743,2.559999942779541,2.559999942779541,6900
2012-08-30,2.569999933242798,2.5899999141693115,2.4200000762939453,2.4800000190734863,2.4800000190734863,20300
2012-08-31,2.5399999618530273,2.5899999141693115,2.430000066757202,2.549999952316284,2.549999952316284,17800
2012-09-04,2.549999952316284,2.549999952316284,2.450000047683716,2.5199999809265137,2.5199999809265137,2000
2012-09-05,2.4200000762939453,2.569999933242798,2.4200000762939453,2.5,2.5,20500
2012-09-06,2.3399999141693115,2.690000057220459,2.3399999141693115,2.5299999713897705,2.5299999713897705,18800
2012-09-07,2.7100000381469727,2.75,2.440000057220459,2.640000104904175,2.640000104904175,37300
2012-09-10,2.630000114440918,2.6500000953674316,2.5299999713897705,2.549999952316284,2.549999952316284,17700
2012-09-11,2.430000066757202,2.700000047683716,2.430000066757202,2.609999895095825,2.609999895095825,61800
2012-09-12,2.5999999046325684,3.0299999713897705,2.5999999046325684,2.890000104904175,2.890000104904175,164500
2012-09-13,2.880000114440918,3.0,2.819999933242798,2.9000000953674316,2.9000000953674316,82700
2012-09-14,2.9600000381469727,3.0299999713897705,2.890000104904175,3.0,3.0,19600
2012-09-17,2.950000047683716,3.0,2.9200000762939453,2.9800000190734863,2.9800000190734863,20200
2012-09-18,3.009999990463257,3.009999990463257,2.8499999046325684,2.940000057220459,2.940000057220459,11900
2012-09-19,2.9200000762939453,3.200000047683716,2.7899999618530273,3.0,3.0,110700
2012-09-20,3.009999990463257,3.130000114440918,2.990000009536743,2.990000009536743,2.990000009536743,74400
2012-09-21,3.049999952316284,3.119999885559082,2.869999885559082,2.9100000858306885,2.9100000858306885,55100
2012-09-24,2.9100000858306885,2.9800000190734863,2.75,2.759999990463257,2.759999990463257,31700
2012-09-25,2.7300000190734863,3.0899999141693115,2.7200000286102295,2.799999952316284,2.799999952316284,28300
2012-09-26,2.9200000762939453,3.069999933242798,2.7300000190734863,2.75,2.75,13900
2012-09-27,2.75,2.9700000286102295,2.680000066757202,2.7200000286102295,2.7200000286102295,10100
2012-09-28,2.880000114440918,3.0,2.7899999618530273,2.890000104904175,2.890000104904175,20500
2012-10-01,2.9200000762939453,3.009999990463257,2.9200000762939453,2.930000066757202,2.930000066757202,25900
2012-10-02,3.0299999713897705,3.0299999713897705,2.809999942779541,2.9100000858306885,2.9100000858306885,9600
2012-10-03,2.990000009536743,2.990000009536743,2.8399999141693115,2.9200000762939453,2.9200000762939453,3000
2012-10-04,3.0199999809265137,3.0199999809265137,2.690000057220459,2.75,2.75,22800
2012-10-05,2.759999990463257,2.880000114440918,2.559999942779541,2.609999895095825,2.609999895095825,22700
2012-10-08,2.680000066757202,2.7699999809265137,2.490000009536743,2.630000114440918,2.630000114440918,41000
2012-10-09,2.6500000953674316,2.7899999618530273,2.630000114440918,2.75,2.75,25900
2012-10-10,2.75,2.8499999046325684,2.75,2.759999990463257,2.759999990463257,16800
2012-10-11,2.8399999141693115,2.940000057220459,2.799999952316284,2.9000000953674316,2.9000000953674316,82600
2012-10-12,2.9000000953674316,3.0,2.8499999046325684,2.940000057220459,2.940000057220459,127200
2012-10-15,2.930000066757202,3.0799999237060547,2.930000066757202,3.009999990463257,3.009999990463257,204000
2012-10-16,3.009999990463257,3.1700000762939453,3.0,3.130000114440918,3.130000114440918,279300
2012-10-17,3.1700000762939453,3.25,3.109999895095825,3.240000009536743,3.240000009536743,88700
2012-10-18,3.180000066757202,3.25,3.1600000858306885,3.25,3.25,12500
2012-10-19,3.2300000190734863,3.25,3.0199999809265137,3.0899999141693115,3.0899999141693115,18400
2012-10-22,3.049999952316284,3.190000057220459,3.009999990463257,3.109999895095825,3.109999895095825,34000
2012-10-23,3.109999895095825,3.109999895095825,3.109999895095825,3.109999895095825,3.109999895095825,0
2012-10-24,3.1500000953674316,3.1600000858306885,3.1500000953674316,3.1600000858306885,3.1600000858306885,300
2012-10-25,3.130000114440918,3.130000114440918,3.049999952316284,3.0999999046325684,3.0999999046325684,10200
2012-10-26,2.890000104904175,3.130000114440918,2.890000104904175,3.109999895095825,3.109999895095825,40200
2012-10-31,3.0,3.109999895095825,2.9100000858306885,3.059999942779541,3.059999942779541,40600
2012-11-01,3.0999999046325684,3.200000047683716,2.9800000190734863,2.9800000190734863,2.9800000190734863,13600
2012-11-02,3.130000114440918,3.25,3.0799999237060547,3.1500000953674316,3.1500000953674316,27800
2012-11-05,3.240000009536743,3.240000009536743,3.0199999809265137,3.190000057220459,3.190000057220459,25900
2012-11-06,3.2699999809265137,3.2699999809265137,3.0999999046325684,3.200000047683716,3.200000047683716,78100
2012-11-07,3.109999895095825,3.190000057220459,3.049999952316284,3.109999895095825,3.109999895095825,29700
2012-11-08,2.7899999618530273,3.069999933242798,2.4000000953674316,2.4200000762939453,2.4200000762939453,345200
2012-11-09,2.4600000381469727,2.5999999046325684,2.380000114440918,2.4600000381469727,2.4600000381469727,48100
2012-11-12,2.450000047683716,2.559999942779541,2.299999952316284,2.3399999141693115,2.3399999141693115,26200
2012-11-13,2.3499999046325684,2.450000047683716,2.3499999046325684,2.3499999046325684,2.3499999046325684,15900
2012-11-14,2.440000057220459,2.440000057220459,2.3499999046325684,2.3499999046325684,2.3499999046325684,18400
2012-11-15,2.4100000858306885,2.450000047683716,2.3499999046325684,2.369999885559082,2.369999885559082,21100
2012-11-16,2.3499999046325684,2.4100000858306885,2.140000104904175,2.2799999713897705,2.2799999713897705,57400
2012-11-19,2.25,2.440000057220459,2.1700000762939453,2.2799999713897705,2.2799999713897705,60000
2012-11-20,2.2300000190734863,2.319999933242798,2.1600000858306885,2.2899999618530273,2.2899999618530273,16900
2012-11-21,2.4000000953674316,2.4100000858306885,2.299999952316284,2.3299999237060547,2.3299999237060547,4100
2012-11-23,2.4000000953674316,2.4000000953674316,2.299999952316284,2.3499999046325684,2.3499999046325684,5800
2012-11-26,2.3399999141693115,2.4200000762939453,2.200000047683716,2.3399999141693115,2.3399999141693115,9200
2012-11-27,2.259999990463257,2.359999895095825,2.259999990463257,2.3299999237060547,2.3299999237060547,6800
2012-11-28,2.3299999237060547,2.450000047683716,2.2699999809265137,2.4000000953674316,2.4000000953674316,44600
2012-11-29,2.3499999046325684,2.450000047683716,2.3499999046325684,2.4200000762939453,2.4200000762939453,14900
2012-11-30,2.4800000190734863,2.4800000190734863,2.4000000953674316,2.440000057220459,2.440000057220459,12500
2012-12-03,2.440000057220459,2.450000047683716,2.430000066757202,2.430000066757202,2.430000066757202,5200
2012-12-04,2.390000104904175,2.440000057220459,2.2799999713897705,2.4100000858306885,2.4100000858306885,6200
2012-12-05,2.450000047683716,2.450000047683716,2.3499999046325684,2.380000114440918,2.380000114440918,45600
2012-12-06,2.309999942779541,2.509999990463257,2.2799999713897705,2.4000000953674316,2.4000000953674316,38500
2012-12-07,2.4600000381469727,2.490000009536743,2.3299999237060547,2.380000114440918,2.380000114440918,37800
2012-12-10,2.380000114440918,2.490000009536743,2.369999885559082,2.490000009536743,2.490000009536743,30200
2012-12-11,2.450000047683716,2.549999952316284,2.4000000953674316,2.5199999809265137,2.5199999809265137,44500
2012-12-12,2.4800000190734863,2.5799999237060547,2.4800000190734863,2.569999933242798,2.569999933242798,30400
2012-12-13,2.549999952316284,2.740000009536743,2.549999952316284,2.700000047683716,2.700000047683716,69000
2012-12-14,2.640000104904175,2.7200000286102295,2.5899999141693115,2.6700000762939453,2.6700000762939453,48600
2012-12-17,2.700000047683716,2.700000047683716,2.609999895095825,2.690000057220459,2.690000057220459,62000
2012-12-18,2.619999885559082,2.9000000953674316,2.609999895095825,2.7899999618530273,2.7899999618530273,440400
2012-12-19,2.859999895095825,2.880000114440918,2.690000057220459,2.759999990463257,2.759999990463257,27600
2012-12-20,2.819999933242798,2.8299999237060547,2.75,2.799999952316284,2.799999952316284,34000
2012-12-21,2.819999933242798,2.9000000953674316,2.7899999618530273,2.819999933242798,2.819999933242798,23800
2012-12-24,2.8299999237060547,2.8299999237060547,2.759999990463257,2.759999990463257,2.759999990463257,4200
2012-12-26,2.75,2.859999895095825,2.75,2.859999895095825,2.859999895095825,138400
2012-12-27,2.869999885559082,2.9000000953674316,2.8499999046325684,2.8499999046325684,2.8499999046325684,95800
2012-12-28,2.809999942779541,2.9000000953674316,2.759999990463257,2.8299999237060547,2.8299999237060547,22600
2012-12-31,2.890000104904175,2.890000104904175,2.75,2.8499999046325684,2.8499999046325684,30300
2013-01-02,2.819999933242798,2.950000047683716,2.7300000190734863,2.950000047683716,2.950000047683716,157200
2013-01-03,2.950000047683716,3.1600000858306885,2.940000057220459,3.0999999046325684,3.0999999046325684,125700
2013-01-04,3.0999999046325684,3.180000066757202,3.0299999713897705,3.1500000953674316,3.1500000953674316,13800
2013-01-07,3.0999999046325684,3.119999885559082,3.0399999618530273,3.0399999618530273,3.0399999618530273,19300
2013-01-08,3.0,3.190000057220459,2.9700000286102295,3.0999999046325684,3.0999999046325684,108600
2013-01-09,3.109999895095825,3.2799999713897705,3.0999999046325684,3.2300000190734863,3.2300000190734863,55200
2013-01-10,3.25,3.25,3.119999885559082,3.140000104904175,3.140000104904175,9700
2013-01-11,3.200000047683716,3.319999933242798,3.1500000953674316,3.2799999713897705,3.2799999713897705,87700
2013-01-14,3.2899999618530273,3.319999933242798,3.0799999237060547,3.2799999713897705,3.2799999713897705,53100
2013-01-15,3.259999990463257,3.2799999713897705,3.25,3.25,3.25,12800
2013-01-16,3.25,3.299999952316284,3.130000114440918,3.1500000953674316,3.1500000953674316,29900
2013-01-17,3.1700000762939453,3.25,3.0999999046325684,3.25,3.25,18500
2013-01-18,3.2899999618530273,3.299999952316284,3.190000057220459,3.259999990463257,3.259999990463257,20400
2013-01-22,3.25,3.299999952316284,3.200000047683716,3.2699999809265137,3.2699999809265137,11700
2013-01-23,3.2899999618530273,3.3299999237060547,3.259999990463257,3.2699999809265137,3.2699999809265137,42400
2013-01-24,3.2699999809265137,3.2899999618530273,3.2200000286102295,3.25,3.25,25200
2013-01-25,3.2200000286102295,3.299999952316284,3.119999885559082,3.240000009536743,3.240000009536743,97700
2013-01-28,3.2100000381469727,3.2300000190734863,3.200000047683716,3.200000047683716,3.200000047683716,69300
2013-01-29,3.200000047683716,3.319999933242798,3.200000047683716,3.319999933242798,3.319999933242798,31300
2013-01-30,3.309999942779541,3.3299999237060547,3.259999990463257,3.309999942779541,3.309999942779541,11000
2013-01-31,3.2699999809265137,3.3499999046325684,3.259999990463257,3.3299999237060547,3.3299999237060547,25200
2013-02-01,3.299999952316284,3.3499999046325684,3.299999952316284,3.309999942779541,3.309999942779541,19200
2013-02-04,3.2699999809265137,3.4100000858306885,3.1700000762939453,3.4000000953674316,3.4000000953674316,27000
2013-02-05,3.390000104904175,3.4800000190734863,3.259999990463257,3.2799999713897705,3.2799999713897705,31700
2013-02-06,3.2699999809265137,3.3399999141693115,3.2699999809265137,3.3399999141693115,3.3399999141693115,32300
2013-02-07,3.369999885559082,3.4000000953674316,3.2200000286102295,3.3499999046325684,3.3499999046325684,7600
2013-02-08,3.4000000953674316,3.450000047683716,3.309999942779541,3.4100000858306885,3.4100000858306885,10400
2013-02-11,3.359999895095825,3.4600000381469727,3.359999895095825,3.450000047683716,3.450000047683716,20100
2013-02-12,3.4100000858306885,3.440000057220459,3.2699999809265137,3.390000104904175,3.390000104904175,5300
2013-02-13,3.2899999618530273,3.3399999141693115,3.2799999713897705,3.299999952316284,3.299999952316284,5900
2013-02-14,3.3499999046325684,3.369999885559082,3.3499999046325684,3.369999885559082,3.369999885559082,600
2013-02-15,3.259999990463257,3.3399999141693115,3.1700000762939453,3.2699999809265137,3.2699999809265137,7100
2013-02-19,3.2300000190734863,3.4600000381469727,3.2300000190734863,3.4100000858306885,3.4100000858306885,23300
2013-02-20,3.430000066757202,3.4800000190734863,3.3499999046325684,3.4800000190734863,3.4800000190734863,32000
2013-02-21,3.4800000190734863,3.5,3.430000066757202,3.5,3.5,17100
2013-02-22,3.5,3.5,3.359999895095825,3.4700000286102295,3.4700000286102295,7900
2013-02-25,3.4000000953674316,3.569999933242798,3.4000000953674316,3.509999990463257,3.509999990463257,213300
2013-02-26,3.4600000381469727,3.569999933242798,3.450000047683716,3.450000047683716,3.450000047683716,6000
2013-02-27,3.450000047683716,3.5899999141693115,3.450000047683716,3.450000047683716,3.450000047683716,123400
2013-02-28,3.5799999237060547,3.700000047683716,3.450000047683716,3.4600000381469727,3.4600000381469727,160500
2013-03-01,3.569999933242798,3.569999933242798,3.450000047683716,3.4800000190734863,3.4800000190734863,49900
2013-03-04,3.490000009536743,3.7200000286102295,3.450000047683716,3.4800000190734863,3.4800000190734863,141500
2013-03-05,3.5399999618530273,3.6500000953674316,3.4600000381469727,3.4600000381469727,3.4600000381469727,36900
2013-03-06,3.490000009536743,3.6600000858306885,3.369999885559082,3.390000104904175,3.390000104904175,126700
2013-03-07,3.509999990463257,3.509999990463257,3.2899999618530273,3.380000114440918,3.380000114440918,11400
2013-03-08,3.2899999618530273,3.5399999618530273,3.2899999618530273,3.4100000858306885,3.4100000858306885,22000
2013-03-11,3.4000000953674316,3.6700000762939453,3.4000000953674316,3.6700000762939453,3.6700000762939453,25100
2013-03-12,3.619999885559082,3.6500000953674316,3.440000057220459,3.440000057220459,3.440000057220459,15300
2013-03-13,3.4000000953674316,3.609999895095825,3.4000000953674316,3.569999933242798,3.569999933242798,64700
2013-03-14,3.509999990463257,3.630000114440918,3.440000057220459,3.559999942779541,3.559999942779541,113200
2013-03-15,3.4700000286102295,3.559999942779541,3.4000000953674316,3.4000000953674316,3.4000000953674316,18700
2013-03-18,3.4200000762939453,3.569999933242798,3.4000000953674316,3.440000057220459,3.440000057220459,100800
2013-03-19,3.450000047683716,3.5799999237060547,3.450000047683716,3.549999952316284,3.549999952316284,25200
2013-03-20,3.5899999141693115,3.6500000953674316,3.5199999809265137,3.6500000953674316,3.6500000953674316,45300
2013-03-21,3.5999999046325684,3.6700000762939453,3.4100000858306885,3.490000009536743,3.490000009536743,40000
2013-03-22,3.5299999713897705,3.5299999713897705,3.4000000953674316,3.430000066757202,3.430000066757202,26800
2013-03-25,3.549999952316284,3.549999952316284,3.440000057220459,3.549999952316284,3.549999952316284,3300
2013-03-26,3.5399999618530273,3.549999952316284,3.4000000953674316,3.430000066757202,3.430000066757202,40600
2013-03-27,3.5999999046325684,4.0,3.5899999141693115,3.940000057220459,3.940000057220459,510500
2013-03-28,4.0,4.239999771118164,3.9100000858306885,4.010000228881836,4.010000228881836,357800
2013-04-01,3.9800000190734863,4.170000076293945,3.9100000858306885,4.010000228881836,4.010000228881836,106600
2013-04-02,4.010000228881836,4.099999904632568,3.940000057220459,4.03000020980835,4.03000020980835,39500
2013-04-03,4.079999923706055,4.099999904632568,3.9100000858306885,4.03000020980835,4.03000020980835,48300
2013-04-04,4.050000190734863,4.050000190734863,3.950000047683716,4.03000020980835,4.03000020980835,7600
2013-04-05,4.03000020980835,4.03000020980835,3.859999895095825,3.9100000858306885,3.9100000858306885,14200
2013-04-08,3.990000009536743,4.0,3.880000114440918,3.9800000190734863,3.9800000190734863,22300
2013-04-09,4.0,4.090000152587891,3.799999952316284,3.880000114440918,3.880000114440918,28300
2013-04-10,3.809999942779541,4.090000152587891,3.7799999713897705,4.079999923706055,4.079999923706055,48200
2013-04-11,4.090000152587891,4.099999904632568,3.890000104904175,4.059999942779541,4.059999942779541,20100
2013-04-12,4.050000190734863,4.190000057220459,3.990000009536743,4.170000076293945,4.170000076293945,217700
2013-04-15,4.179999828338623,4.199999809265137,4.010000228881836,4.010000228881836,4.010000228881836,34800
2013-04-16,4.03000020980835,4.179999828338623,4.03000020980835,4.099999904632568,4.099999904632568,29800
2013-04-17,4.03000020980835,4.03000020980835,3.9100000858306885,3.9600000381469727,3.9600000381469727,23500
2013-04-18,3.9700000286102295,4.150000095367432,3.930000066757202,4.090000152587891,4.090000152587891,14500
2013-04-19,3.9600000381469727,4.260000228881836,3.9600000381469727,4.019999980926514,4.019999980926514,129700
2013-04-22,4.03000020980835,4.119999885559082,3.950000047683716,4.019999980926514,4.019999980926514,12000
2013-04-23,4.019999980926514,4.260000228881836,3.9800000190734863,4.0,4.0,132200
2013-04-24,4.050000190734863,4.130000114440918,3.950000047683716,4.090000152587891,4.090000152587891,23600
2013-04-25,4.139999866485596,4.300000190734863,4.079999923706055,4.199999809265137,4.199999809265137,162600
2013-04-26,4.190000057220459,4.300000190734863,4.150000095367432,4.25,4.25,122600
2013-04-29,4.239999771118164,4.340000152587891,4.199999809265137,4.300000190734863,4.300000190734863,42000
2013-04-30,4.329999923706055,4.400000095367432,4.21999979019165,4.260000228881836,4.260000228881836,134900
2013-05-01,4.269999980926514,4.360000133514404,4.210000038146973,4.210000038146973,4.210000038146973,29400
2013-05-02,4.380000114440918,4.380000114440918,4.070000171661377,4.289999961853027,4.289999961853027,90600
2013-05-03,4.230000019073486,4.320000171661377,4.190000057220459,4.260000228881836,4.260000228881836,152300
2013-05-06,4.289999961853027,4.300000190734863,4.130000114440918,4.199999809265137,4.199999809265137,110400
2013-05-07,4.190000057220459,4.289999961853027,4.170000076293945,4.269999980926514,4.269999980926514,61900
2013-05-08,4.260000228881836,4.320000171661377,4.119999885559082,4.28000020980835,4.28000020980835,24700
2013-05-09,4.25,4.329999923706055,4.25,4.260000228881836,4.260000228881836,45300
2013-05-10,4.300000190734863,4.349999904632568,4.179999828338623,4.210000038146973,4.210000038146973,39100
2013-05-13,4.210000038146973,4.300000190734863,3.4000000953674316,4.260000228881836,4.260000228881836,12200
2013-05-14,4.230000019073486,4.289999961853027,4.199999809265137,4.25,4.25,15100
2013-05-15,4.360000133514404,4.429999828338623,4.179999828338623,4.340000152587891,4.340000152587891,266300
2013-05-16,4.320000171661377,4.440000057220459,4.269999980926514,4.429999828338623,4.429999828338623,51000
2013-05-17,4.400000095367432,4.420000076293945,4.25,4.309999942779541,4.309999942779541,62700
2013-05-20,4.300000190734863,4.420000076293945,4.21999979019165,4.349999904632568,4.349999904632568,69600
2013-05-21,4.28000020980835,4.5,4.21999979019165,4.320000171661377,4.320000171661377,244000
2013-05-22,4.28000020980835,4.519999980926514,4.28000020980835,4.420000076293945,4.420000076293945,103300
2013-05-23,4.389999866485596,4.630000114440918,4.199999809265137,4.389999866485596,4.389999866485596,413900
2013-05-24,4.340000152587891,4.559999942779541,4.340000152587891,4.5,4.5,64900
2013-05-28,4.480000019073486,4.550000190734863,4.360000133514404,4.449999809265137,4.449999809265137,45700
2013-05-29,4.480000019073486,4.480000019073486,4.420000076293945,4.420000076293945,4.420000076293945,11400
2013-05-30,4.420000076293945,4.650000095367432,4.190000057220459,4.389999866485596,4.389999866485596,217400
2013-05-31,4.329999923706055,4.460000038146973,4.260000228881836,4.289999961853027,4.289999961853027,72600
2013-06-03,4.230000019073486,4.360000133514404,4.190000057220459,4.320000171661377,4.320000171661377,46300
2013-06-04,4.380000114440918,4.380000114440918,4.25,4.25,4.25,21300
2013-06-05,4.28000020980835,4.289999961853027,4.159999847412109,4.170000076293945,4.170000076293945,49500
2013-06-06,4.150000095367432,4.260000228881836,4.130000114440918,4.210000038146973,4.210000038146973,19000
2013-06-07,4.210000038146973,4.25,4.150000095367432,4.179999828338623,4.179999828338623,26900
2013-06-10,4.239999771118164,4.309999942779541,4.179999828338623,4.179999828338623,4.179999828338623,28600
2013-06-11,4.139999866485596,4.260000228881836,3.990000009536743,4.230000019073486,4.230000019073486,15200
2013-06-12,4.309999942779541,4.309999942779541,4.090000152587891,4.090000152587891,4.090000152587891,29100
2013-06-13,4.130000114440918,4.130000114440918,3.9700000286102295,4.039999961853027,4.039999961853027,47900
2013-06-14,4.079999923706055,4.110000133514404,4.0,4.039999961853027,4.039999961853027,17400
2013-06-17,4.019999980926514,4.039999961853027,3.9600000381469727,3.9600000381469727,3.9600000381469727,26000
2013-06-18,4.010000228881836,4.090000152587891,3.9700000286102295,3.990000009536743,3.990000009536743,12800
2013-06-19,3.990000009536743,4.059999942779541,3.990000009536743,4.019999980926514,4.019999980926514,76700
2013-06-20,3.990000009536743,4.0,3.9200000762939453,3.940000057220459,3.940000057220459,42900
2013-06-21,3.700000047683716,4.019999980926514,3.700000047683716,3.9800000190734863,3.9800000190734863,23500
2013-06-24,3.9100000858306885,3.990000009536743,3.799999952316284,3.9100000858306885,3.9100000858306885,23100
2013-06-25,4.0,4.019999980926514,3.9000000953674316,3.9600000381469727,3.9600000381469727,10100
2013-06-26,4.0,4.0,3.9200000762939453,3.9200000762939453,3.9200000762939453,7300
2013-06-27,3.9200000762939453,3.950000047683716,3.8499999046325684,3.880000114440918,3.880000114440918,23200
2013-06-28,3.859999895095825,4.0,3.819999933242798,4.0,4.0,55000
2013-07-01,4.0,4.099999904632568,3.990000009536743,4.03000020980835,4.03000020980835,83800
2013-07-02,3.9800000190734863,4.039999961853027,3.950000047683716,3.950000047683716,3.950000047683716,24000
2013-07-03,3.950000047683716,3.9800000190734863,3.9100000858306885,3.950000047683716,3.950000047683716,1400
2013-07-05,3.9200000762939453,4.079999923706055,3.9200000762939453,3.9700000286102295,3.9700000286102295,10900
2013-07-08,4.03000020980835,4.039999961853027,3.950000047683716,3.9800000190734863,3.9800000190734863,30900
2013-07-09,3.9600000381469727,4.019999980926514,3.9200000762939453,3.9800000190734863,3.9800000190734863,20400
2013-07-10,3.950000047683716,4.050000190734863,3.950000047683716,3.9800000190734863,3.9800000190734863,16800
2013-07-11,3.9800000190734863,4.070000171661377,3.9800000190734863,3.9800000190734863,3.9800000190734863,10000
2013-07-12,4.099999904632568,4.179999828338623,3.990000009536743,4.059999942779541,4.059999942779541,46600
2013-07-15,4.119999885559082,4.300000190734863,4.079999923706055,4.289999961853027,4.289999961853027,296200
2013-07-16,4.320000171661377,4.369999885559082,4.150000095367432,4.199999809265137,4.199999809265137,134200
2013-07-17,4.25,4.369999885559082,4.110000133514404,4.269999980926514,4.269999980926514,148600
2013-07-18,4.300000190734863,4.360000133514404,4.269999980926514,4.360000133514404,4.360000133514404,224800
2013-07-19,4.349999904632568,4.400000095367432,4.320000171661377,4.349999904632568,4.349999904632568,42000
2013-07-22,4.389999866485596,4.400000095367432,4.340000152587891,4.369999885559082,4.369999885559082,31700
2013-07-23,4.320000171661377,4.440000057220459,4.300000190734863,4.340000152587891,4.340000152587891,73700
2013-07-24,4.179999828338623,4.340000152587891,4.019999980926514,4.199999809265137,4.199999809265137,9900
2013-07-25,4.150000095367432,4.260000228881836,4.03000020980835,4.239999771118164,4.239999771118164,25600
2013-07-26,4.199999809265137,4.21999979019165,4.150000095367432,4.150000095367432,4.150000095367432,3200
2013-07-29,4.119999885559082,4.28000020980835,4.119999885559082,4.199999809265137,4.199999809265137,11400
2013-07-30,4.099999904632568,4.409999847412109,4.099999904632568,4.210000038146973,4.210000038146973,30400
2013-07-31,4.25,4.260000228881836,4.21999979019165,4.21999979019165,4.21999979019165,12600
2013-08-01,4.21999979019165,4.21999979019165,4.119999885559082,4.21999979019165,4.21999979019165,21900
2013-08-02,4.170000076293945,4.179999828338623,4.070000171661377,4.110000133514404,4.110000133514404,9400
2013-08-05,4.139999866485596,4.139999866485596,4.019999980926514,4.099999904632568,4.099999904632568,5200
2013-08-06,4.070000171661377,4.239999771118164,4.070000171661377,4.199999809265137,4.199999809265137,4800
2013-08-07,4.170000076293945,4.199999809265137,4.130000114440918,4.179999828338623,4.179999828338623,6400
2013-08-08,4.210000038146973,4.380000114440918,4.210000038146973,4.25,4.25,21300
2013-08-09,4.260000228881836,4.389999866485596,4.199999809265137,4.260000228881836,4.260000228881836,21300
2013-08-12,4.210000038146973,4.429999828338623,4.010000228881836,4.429999828338623,4.429999828338623,13600
2013-08-13,4.599999904632568,4.650000095367432,4.010000228881836,4.340000152587891,4.340000152587891,57200
2013-08-14,4.369999885559082,4.489999771118164,4.25,4.480000019073486,4.480000019073486,39900
2013-08-15,4.5,4.5,4.360000133514404,4.409999847412109,4.409999847412109,27300
2013-08-16,4.409999847412109,4.699999809265137,4.409999847412109,4.699999809265137,4.699999809265137,70000
2013-08-19,4.760000228881836,4.869999885559082,4.590000152587891,4.699999809265137,4.699999809265137,41600
2013-08-20,4.679999828338623,4.78000020980835,4.650000095367432,4.710000038146973,4.710000038146973,32300
2013-08-21,4.699999809265137,4.900000095367432,4.699999809265137,4.75,4.75,13600
2013-08-22,4.800000190734863,4.980000019073486,4.760000228881836,4.949999809265137,4.949999809265137,96900
2013-08-23,5.039999961853027,5.070000171661377,4.860000133514404,5.03000020980835,5.03000020980835,106500
2013-08-26,5.099999904632568,5.099999904632568,4.900000095367432,4.900000095367432,4.900000095367432,46600
2013-08-27,4.880000114440918,5.0,4.880000114440918,4.929999828338623,4.929999828338623,31500
2013-08-28,5.0,5.0,4.940000057220459,4.96999979019165,4.96999979019165,9600
2013-08-29,5.0,5.139999866485596,4.960000038146973,5.03000020980835,5.03000020980835,37900
2013-08-30,5.010000228881836,5.139999866485596,4.920000076293945,5.099999904632568,5.099999904632568,18200
2013-09-03,5.179999828338623,5.179999828338623,4.949999809265137,4.980000019073486,4.980000019073486,20700
2013-09-04,4.989999771118164,5.179999828338623,4.960000038146973,5.090000152587891,5.090000152587891,252900
2013-09-05,5.130000114440918,5.25,5.099999904632568,5.170000076293945,5.170000076293945,207100
2013-09-06,5.300000190734863,5.300000190734863,5.139999866485596,5.190000057220459,5.190000057220459,77700
2013-09-09,5.28000020980835,5.5,5.210000038146973,5.449999809265137,5.449999809265137,142400
2013-09-10,5.5,5.639999866485596,5.489999771118164,5.610000133514404,5.610000133514404,100100
2013-09-11,5.639999866485596,5.650000095367432,5.579999923706055,5.579999923706055,5.579999923706055,69800
2013-09-12,5.630000114440918,5.650000095367432,5.519999980926514,5.610000133514404,5.610000133514404,47800
2013-09-13,5.619999885559082,5.619999885559082,5.300000190734863,5.349999904632568,5.349999904632568,94400
2013-09-16,5.53000020980835,5.559999942779541,5.210000038146973,5.309999942779541,5.309999942779541,135700
2013-09-17,5.260000228881836,5.289999961853027,5.070000171661377,5.25,5.25,110400
2013-09-18,5.239999771118164,5.239999771118164,4.920000076293945,5.090000152587891,5.090000152587891,120400
2013-09-19,5.079999923706055,5.440000057220459,4.949999809265137,5.25,5.25,341800
2013-09-20,5.260000228881836,5.349999904632568,5.210000038146973,5.340000152587891,5.340000152587891,82700
2013-09-23,5.320000171661377,5.320000171661377,5.110000133514404,5.239999771118164,5.239999771118164,253600
2013-09-24,5.25,5.409999847412109,5.170000076293945,5.389999866485596,5.389999866485596,67100
2013-09-25,5.210000038146973,5.400000095367432,5.190000057220459,5.369999885559082,5.369999885559082,35900
2013-09-26,5.380000114440918,5.539999961853027,5.380000114440918,5.519999980926514,5.519999980926514,129700
2013-09-27,5.539999961853027,5.71999979019165,5.440000057220459,5.699999809265137,5.699999809265137,137100
2013-09-30,5.690000057220459,6.099999904632568,5.590000152587891,5.96999979019165,5.96999979019165,261500
2013-10-01,5.989999771118164,6.25,5.909999847412109,6.139999866485596,6.139999866485596,192700
2013-10-02,6.070000171661377,6.400000095367432,6.070000171661377,6.269999980926514,6.269999980926514,142100
2013-10-03,6.230000019073486,7.0,6.210000038146973,6.929999828338623,6.929999828338623,231700
2013-10-04,7.0,7.650000095367432,6.869999885559082,7.039999961853027,7.039999961853027,460300
2013-10-07,6.949999809265137,7.510000228881836,6.360000133514404,7.369999885559082,7.369999885559082,366000
2013-10-08,7.429999828338623,7.449999809265137,6.760000228881836,7.0,7.0,205000
2013-10-09,6.980000019073486,7.0,6.659999847412109,6.789999961853027,6.789999961853027,89300
2013-10-10,6.860000133514404,7.21999979019165,6.690000057220459,6.739999771118164,6.739999771118164,178000
2013-10-11,6.739999771118164,6.949999809265137,6.670000076293945,6.869999885559082,6.869999885559082,84700
2013-10-14,6.690000057220459,7.110000133514404,6.630000114440918,7.010000228881836,7.010000228881836,86100
2013-10-15,6.980000019073486,7.070000171661377,6.849999904632568,6.96999979019165,6.96999979019165,36300
2013-10-16,7.0,7.179999828338623,6.980000019073486,7.03000020980835,7.03000020980835,69000
2013-10-17,7.079999923706055,7.170000076293945,7.0,7.099999904632568,7.099999904632568,63600
2013-10-18,7.099999904632568,7.25,7.079999923706055,7.179999828338623,7.179999828338623,82600
2013-10-21,7.179999828338623,7.489999771118164,7.050000190734863,7.380000114440918,7.380000114440918,170600
2013-10-22,7.349999904632568,7.46999979019165,7.199999809265137,7.21999979019165,7.21999979019165,73500
2013-10-23,7.21999979019165,7.5,7.21999979019165,7.46999979019165,7.46999979019165,58000
2013-10-24,7.489999771118164,7.5,7.21999979019165,7.269999980926514,7.269999980926514,95200
2013-10-25,7.309999942779541,7.449999809265137,7.25,7.380000114440918,7.380000114440918,63000
2013-10-28,7.429999828338623,7.5,7.25,7.320000171661377,7.320000171661377,89400
2013-10-29,7.25,7.360000133514404,7.050000190734863,7.300000190734863,7.300000190734863,71800
2013-10-30,7.179999828338623,7.260000228881836,7.059999942779541,7.110000133514404,7.110000133514404,48400
2013-10-31,7.090000152587891,7.309999942779541,7.059999942779541,7.190000057220459,7.190000057220459,27500
2013-11-01,7.150000095367432,7.159999847412109,6.75,7.019999980926514,7.019999980926514,110700
2013-11-04,6.96999979019165,6.980000019073486,6.630000114440918,6.849999904632568,6.849999904632568,146600
2013-11-05,6.769999980926514,6.949999809265137,6.579999923706055,6.849999904632568,6.849999904632568,76000
2013-11-06,6.820000171661377,6.989999771118164,6.590000152587891,6.900000095367432,6.900000095367432,57100
2013-11-07,6.909999847412109,6.940000057220459,6.599999904632568,6.639999866485596,6.639999866485596,21600
2013-11-08,6.699999809265137,6.949999809265137,6.579999923706055,6.869999885559082,6.869999885559082,49800
2013-11-11,6.849999904632568,7.010000228881836,6.610000133514404,6.909999847412109,6.909999847412109,54500
2013-11-12,6.929999828338623,7.079999923706055,6.71999979019165,6.820000171661377,6.820000171661377,51500
2013-11-13,6.789999961853027,7.0,6.630000114440918,6.860000133514404,6.860000133514404,85300
2013-11-14,6.849999904632568,7.650000095367432,6.849999904632568,7.610000133514404,7.610000133514404,133000
2013-11-15,7.599999904632568,7.699999809265137,7.369999885559082,7.5,7.5,64200
2013-11-18,7.5,8.0,7.5,7.739999771118164,7.739999771118164,237700
2013-11-19,7.699999809265137,7.869999885559082,7.409999847412109,7.760000228881836,7.760000228881836,58500
2013-11-20,7.789999961853027,8.0,7.369999885559082,7.889999866485596,7.889999866485596,88000
2013-11-21,7.880000114440918,8.3100004196167,7.880000114440918,8.130000114440918,8.130000114440918,177800
2013-11-22,8.199999809265137,9.039999961853027,8.180000305175781,8.710000038146973,8.710000038146973,247700
2013-11-25,8.760000228881836,8.760000228881836,8.420000076293945,8.470000267028809,8.470000267028809,43700
2013-11-26,8.739999771118164,8.850000381469727,8.359999656677246,8.5,8.5,82500
2013-11-27,8.529999732971191,8.699999809265137,8.279999732971191,8.430000305175781,8.430000305175781,54000
2013-11-29,8.520000457763672,8.800000190734863,8.520000457763672,8.739999771118164,8.739999771118164,32000
2013-12-02,8.729999542236328,8.729999542236328,8.399999618530273,8.600000381469727,8.600000381469727,32500
2013-12-03,8.609999656677246,8.649999618530273,8.180000305175781,8.319999694824219,8.319999694824219,60200
2013-12-04,8.25,8.460000038146973,7.920000076293945,8.279999732971191,8.279999732971191,100800
2013-12-05,8.550000190734863,8.550000190734863,8.199999809265137,8.369999885559082,8.369999885559082,35500
2013-12-06,8.4399995803833,8.5,8.199999809265137,8.40999984741211,8.40999984741211,32700
2013-12-09,8.470000267028809,8.510000228881836,8.289999961853027,8.40999984741211,8.40999984741211,19700
2013-12-10,8.40999984741211,8.4399995803833,8.069999694824219,8.149999618530273,8.149999618530273,33500
2013-12-11,8.1899995803833,8.470000267028809,7.869999885559082,8.069999694824219,8.069999694824219,120100
2013-12-12,8.050000190734863,8.149999618530273,7.949999809265137,8.149999618530273,8.149999618530273,59900
2013-12-13,8.25,8.25,7.949999809265137,8.100000381469727,8.100000381469727,81900
2013-12-16,8.239999771118164,8.380000114440918,8.0,8.300000190734863,8.300000190734863,121300
2013-12-17,8.350000381469727,8.4399995803833,8.25,8.329999923706055,8.329999923706055,36000
2013-12-18,8.300000190734863,8.359999656677246,8.029999732971191,8.359999656677246,8.359999656677246,56400
2013-12-19,8.319999694824219,8.609999656677246,8.300000190734863,8.609999656677246,8.609999656677246,46800
2013-12-20,8.569999694824219,9.3100004196167,8.5,8.960000038146973,8.960000038146973,156400
2013-12-23,8.970000267028809,9.130000114440918,8.890000343322754,9.069999694824219,9.069999694824219,49500
2013-12-24,9.010000228881836,9.25,8.949999809265137,9.25,9.25,62100
2013-12-26,9.239999771118164,9.350000381469727,8.850000381469727,9.119999885559082,9.119999885559082,100400
2013-12-27,9.130000114440918,9.149999618530273,8.899999618530273,9.010000228881836,9.010000228881836,45500
2013-12-30,9.039999961853027,9.039999961853027,8.710000038146973,8.989999771118164,8.989999771118164,30400
2013-12-31,9.0,9.079999923706055,8.84000015258789,9.069999694824219,9.069999694824219,29500
2014-01-02,9.0,9.130000114440918,8.949999809265137,9.039999961853027,9.039999961853027,18000
2014-01-03,9.050000190734863,9.15999984741211,8.890000343322754,8.989999771118164,8.989999771118164,16700
2014-01-06,9.050000190734863,9.25,8.979999542236328,9.109999656677246,9.109999656677246,27600
2014-01-07,9.100000381469727,9.239999771118164,9.0600004196167,9.140000343322754,9.140000343322754,27100
2014-01-08,9.140000343322754,9.220000267028809,8.84000015258789,8.84000015258789,8.84000015258789,31200
2014-01-09,8.930000305175781,9.109999656677246,8.600000381469727,9.100000381469727,9.100000381469727,46300
2014-01-10,9.100000381469727,9.109999656677246,8.800000190734863,9.010000228881836,9.010000228881836,24000
2014-01-13,8.979999542236328,9.079999923706055,8.760000228881836,8.90999984741211,8.90999984741211,16100
2014-01-14,8.970000267028809,9.010000228881836,8.729999542236328,9.010000228881836,9.010000228881836,46800
2014-01-15,9.140000343322754,9.229999542236328,9.079999923706055,9.1899995803833,9.1899995803833,47100
2014-01-16,9.170000076293945,9.550000190734863,9.010000228881836,9.430000305175781,9.430000305175781,55100
2014-01-17,9.460000038146973,9.529999732971191,9.25,9.329999923706055,9.329999923706055,44800
2014-01-21,9.319999694824219,9.520000457763672,9.319999694824219,9.489999771118164,9.489999771118164,35700
2014-01-22,9.489999771118164,9.600000381469727,9.380000114440918,9.489999771118164,9.489999771118164,62300
2014-01-23,9.420000076293945,9.569999694824219,9.289999961853027,9.34000015258789,9.34000015258789,25200
2014-01-24,9.300000190734863,9.300000190734863,8.779999732971191,8.800000190734863,8.800000190734863,106500
2014-01-27,8.510000228881836,8.8100004196167,7.809999942779541,8.1899995803833,8.1899995803833,160900
2014-01-28,8.1899995803833,8.489999771118164,8.1899995803833,8.470000267028809,8.470000267028809,47800
2014-01-29,8.449999809265137,8.479999542236328,8.069999694824219,8.180000305175781,8.180000305175781,27100
2014-01-30,8.180000305175781,8.460000038146973,8.170000076293945,8.3100004196167,8.3100004196167,27000
2014-01-31,8.199999809265137,8.470000267028809,8.100000381469727,8.220000267028809,8.220000267028809,15700
2014-02-03,8.229999542236328,8.25,7.539999961853027,7.769999980926514,7.769999980926514,123600
2014-02-04,7.820000171661377,7.980000019073486,7.75,7.769999980926514,7.769999980926514,31700
2014-02-05,7.760000228881836,7.869999885559082,7.610000133514404,7.78000020980835,7.78000020980835,29800
2014-02-06,7.75,7.840000152587891,7.690000057220459,7.75,7.75,29100
2014-02-07,7.820000171661377,7.869999885559082,7.559999942779541,7.800000190734863,7.800000190734863,25800
2014-02-10,7.809999942779541,8.210000038146973,7.800000190734863,8.130000114440918,8.130000114440918,55600
2014-02-11,8.199999809265137,8.350000381469727,8.199999809265137,8.25,8.25,21100
2014-02-12,8.25,8.4399995803833,8.239999771118164,8.369999885559082,8.369999885559082,48600
2014-02-13,8.300000190734863,8.449999809265137,8.029999732971191,8.40999984741211,8.40999984741211,8400
2014-02-14,8.369999885559082,8.449999809265137,8.25,8.300000190734863,8.300000190734863,13800
2014-02-18,8.300000190734863,8.359999656677246,8.25,8.350000381469727,8.350000381469727,21600
2014-02-19,8.34000015258789,8.380000114440918,8.199999809265137,8.380000114440918,8.380000114440918,14800
2014-02-20,8.420000076293945,8.449999809265137,8.15999984741211,8.350000381469727,8.350000381469727,78900
2014-02-21,8.109999656677246,8.40999984741211,8.109999656677246,8.399999618530273,8.399999618530273,7800
2014-02-24,8.380000114440918,8.449999809265137,8.260000228881836,8.399999618530273,8.399999618530273,27100
2014-02-25,8.350000381469727,8.350000381469727,8.119999885559082,8.300000190734863,8.300000190734863,44800
2014-02-26,8.210000038146973,8.40999984741211,8.210000038146973,8.329999923706055,8.329999923706055,32700
2014-02-27,8.300000190734863,8.680000305175781,7.96999979019165,8.569999694824219,8.569999694824219,31700
2014-02-28,8.720000267028809,8.890000343322754,8.489999771118164,8.75,8.75,28600
2014-03-03,8.649999618530273,8.680000305175781,8.550000190734863,8.680000305175781,8.680000305175781,27800
2014-03-04,8.989999771118164,8.989999771118164,8.739999771118164,8.890000343322754,8.890000343322754,44800
2014-03-05,9.0,9.100000381469727,8.800000190734863,8.8100004196167,8.8100004196167,41200
2014-03-06,9.199999809265137,9.199999809265137,8.65999984741211,8.850000381469727,8.850000381469727,96000
2014-03-07,8.850000381469727,9.270000457763672,8.529999732971191,8.9399995803833,8.9399995803833,60700
2014-03-10,9.210000038146973,9.40999984741211,9.010000228881836,9.390000343322754,9.390000343322754,53400
2014-03-11,9.359999656677246,9.649999618530273,9.300000190734863,9.5,9.5,110600
2014-03-12,9.329999923706055,9.640000343322754,9.15999984741211,9.399999618530273,9.399999618530273,59300
2014-03-13,9.25,9.819999694824219,9.25,9.800000190734863,9.800000190734863,99200
2014-03-14,9.84000015258789,9.880000114440918,9.550000190734863,9.789999961853027,9.789999961853027,358300
2014-03-17,9.880000114440918,9.960000038146973,9.789999961853027,9.859999656677246,9.859999656677246,73400
2014-03-18,9.899999618530273,10.15999984741211,9.710000038146973,10.119999885559082,10.119999885559082,104300
2014-03-19,10.079999923706055,10.239999771118164,9.779999732971191,9.800000190734863,9.800000190734863,81300
2014-03-20,9.819999694824219,10.430000305175781,9.770000457763672,10.09000015258789,10.09000015258789,105300
2014-03-21,10.100000381469727,10.25,9.949999809265137,10.079999923706055,10.079999923706055,48000
2014-03-24,10.119999885559082,10.140000343322754,9.649999618530273,9.84000015258789,9.84000015258789,35800
2014-03-25,9.949999809265137,10.319999694824219,9.470000267028809,9.520000457763672,9.520000457763672,99400
2014-03-26,9.739999771118164,10.239999771118164,8.869999885559082,9.079999923706055,9.079999923706055,82400
2014-03-27,9.039999961853027,9.09000015258789,8.6899995803833,8.739999771118164,8.739999771118164,60600
2014-03-28,8.710000038146973,8.90999984741211,8.65999984741211,8.729999542236328,8.729999542236328,36000
2014-03-31,8.760000228881836,9.109999656677246,8.65999984741211,8.989999771118164,8.989999771118164,63600
2014-04-01,9.0600004196167,9.239999771118164,9.0,9.15999984741211,9.15999984741211,20800
2014-04-02,9.210000038146973,9.289999961853027,8.649999618530273,9.229999542236328,9.229999542236328,35000
2014-04-03,9.279999732971191,9.279999732971191,8.930000305175781,8.960000038146973,8.960000038146973,22300
2014-04-04,9.010000228881836,9.109999656677246,8.789999961853027,8.850000381469727,8.850000381469727,47500
2014-04-07,8.779999732971191,8.800000190734863,8.0,8.359999656677246,8.359999656677246,70400
2014-04-08,8.380000114440918,8.770000457763672,8.369999885559082,8.539999961853027,8.539999961853027,23300
2014-04-09,8.579999923706055,8.680000305175781,8.380000114440918,8.579999923706055,8.579999923706055,32900
2014-04-10,8.550000190734863,8.550000190734863,8.09000015258789,8.25,8.25,12700
2014-04-11,8.1899995803833,8.220000267028809,8.100000381469727,8.100000381469727,8.100000381469727,10600
2014-04-14,8.170000076293945,8.260000228881836,7.579999923706055,7.670000076293945,7.670000076293945,60300
2014-04-15,7.739999771118164,7.739999771118164,7.329999923706055,7.539999961853027,7.539999961853027,75800
2014-04-16,7.559999942779541,7.989999771118164,7.420000076293945,7.989999771118164,7.989999771118164,48900
2014-04-17,7.909999847412109,7.920000076293945,7.650000095367432,7.829999923706055,7.829999923706055,31700
2014-04-21,7.610000133514404,8.149999618530273,7.5,8.109999656677246,8.109999656677246,25400
2014-04-22,8.09000015258789,8.25,8.079999923706055,8.149999618530273,8.149999618530273,16300
2014-04-23,7.889999866485596,8.210000038146973,7.880000114440918,8.050000190734863,8.050000190734863,6600
2014-04-24,8.119999885559082,8.539999961853027,7.980000019073486,8.350000381469727,8.350000381469727,162800
2014-04-25,8.1899995803833,8.319999694824219,7.980000019073486,8.300000190734863,8.300000190734863,95800
2014-04-28,8.140000343322754,8.449999809265137,8.0600004196167,8.119999885559082,8.119999885559082,78400
2014-04-29,8.130000114440918,8.15999984741211,7.900000095367432,8.050000190734863,8.050000190734863,18300
2014-04-30,8.0,8.210000038146973,7.860000133514404,8.039999961853027,8.039999961853027,32000
2014-05-01,8.09000015258789,8.170000076293945,8.029999732971191,8.039999961853027,8.039999961853027,8800
2014-05-02,8.029999732971191,8.039999961853027,7.559999942779541,7.869999885559082,7.869999885559082,56200
2014-05-05,7.849999904632568,7.929999828338623,7.599999904632568,7.869999885559082,7.869999885559082,53000
2014-05-06,7.800000190734863,7.980000019073486,7.610000133514404,7.650000095367432,7.650000095367432,27700
2014-05-07,7.71999979019165,7.800000190734863,7.510000228881836,7.699999809265137,7.699999809265137,36900
2014-05-08,7.630000114440918,8.119999885559082,7.630000114440918,8.020000457763672,8.020000457763672,101100
2014-05-09,8.039999961853027,8.0600004196167,7.570000171661377,7.630000114440918,7.630000114440918,81200
2014-05-12,7.699999809265137,7.889999866485596,7.619999885559082,7.880000114440918,7.880000114440918,40700
2014-05-13,7.849999904632568,8.0,7.659999847412109,7.78000020980835,7.78000020980835,14400
2014-05-14,7.829999923706055,7.929999828338623,7.710000038146973,7.909999847412109,7.909999847412109,11900
2014-05-15,7.75,7.909999847412109,7.610000133514404,7.619999885559082,7.619999885559082,17700
2014-05-16,7.599999904632568,7.610000133514404,7.449999809265137,7.53000020980835,7.53000020980835,36300
2014-05-19,7.460000038146973,7.659999847412109,7.420000076293945,7.440000057220459,7.440000057220459,14200
2014-05-20,7.429999828338623,7.78000020980835,7.420000076293945,7.650000095367432,7.650000095367432,51200
2014-05-21,7.630000114440918,7.809999942779541,7.579999923706055,7.590000152587891,7.590000152587891,35900
2014-05-22,7.670000076293945,7.869999885559082,7.539999961853027,7.820000171661377,7.820000171661377,33200
2014-05-23,7.820000171661377,8.050000190734863,7.800000190734863,8.029999732971191,8.029999732971191,20800
2014-05-27,8.050000190734863,8.529999732971191,8.039999961853027,8.260000228881836,8.260000228881836,35300
2014-05-28,8.279999732971191,8.390000343322754,8.130000114440918,8.199999809265137,8.199999809265137,14500
2014-05-29,8.15999984741211,8.5,7.809999942779541,8.170000076293945,8.170000076293945,21400
2014-05-30,8.3100004196167,8.380000114440918,8.149999618530273,8.229999542236328,8.229999542236328,10800
2014-06-02,8.180000305175781,8.180000305175781,7.800000190734863,8.0,8.0,33600
2014-06-03,7.949999809265137,7.949999809265137,7.650000095367432,7.710000038146973,7.710000038146973,44800
2014-06-04,7.909999847412109,7.909999847412109,7.659999847412109,7.789999961853027,7.789999961853027,38700
2014-06-05,7.769999980926514,8.039999961853027,7.75,7.809999942779541,7.809999942779541,9500
2014-06-06,7.869999885559082,8.020000457763672,7.789999961853027,7.949999809265137,7.949999809265137,92400
2014-06-09,8.039999961853027,8.050000190734863,7.710000038146973,7.929999828338623,7.929999828338623,36200
2014-06-10,7.860000133514404,7.989999771118164,7.760000228881836,7.949999809265137,7.949999809265137,12800
2014-06-11,7.989999771118164,8.0,7.809999942779541,7.989999771118164,7.989999771118164,11500
2014-06-12,8.0,8.0,7.869999885559082,7.96999979019165,7.96999979019165,20300
2014-06-13,7.960000038146973,7.989999771118164,7.809999942779541,7.809999942779541,7.809999942779541,13200
2014-06-16,7.860000133514404,8.0,7.840000152587891,7.900000095367432,7.900000095367432,49500
2014-06-17,7.940000057220459,8.170000076293945,7.940000057220459,8.020000457763672,8.020000457763672,25300
2014-06-18,8.039999961853027,8.170000076293945,7.940000057220459,8.079999923706055,8.079999923706055,14300
2014-06-19,8.180000305175781,8.180000305175781,7.809999942779541,7.809999942779541,7.809999942779541,8500
2014-06-20,7.809999942779541,8.149999618530273,7.650000095367432,7.960000038146973,7.960000038146973,76200
2014-06-23,7.989999771118164,8.0,7.849999904632568,7.929999828338623,7.929999828338623,7700
2014-06-24,7.949999809265137,8.800000190734863,7.659999847412109,8.319999694824219,8.319999694824219,112200
2014-06-25,8.350000381469727,8.420000076293945,8.25,8.25,8.25,19500
2014-06-26,8.25,8.260000228881836,8.0600004196167,8.180000305175781,8.180000305175781,13600
2014-06-27,8.100000381469727,8.239999771118164,8.100000381469727,8.15999984741211,8.15999984741211,18700
2014-06-30,8.149999618530273,8.380000114440918,8.149999618530273,8.300000190734863,8.300000190734863,8200
2014-07-01,8.300000190734863,8.350000381469727,7.760000228881836,8.09000015258789,8.09000015258789,19900
2014-07-02,7.960000038146973,8.109999656677246,7.929999828338623,8.010000228881836,8.010000228881836,20100
2014-07-03,7.920000076293945,8.210000038146973,7.900000095367432,8.210000038146973,8.210000038146973,8500
2014-07-07,8.25,8.25,7.900000095367432,8.0600004196167,8.0600004196167,16800
2014-07-08,7.920000076293945,8.0,7.809999942779541,7.949999809265137,7.949999809265137,16100
2014-07-09,7.949999809265137,8.010000228881836,7.949999809265137,7.980000019073486,7.980000019073486,6500
2014-07-10,7.920000076293945,8.140000343322754,7.920000076293945,8.029999732971191,8.029999732971191,17900
2014-07-11,8.039999961853027,8.350000381469727,7.920000076293945,8.350000381469727,8.350000381469727,100900
2014-07-14,8.25,8.420000076293945,8.199999809265137,8.399999618530273,8.399999618530273,34000
2014-07-15,8.359999656677246,8.579999923706055,8.180000305175781,8.579999923706055,8.579999923706055,18500
2014-07-16,8.600000381469727,8.65999984741211,8.350000381469727,8.65999984741211,8.65999984741211,28400
2014-07-17,8.699999809265137,8.760000228881836,8.619999885559082,8.619999885559082,8.619999885559082,13400
2014-07-18,8.6899995803833,8.6899995803833,8.59000015258789,8.59000015258789,8.59000015258789,4200
2014-07-21,8.550000190734863,8.699999809265137,8.399999618530273,8.6899995803833,8.6899995803833,13900
2014-07-22,8.550000190734863,8.760000228881836,8.399999618530273,8.420000076293945,8.420000076293945,25600
2014-07-23,8.399999618530273,8.630000114440918,8.239999771118164,8.289999961853027,8.289999961853027,16500
2014-07-24,8.710000038146973,8.710000038146973,8.050000190734863,8.239999771118164,8.239999771118164,29400
2014-07-25,8.199999809265137,8.199999809265137,7.96999979019165,8.050000190734863,8.050000190734863,16200
2014-07-28,8.460000038146973,8.460000038146973,7.989999771118164,8.149999618530273,8.149999618530273,19800
2014-07-29,8.140000343322754,8.149999618530273,8.010000228881836,8.100000381469727,8.100000381469727,9600
2014-07-30,8.0600004196167,8.100000381469727,7.820000171661377,8.0,8.0,19700
2014-07-31,7.980000019073486,8.40999984741211,7.980000019073486,8.390000343322754,8.390000343322754,21900
2014-08-01,8.300000190734863,8.430000305175781,8.100000381469727,8.260000228881836,8.260000228881836,19400
2014-08-04,8.319999694824219,8.579999923706055,8.3100004196167,8.430000305175781,8.430000305175781,5600
2014-08-05,8.220000267028809,8.40999984741211,7.949999809265137,8.0600004196167,8.0600004196167,13200
2014-08-06,8.09000015258789,8.210000038146973,8.069999694824219,8.119999885559082,8.119999885559082,18300
2014-08-07,8.100000381469727,8.180000305175781,8.100000381469727,8.140000343322754,8.140000343322754,6200
2014-08-08,8.180000305175781,8.180000305175781,8.050000190734863,8.140000343322754,8.140000343322754,8600
2014-08-11,8.069999694824219,8.149999618530273,7.880000114440918,7.980000019073486,7.980000019073486,13800
2014-08-12,7.980000019073486,8.170000076293945,7.920000076293945,7.949999809265137,7.949999809265137,14400
2014-08-13,8.140000343322754,8.489999771118164,7.090000152587891,8.479999542236328,8.479999542236328,31800
2014-08-14,8.5,8.84000015258789,8.489999771118164,8.609999656677246,8.609999656677246,70900
2014-08-15,9.050000190734863,9.050000190734863,8.229999542236328,8.739999771118164,8.739999771118164,76200
2014-08-18,8.720000267028809,8.829999923706055,8.600000381469727,8.819999694824219,8.819999694824219,11700
2014-08-19,8.920000076293945,8.949999809265137,8.84000015258789,8.899999618530273,8.899999618530273,10800
2014-08-20,8.890000343322754,8.899999618530273,8.399999618530273,8.789999961853027,8.789999961853027,18400
2014-08-21,8.800000190734863,8.850000381469727,8.760000228881836,8.760000228881836,8.760000228881836,3600
2014-08-22,8.770000457763672,8.930000305175781,8.6899995803833,8.819999694824219,8.819999694824219,4200
2014-08-25,8.869999885559082,8.869999885559082,8.779999732971191,8.789999961853027,8.789999961853027,5600
2014-08-26,8.760000228881836,8.770000457763672,8.600000381469727,8.6899995803833,8.6899995803833,23400
2014-08-27,8.600000381469727,8.6899995803833,8.550000190734863,8.630000114440918,8.630000114440918,8400
2014-08-28,8.529999732971191,8.619999885559082,8.529999732971191,8.600000381469727,8.600000381469727,8600
2014-08-29,8.569999694824219,8.600000381469727,8.399999618530273,8.539999961853027,8.539999961853027,13500
2014-09-02,8.539999961853027,8.539999961853027,8.399999618530273,8.470000267028809,8.470000267028809,4800
2014-09-03,8.460000038146973,8.619999885559082,8.460000038146973,8.529999732971191,8.529999732971191,6600
2014-09-04,8.510000228881836,8.699999809265137,8.449999809265137,8.5600004196167,8.5600004196167,15300
2014-09-05,8.609999656677246,8.680000305175781,8.420000076293945,8.680000305175781,8.680000305175781,23300
2014-09-08,8.949999809265137,9.0,8.600000381469727,8.890000343322754,8.890000343322754,40500
2014-09-09,8.869999885559082,8.989999771118164,8.5600004196167,8.8100004196167,8.8100004196167,35200
2014-09-10,8.729999542236328,8.850000381469727,8.569999694824219,8.789999961853027,8.789999961853027,37500
2014-09-11,8.609999656677246,8.850000381469727,8.609999656677246,8.760000228881836,8.760000228881836,15600
2014-09-12,8.739999771118164,9.25,8.489999771118164,9.039999961853027,9.039999961853027,59700
2014-09-15,8.760000228881836,8.989999771118164,8.609999656677246,8.859999656677246,8.859999656677246,22900
2014-09-16,8.800000190734863,9.550000190734863,8.6899995803833,9.079999923706055,9.079999923706055,46300
2014-09-17,9.09000015258789,9.899999618530273,9.09000015258789,9.329999923706055,9.329999923706055,49400
2014-09-18,9.430000305175781,10.0,9.40999984741211,9.789999961853027,9.789999961853027,87400
2014-09-19,9.829999923706055,10.0600004196167,9.739999771118164,9.960000038146973,9.960000038146973,70200
2014-09-22,10.029999732971191,10.460000038146973,9.8100004196167,10.0600004196167,10.0600004196167,177500
2014-09-23,10.020000457763672,10.6899995803833,9.920000076293945,10.630000114440918,10.630000114440918,196600
2014-09-24,10.449999809265137,10.729999542236328,9.680000305175781,10.609999656677246,10.609999656677246,72100
2014-09-25,10.520000457763672,10.630000114440918,10.050000190734863,10.140000343322754,10.140000343322754,33900
2014-09-26,10.260000228881836,10.449999809265137,10.25,10.359999656677246,10.359999656677246,8900
2014-09-29,10.880000114440918,10.880000114440918,10.329999923706055,10.670000076293945,10.670000076293945,87300
2014-09-30,11.210000038146973,11.210000038146973,10.550000190734863,10.880000114440918,10.880000114440918,76500
2014-10-01,10.859999656677246,11.199999809265137,10.609999656677246,10.949999809265137,10.949999809265137,91500
2014-10-02,10.8100004196167,11.0600004196167,10.800000190734863,10.859999656677246,10.859999656677246,50300
2014-10-03,11.020000457763672,11.130000114440918,10.760000228881836,10.850000381469727,10.850000381469727,101100
2014-10-06,10.899999618530273,10.899999618530273,10.390000343322754,10.680000305175781,10.680000305175781,36000
2014-10-07,10.6899995803833,10.770000457763672,10.489999771118164,10.699999809265137,10.699999809265137,26400
2014-10-08,10.649999618530273,11.0,10.550000190734863,10.84000015258789,10.84000015258789,29600
2014-10-09,10.869999885559082,10.890000343322754,10.470000267028809,10.479999542236328,10.479999542236328,41300
2014-10-10,10.470000267028809,10.5,10.0600004196167,10.260000228881836,10.260000228881836,26700
2014-10-13,10.109999656677246,10.3100004196167,10.109999656677246,10.149999618530273,10.149999618530273,20100
2014-10-14,10.149999618530273,10.25,9.619999885559082,9.989999771118164,9.989999771118164,43000
2014-10-15,9.859999656677246,9.989999771118164,9.420000076293945,9.760000228881836,9.760000228881836,42100
2014-10-16,9.609999656677246,10.229999542236328,9.609999656677246,10.210000038146973,10.210000038146973,57500
2014-10-17,10.25,10.779999732971191,10.1899995803833,10.369999885559082,10.369999885559082,28500
2014-10-20,10.449999809265137,11.039999961853027,10.449999809265137,10.800000190734863,10.800000190734863,242200
2014-10-21,10.800000190734863,10.90999984741211,10.449999809265137,10.869999885559082,10.869999885559082,53600
2014-10-22,10.75,10.890000343322754,10.649999618530273,10.8100004196167,10.8100004196167,20600
2014-10-23,10.84000015258789,11.100000381469727,10.779999732971191,10.859999656677246,10.859999656677246,51300
2014-10-24,10.789999961853027,10.960000038146973,10.699999809265137,10.8100004196167,10.8100004196167,57900
2014-10-27,10.779999732971191,10.890000343322754,10.5,10.729999542236328,10.729999542236328,29000
2014-10-28,10.6899995803833,10.979999542236328,10.6899995803833,10.979999542236328,10.979999542236328,79800
2014-10-29,10.9399995803833,11.5600004196167,10.9399995803833,11.539999961853027,11.539999961853027,234900
2014-10-30,11.609999656677246,11.739999771118164,11.460000038146973,11.6899995803833,11.6899995803833,46800
2014-10-31,11.75,11.789999961853027,11.569999694824219,11.770000457763672,11.770000457763672,81100
2014-11-03,11.90999984741211,12.220000267028809,11.880000114440918,12.199999809265137,12.199999809265137,103500
2014-11-04,12.289999961853027,12.34000015258789,12.199999809265137,12.289999961853027,12.289999961853027,72000
2014-11-05,12.25,12.25,11.739999771118164,11.890000343322754,11.890000343322754,137800
2014-11-06,11.920000076293945,12.229999542236328,11.859999656677246,11.880000114440918,11.880000114440918,29300
2014-11-07,11.800000190734863,11.90999984741211,11.649999618530273,11.800000190734863,11.800000190734863,39900
2014-11-10,11.609999656677246,11.649999618530273,11.270000457763672,11.34000015258789,11.34000015258789,67900
2014-11-11,11.350000381469727,11.359999656677246,10.979999542236328,11.170000076293945,11.170000076293945,59500
2014-11-12,11.239999771118164,12.0,11.239999771118164,11.729999542236328,11.729999542236328,91800
2014-11-13,11.720000267028809,11.869999885559082,11.460000038146973,11.579999923706055,11.579999923706055,69900
2014-11-14,11.619999885559082,11.789999961853027,11.319999694824219,11.34000015258789,11.34000015258789,62800
2014-11-17,11.329999923706055,11.350000381469727,11.020000457763672,11.34000015258789,11.34000015258789,74100
2014-11-18,11.399999618530273,11.420000076293945,11.15999984741211,11.1899995803833,11.1899995803833,44000
2014-11-19,11.390000343322754,11.5,10.859999656677246,10.949999809265137,10.949999809265137,51400
2014-11-20,10.819999694824219,11.149999618530273,10.8100004196167,10.989999771118164,10.989999771118164,20300
2014-11-21,11.010000228881836,11.020000457763672,10.8100004196167,10.819999694824219,10.819999694824219,35100
2014-11-24,10.279999732971191,11.100000381469727,10.279999732971191,10.949999809265137,10.949999809265137,51700
2014-11-25,11.020000457763672,11.020000457763672,10.710000038146973,10.729999542236328,10.729999542236328,46600
2014-11-26,10.720000267028809,10.90999984741211,10.600000381469727,10.770000457763672,10.770000457763672,51200
2014-11-28,10.75,10.9399995803833,10.739999771118164,10.920000076293945,10.920000076293945,18800
2014-12-01,10.829999923706055,11.039999961853027,10.75,10.9399995803833,10.9399995803833,57200
2014-12-02,11.050000190734863,11.0600004196167,10.760000228881836,10.989999771118164,10.989999771118164,27900
2014-12-03,10.899999618530273,10.970000267028809,10.800000190734863,10.819999694824219,10.819999694824219,10900
2014-12-04,10.789999961853027,10.930000305175781,10.699999809265137,10.829999923706055,10.829999923706055,18600
2014-12-05,10.819999694824219,10.949999809265137,10.770000457763672,10.819999694824219,10.819999694824219,20600
2014-12-08,10.800000190734863,10.880000114440918,10.65999984741211,10.65999984741211,10.65999984741211,20700
2014-12-09,10.670000076293945,10.859999656677246,10.550000190734863,10.8100004196167,10.8100004196167,27200
2014-12-10,10.8100004196167,10.850000381469727,10.760000228881836,10.779999732971191,10.779999732971191,34900
2014-12-11,10.789999961853027,10.869999885559082,10.1899995803833,10.3100004196167,10.3100004196167,96000
2014-12-12,10.220000267028809,10.619999885559082,10.220000267028809,10.479999542236328,10.479999542236328,41400
2014-12-15,10.5600004196167,10.579999923706055,9.880000114440918,10.40999984741211,10.40999984741211,41700
2014-12-16,10.40999984741211,10.5,10.279999732971191,10.390000343322754,10.390000343322754,35000
2014-12-17,10.5,10.5,10.3100004196167,10.40999984741211,10.40999984741211,48400
2014-12-18,10.489999771118164,10.510000228881836,10.170000076293945,10.380000114440918,10.380000114440918,46500
2014-12-19,10.300000190734863,11.100000381469727,10.15999984741211,10.520000457763672,10.520000457763672,89200
2014-12-22,10.619999885559082,11.380000114440918,10.600000381469727,11.149999618530273,11.149999618530273,72500
2014-12-23,11.25,11.25,10.970000267028809,11.180000305175781,11.180000305175781,38300
2014-12-24,11.180000305175781,11.40999984741211,11.0,11.399999618530273,11.399999618530273,49600
2014-12-26,11.350000381469727,12.100000381469727,11.350000381469727,11.960000038146973,11.960000038146973,51800
2014-12-29,11.880000114440918,12.5,11.880000114440918,12.1899995803833,12.1899995803833,70700
2014-12-30,12.279999732971191,12.279999732971191,12.010000228881836,12.229999542236328,12.229999542236328,20600
2014-12-31,12.319999694824219,12.710000038146973,12.319999694824219,12.65999984741211,12.65999984741211,67900
2015-01-02,12.65999984741211,12.720000267028809,12.229999542236328,12.5600004196167,12.5600004196167,39100
2015-01-05,12.600000381469727,12.600000381469727,12.15999984741211,12.210000038146973,12.210000038146973,51900
2015-01-06,12.149999618530273,12.279999732971191,11.800000190734863,12.029999732971191,12.029999732971191,36000
2015-01-07,12.079999923706055,12.130000114440918,11.680000305175781,11.880000114440918,11.880000114440918,24400
2015-01-08,11.850000381469727,11.960000038146973,11.710000038146973,11.869999885559082,11.869999885559082,10300
2015-01-09,11.970000267028809,11.970000267028809,11.800000190734863,11.8100004196167,11.8100004196167,8300
2015-01-12,11.75,11.989999771118164,11.390000343322754,11.739999771118164,11.739999771118164,40100
2015-01-13,11.8100004196167,11.890000343322754,11.399999618530273,11.710000038146973,11.710000038146973,22900
2015-01-14,11.75,11.970000267028809,11.720000267028809,11.850000381469727,11.850000381469727,11200
2015-01-15,11.65999984741211,11.869999885559082,11.399999618530273,11.779999732971191,11.779999732971191,24200
2015-01-16,11.710000038146973,11.880000114440918,11.149999618530273,11.729999542236328,11.729999542236328,23800
2015-01-20,11.619999885559082,11.619999885559082,11.100000381469727,11.460000038146973,11.460000038146973,31500
2015-01-21,11.470000267028809,11.649999618530273,11.350000381469727,11.399999618530273,11.399999618530273,37600
2015-01-22,11.430000305175781,11.850000381469727,11.25,11.5,11.5,28500
2015-01-23,11.449999809265137,11.520000457763672,11.390000343322754,11.479999542236328,11.479999542236328,13800
2015-01-26,11.4399995803833,11.449999809265137,11.130000114440918,11.3100004196167,11.3100004196167,14000
2015-01-27,11.300000190734863,11.489999771118164,11.029999732971191,11.140000343322754,11.140000343322754,33900
2015-01-28,11.109999656677246,11.300000190734863,11.029999732971191,11.15999984741211,11.15999984741211,19000
2015-01-29,11.199999809265137,11.300000190734863,11.130000114440918,11.1899995803833,11.1899995803833,10200
2015-01-30,11.210000038146973,11.899999618530273,11.149999618530273,11.720000267028809,11.720000267028809,58300
2015-02-02,11.640000343322754,11.779999732971191,11.149999618530273,11.390000343322754,11.390000343322754,37200
2015-02-03,11.350000381469727,11.5,11.140000343322754,11.279999732971191,11.279999732971191,24500
2015-02-04,11.279999732971191,11.399999618530273,11.199999809265137,11.279999732971191,11.279999732971191,17900
2015-02-05,11.270000457763672,11.520000457763672,11.0600004196167,11.34000015258789,11.34000015258789,36900
2015-02-06,11.260000228881836,11.4399995803833,11.0600004196167,11.149999618530273,11.149999618530273,20700
2015-02-09,11.25,11.270000457763672,10.949999809265137,10.960000038146973,10.960000038146973,16800
2015-02-10,10.989999771118164,10.989999771118164,10.800000190734863,10.9399995803833,10.9399995803833,20800
2015-02-11,10.880000114440918,10.890000343322754,10.3100004196167,10.640000343322754,10.640000343322754,90700
2015-02-12,10.520000457763672,10.8100004196167,10.520000457763672,10.720000267028809,10.720000267028809,18200
2015-02-13,10.279999732971191,10.449999809265137,10.010000228881836,10.229999542236328,10.229999542236328,25200
2015-02-17,10.25,10.300000190734863,10.180000305175781,10.25,10.25,29100
2015-02-18,10.25,10.960000038146973,10.149999618530273,10.8100004196167,10.8100004196167,72600
2015-02-19,10.850000381469727,11.0,10.800000190734863,10.859999656677246,10.859999656677246,28500
2015-02-20,10.890000343322754,10.979999542236328,10.550000190734863,10.829999923706055,10.829999923706055,39700
2015-02-23,10.760000228881836,10.859999656677246,10.699999809265137,10.829999923706055,10.829999923706055,16500
2015-02-24,10.880000114440918,10.930000305175781,10.65999984741211,10.789999961853027,10.789999961853027,19800
2015-02-25,10.8100004196167,10.970000267028809,10.670000076293945,10.859999656677246,10.859999656677246,25600
2015-02-26,11.0600004196167,11.0600004196167,10.699999809265137,10.829999923706055,10.829999923706055,42000
2015-02-27,10.75,11.40999984741211,10.75,11.1899995803833,11.1899995803833,77400
2015-03-02,11.149999618530273,11.15999984741211,10.819999694824219,10.930000305175781,10.930000305175781,24400
2015-03-03,11.0,11.0,10.65999984741211,10.949999809265137,10.949999809265137,42500
2015-03-04,10.859999656677246,11.100000381469727,10.800000190734863,10.890000343322754,10.890000343322754,37000
2015-03-05,11.1899995803833,11.619999885559082,11.0600004196167,11.399999618530273,11.399999618530273,157800
2015-03-06,11.399999618530273,11.430000305175781,11.069999694824219,11.170000076293945,11.170000076293945,90600
2015-03-09,11.100000381469727,11.270000457763672,10.880000114440918,10.949999809265137,10.949999809265137,45600
2015-03-10,10.960000038146973,11.0,10.850000381469727,10.930000305175781,10.930000305175781,14600
2015-03-11,10.930000305175781,11.0,10.720000267028809,10.729999542236328,10.729999542236328,59200
2015-03-12,10.760000228881836,10.770000457763672,10.59000015258789,10.649999618530273,10.649999618530273,56800
2015-03-13,10.630000114440918,10.899999618530273,10.550000190734863,10.819999694824219,10.819999694824219,54500
2015-03-16,10.84000015258789,10.899999618530273,10.649999618530273,10.869999885559082,10.869999885559082,35900
2015-03-17,10.890000343322754,10.979999542236328,10.619999885559082,10.899999618530273,10.899999618530273,47300
2015-03-18,10.979999542236328,11.029999732971191,10.720000267028809,10.989999771118164,10.989999771118164,170300
2015-03-19,11.0,11.149999618530273,10.899999618530273,11.079999923706055,11.079999923706055,58600
2015-03-20,11.050000190734863,11.170000076293945,11.0,11.140000343322754,11.140000343322754,174200
2015-03-23,11.119999885559082,11.420000076293945,11.119999885559082,11.40999984741211,11.40999984741211,160600
2015-03-24,11.369999885559082,11.609999656677246,11.319999694824219,11.4399995803833,11.4399995803833,80600
2015-03-25,11.420000076293945,11.510000228881836,11.0600004196167,11.25,11.25,127100
2015-03-26,11.149999618530273,11.34000015258789,11.069999694824219,11.109999656677246,11.109999656677246,34400
2015-03-27,11.0600004196167,11.289999961853027,11.050000190734863,11.15999984741211,11.15999984741211,15600
2015-03-30,11.140000343322754,11.239999771118164,10.989999771118164,10.989999771118164,10.989999771118164,121000
2015-03-31,10.899999618530273,11.09000015258789,10.770000457763672,10.989999771118164,10.989999771118164,32600
2015-04-01,11.039999961853027,11.050000190734863,10.960000038146973,10.970000267028809,10.970000267028809,23000
2015-04-02,10.970000267028809,11.029999732971191,10.960000038146973,10.989999771118164,10.989999771118164,11500
2015-04-06,10.930000305175781,11.039999961853027,10.920000076293945,10.970000267028809,10.970000267028809,44200
2015-04-07,11.0,11.050000190734863,10.930000305175781,11.0,11.0,35100
2015-04-08,11.0,11.0,10.9399995803833,10.979999542236328,10.979999542236328,35100
2015-04-09,10.949999809265137,11.0,10.930000305175781,11.0,11.0,20300
2015-04-10,11.0,11.0,10.789999961853027,11.0,11.0,18800
2015-04-13,10.9399995803833,11.029999732971191,10.920000076293945,10.989999771118164,10.989999771118164,27500
2015-04-14,11.0,11.25,10.979999542236328,11.199999809265137,11.199999809265137,71100
2015-04-15,11.180000305175781,11.300000190734863,11.130000114440918,11.289999961853027,11.289999961853027,59000
2015-04-16,11.34000015258789,11.350000381469727,11.270000457763672,11.329999923706055,11.329999923706055,49400
2015-04-17,11.34000015258789,11.739999771118164,11.329999923706055,11.699999809265137,11.699999809265137,46300
2015-04-20,11.75,12.149999618530273,11.609999656677246,11.989999771118164,11.989999771118164,129700
2015-04-21,12.0600004196167,12.170000076293945,11.899999618530273,12.069999694824219,12.069999694824219,56400
2015-04-22,12.119999885559082,12.170000076293945,12.020000457763672,12.140000343322754,12.140000343322754,29400
2015-04-23,12.1899995803833,12.300000190734863,12.069999694824219,12.300000190734863,12.300000190734863,36400
2015-04-24,12.319999694824219,12.470000267028809,12.1899995803833,12.420000076293945,12.420000076293945,35100
2015-04-27,12.380000114440918,13.119999885559082,12.380000114440918,12.899999618530273,12.899999618530273,263100
2015-04-28,12.949999809265137,12.979999542236328,12.65999984741211,12.800000190734863,12.800000190734863,109600
2015-04-29,12.779999732971191,12.850000381469727,12.619999885559082,12.699999809265137,12.699999809265137,37500
2015-04-30,12.710000038146973,12.989999771118164,12.710000038146973,12.989999771118164,12.989999771118164,43000
2015-05-01,12.90999984741211,12.989999771118164,12.880000114440918,12.9399995803833,12.9399995803833,62500
2015-05-04,12.989999771118164,12.989999771118164,12.739999771118164,12.970000267028809,12.970000267028809,37700
2015-05-05,12.979999542236328,13.119999885559082,12.949999809265137,13.029999732971191,13.029999732971191,76200
2015-05-06,13.050000190734863,13.09000015258789,12.9399995803833,13.020000457763672,13.020000457763672,43300
2015-05-07,13.069999694824219,13.079999923706055,12.90999984741211,13.010000228881836,13.010000228881836,47000
2015-05-08,12.989999771118164,13.050000190734863,12.930000305175781,13.0,13.0,39300
2015-05-11,13.039999961853027,13.09000015258789,12.859999656677246,12.869999885559082,12.869999885559082,87900
2015-05-12,13.1899995803833,13.720000267028809,12.6899995803833,13.489999771118164,13.489999771118164,348300
2015-05-13,13.5,13.550000190734863,13.020000457763672,13.479999542236328,13.479999542236328,163400
2015-05-14,13.5,13.75,13.40999984741211,13.609999656677246,13.609999656677246,128400
2015-05-15,13.600000381469727,13.869999885559082,13.529999732971191,13.75,13.75,118900
2015-05-18,13.770000457763672,14.479999542236328,13.5600004196167,14.430000305175781,14.430000305175781,228800
2015-05-19,14.449999809265137,14.65999984741211,14.25,14.319999694824219,14.319999694824219,97300
2015-05-20,14.399999618530273,14.5,14.020000457763672,14.5,14.5,114300
2015-05-21,14.489999771118164,14.59000015258789,14.430000305175781,14.510000228881836,14.510000228881836,77900
2015-05-22,14.520000457763672,14.5600004196167,14.3100004196167,14.5600004196167,14.5600004196167,52200
2015-05-26,14.59000015258789,14.720000267028809,14.180000305175781,14.720000267028809,14.720000267028809,80300
2015-05-27,14.649999618530273,14.699999809265137,14.5,14.579999923706055,14.579999923706055,42700
2015-05-28,14.579999923706055,14.770000457763672,14.579999923706055,14.720000267028809,14.720000267028809,66900
2015-05-29,14.720000267028809,14.829999923706055,14.619999885559082,14.789999961853027,14.789999961853027,82200
2015-06-01,14.979999542236328,14.979999542236328,14.600000381469727,14.850000381469727,14.850000381469727,77600
2015-06-02,14.850000381469727,14.930000305175781,14.75,14.75,14.75,79200
2015-06-03,14.75,14.890000343322754,14.75,14.789999961853027,14.789999961853027,61100
2015-06-04,14.8100004196167,14.8100004196167,14.40999984741211,14.520000457763672,14.520000457763672,109100
2015-06-05,14.520000457763672,14.59000015258789,14.359999656677246,14.59000015258789,14.59000015258789,54700
2015-06-08,14.65999984741211,14.90999984741211,14.5600004196167,14.579999923706055,14.579999923706055,116000
2015-06-09,14.5600004196167,14.739999771118164,14.319999694824219,14.600000381469727,14.600000381469727,98400
2015-06-10,14.630000114440918,14.699999809265137,14.359999656677246,14.649999618530273,14.649999618530273,121800
2015-06-11,14.729999542236328,14.779999732971191,14.5,14.600000381469727,14.600000381469727,96600
2015-06-12,14.569999694824219,14.729999542236328,14.489999771118164,14.59000015258789,14.59000015258789,84400
2015-06-15,14.59000015258789,14.59000015258789,14.289999961853027,14.520000457763672,14.520000457763672,106200
2015-06-16,14.489999771118164,14.539999961853027,14.300000190734863,14.40999984741211,14.40999984741211,49500
2015-06-17,14.430000305175781,14.430000305175781,14.050000190734863,14.289999961853027,14.289999961853027,143700
2015-06-18,14.180000305175781,14.329999923706055,14.149999618530273,14.270000457763672,14.270000457763672,56400
2015-06-19,14.220000267028809,14.399999618530273,12.869999885559082,13.949999809265137,13.949999809265137,189800
2015-06-22,13.949999809265137,14.140000343322754,13.760000228881836,13.960000038146973,13.960000038146973,50800
2015-06-23,14.34000015258789,14.34000015258789,13.6899995803833,14.0600004196167,14.0600004196167,131500
2015-06-24,14.109999656677246,15.420000076293945,13.640000343322754,13.989999771118164,13.989999771118164,103300
2015-06-25,14.069999694824219,14.609999656677246,13.789999961853027,13.84000015258789,13.84000015258789,99700
2015-06-26,13.789999961853027,13.920000076293945,13.289999961853027,13.720000267028809,13.720000267028809,1617000
2015-06-29,13.699999809265137,13.75,13.25,13.65999984741211,13.65999984741211,206600
2015-06-30,13.5,14.079999923706055,13.5,13.859999656677246,13.859999656677246,89200
2015-07-01,13.960000038146973,13.960000038146973,13.59000015258789,13.869999885559082,13.869999885559082,82100
2015-07-02,13.9399995803833,13.9399995803833,13.779999732971191,13.890000343322754,13.890000343322754,68400
2015-07-06,13.869999885559082,13.90999984741211,13.760000228881836,13.890000343322754,13.890000343322754,95100
2015-07-07,13.869999885559082,13.920000076293945,13.579999923706055,13.880000114440918,13.880000114440918,182100
2015-07-08,13.829999923706055,13.890000343322754,13.350000381469727,13.720000267028809,13.720000267028809,199000
2015-07-09,13.59000015258789,13.789999961853027,13.199999809265137,13.550000190734863,13.550000190734863,113800
2015-07-10,13.550000190734863,13.649999618530273,13.390000343322754,13.600000381469727,13.600000381469727,99500
2015-07-13,13.609999656677246,13.710000038146973,13.550000190734863,13.640000343322754,13.640000343322754,91400
2015-07-14,13.699999809265137,14.0600004196167,13.699999809265137,13.989999771118164,13.989999771118164,149700
2015-07-15,14.010000228881836,14.010000228881836,13.460000038146973,13.739999771118164,13.739999771118164,164200
2015-07-16,13.760000228881836,13.920000076293945,13.369999885559082,13.579999923706055,13.579999923706055,143000
2015-07-17,13.539999961853027,13.6899995803833,13.489999771118164,13.680000305175781,13.680000305175781,39600
2015-07-20,13.640000343322754,13.680000305175781,13.25,13.380000114440918,13.380000114440918,94600
2015-07-21,13.350000381469727,13.449999809265137,13.149999618530273,13.180000305175781,13.180000305175781,85700
2015-07-22,13.149999618530273,13.359999656677246,13.0600004196167,13.300000190734863,13.300000190734863,58600
2015-07-23,13.270000457763672,13.350000381469727,12.970000267028809,13.170000076293945,13.170000076293945,59900
2015-07-24,13.149999618530273,13.199999809265137,12.270000457763672,12.319999694824219,12.319999694824219,103800
2015-07-27,12.210000038146973,12.489999771118164,11.899999618530273,12.0600004196167,12.0600004196167,125100
2015-07-28,12.100000381469727,12.600000381469727,11.550000190734863,11.680000305175781,11.680000305175781,218900
2015-07-29,11.739999771118164,12.079999923706055,11.359999656677246,11.970000267028809,11.970000267028809,133900
2015-07-30,11.90999984741211,12.069999694824219,11.630000114440918,11.979999542236328,11.979999542236328,132400
2015-07-31,12.039999961853027,12.649999618530273,12.0,12.619999885559082,12.619999885559082,94100
2015-08-03,12.649999618530273,12.670000076293945,11.880000114440918,12.119999885559082,12.119999885559082,137900
2015-08-04,12.170000076293945,12.220000267028809,11.9399995803833,11.970000267028809,11.970000267028809,52600
2015-08-05,12.0600004196167,12.989999771118164,11.819999694824219,12.0,12.0,137400
2015-08-06,12.079999923706055,12.180000305175781,11.75,11.829999923706055,11.829999923706055,62000
2015-08-07,11.789999961853027,11.899999618530273,11.6899995803833,11.789999961853027,11.789999961853027,120000
2015-08-10,11.869999885559082,12.050000190734863,11.289999961853027,11.920000076293945,11.920000076293945,167300
2015-08-11,12.109999656677246,13.6899995803833,12.109999656677246,13.510000228881836,13.510000228881836,494200
2015-08-12,13.510000228881836,13.630000114440918,13.239999771118164,13.4399995803833,13.4399995803833,168500
2015-08-13,13.399999618530273,13.399999618530273,13.029999732971191,13.210000038146973,13.210000038146973,132000
2015-08-14,13.199999809265137,13.270000457763672,13.039999961853027,13.180000305175781,13.180000305175781,126000
2015-08-17,13.25,13.329999923706055,13.100000381469727,13.199999809265137,13.199999809265137,115100
2015-08-18,13.140000343322754,13.25,12.369999885559082,12.520000457763672,12.520000457763672,323000
2015-08-19,12.470000267028809,12.529999732971191,12.300000190734863,12.380000114440918,12.380000114440918,94000
2015-08-20,12.359999656677246,12.5,12.220000267028809,12.460000038146973,12.460000038146973,149200
2015-08-21,12.25,12.5,12.1899995803833,12.430000305175781,12.430000305175781,94500
2015-08-24,12.029999732971191,12.489999771118164,11.850000381469727,12.319999694824219,12.319999694824219,152300
2015-08-25,12.729999542236328,13.0,12.239999771118164,12.6899995803833,12.6899995803833,191000
2015-08-26,12.90999984741211,13.180000305175781,12.550000190734863,12.989999771118164,12.989999771118164,168700
2015-08-27,13.039999961853027,13.1899995803833,12.670000076293945,12.970000267028809,12.970000267028809,232900
2015-08-28,12.9399995803833,13.119999885559082,12.90999984741211,13.109999656677246,13.109999656677246,226700
2015-08-31,12.920000076293945,13.09000015258789,12.800000190734863,13.050000190734863,13.050000190734863,195800
2015-09-01,12.880000114440918,13.069999694824219,12.760000228881836,12.989999771118164,12.989999771118164,112200
2015-09-02,13.100000381469727,13.100000381469727,12.920000076293945,13.029999732971191,13.029999732971191,67300
2015-09-03,13.020000457763672,13.079999923706055,12.920000076293945,13.039999961853027,13.039999961853027,141700
2015-09-04,12.90999984741211,13.399999618530273,12.90999984741211,13.3100004196167,13.3100004196167,207500
2015-09-08,13.460000038146973,13.760000228881836,13.319999694824219,13.649999618530273,13.649999618530273,150300
2015-09-09,13.699999809265137,13.699999809265137,13.199999809265137,13.399999618530273,13.399999618530273,138800
2015-09-10,13.420000076293945,13.470000267028809,13.119999885559082,13.329999923706055,13.329999923706055,135700
2015-09-11,13.25,13.479999542236328,13.220000267028809,13.470000267028809,13.470000267028809,119200
2015-09-14,13.399999618530273,13.600000381469727,13.359999656677246,13.40999984741211,13.40999984741211,41900
2015-09-15,13.380000114440918,13.649999618530273,13.369999885559082,13.600000381469727,13.600000381469727,90600
2015-09-16,13.600000381469727,13.710000038146973,13.550000190734863,13.699999809265137,13.699999809265137,123900
2015-09-17,13.630000114440918,13.760000228881836,13.59000015258789,13.630000114440918,13.630000114440918,130800
2015-09-18,13.470000267028809,13.65999984741211,13.15999984741211,13.270000457763672,13.270000457763672,195900
2015-09-21,13.359999656677246,13.399999618530273,13.119999885559082,13.350000381469727,13.350000381469727,80200
2015-09-22,13.34000015258789,13.800000190734863,13.199999809265137,13.520000457763672,13.520000457763672,158200
2015-09-23,13.479999542236328,13.680000305175781,12.170000076293945,13.460000038146973,13.460000038146973,78900
2015-09-24,13.420000076293945,14.109999656677246,13.420000076293945,14.050000190734863,14.050000190734863,300700
2015-09-25,14.149999618530273,14.449999809265137,14.09000015258789,14.239999771118164,14.239999771118164,383700
2015-09-28,14.180000305175781,14.289999961853027,13.800000190734863,14.25,14.25,124900
2015-09-29,14.3100004196167,14.449999809265137,13.890000343322754,14.039999961853027,14.039999961853027,151900
2015-09-30,14.15999984741211,14.25,14.0,14.220000267028809,14.220000267028809,329700
2015-10-01,14.229999542236328,14.239999771118164,13.899999618530273,14.029999732971191,14.029999732971191,105100
2015-10-02,13.9399995803833,14.390000343322754,13.880000114440918,14.289999961853027,14.289999961853027,117600
2015-10-05,14.3100004196167,14.850000381469727,13.3100004196167,14.850000381469727,14.850000381469727,108200
2015-10-06,14.84000015258789,14.890000343322754,14.1899995803833,14.350000381469727,14.350000381469727,101500
2015-10-07,14.359999656677246,14.640000343322754,14.300000190734863,14.369999885559082,14.369999885559082,172600
2015-10-08,14.329999923706055,14.420000076293945,14.260000228881836,14.380000114440918,14.380000114440918,50300
2015-10-09,14.420000076293945,14.479999542236328,14.319999694824219,14.4399995803833,14.4399995803833,72500
2015-10-12,14.399999618530273,14.529999732971191,14.34000015258789,14.510000228881836,14.510000228881836,91100
2015-10-13,14.489999771118164,14.619999885559082,14.359999656677246,14.380000114440918,14.380000114440918,35300
2015-10-14,14.40999984741211,14.6899995803833,14.359999656677246,14.479999542236328,14.479999542236328,126700
2015-10-15,14.479999542236328,15.15999984741211,14.369999885559082,15.149999618530273,15.149999618530273,295800
2015-10-16,15.109999656677246,15.510000228881836,14.979999542236328,15.050000190734863,15.050000190734863,92200
2015-10-19,15.0600004196167,15.430000305175781,15.0600004196167,15.279999732971191,15.279999732971191,148000
2015-10-20,15.220000267028809,15.600000381469727,15.170000076293945,15.5600004196167,15.5600004196167,105200
2015-10-21,15.479999542236328,15.619999885559082,15.109999656677246,15.180000305175781,15.180000305175781,139400
2015-10-22,15.220000267028809,15.520000457763672,15.220000267028809,15.359999656677246,15.359999656677246,145900
2015-10-23,15.449999809265137,15.6899995803833,15.140000343322754,15.34000015258789,15.34000015258789,109600
2015-10-26,15.40999984741211,15.4399995803833,15.199999809265137,15.390000343322754,15.390000343322754,108600
2015-10-27,15.350000381469727,15.449999809265137,15.119999885559082,15.319999694824219,15.319999694824219,208100
2015-10-28,15.3100004196167,16.020000457763672,15.300000190734863,16.0,16.0,254400
2015-10-29,16.0,16.049999237060547,15.819999694824219,15.970000267028809,15.970000267028809,125000
2015-10-30,15.960000038146973,16.09000015258789,15.859999656677246,16.020000457763672,16.020000457763672,130200
2015-11-02,16.0,16.100000381469727,15.930000305175781,16.020000457763672,16.020000457763672,75200
2015-11-03,16.040000915527344,16.1200008392334,15.34000015258789,15.510000228881836,15.510000228881836,259500
2015-11-04,15.489999771118164,15.520000457763672,15.25,15.300000190734863,15.300000190734863,118200
2015-11-05,15.34000015258789,15.34000015258789,15.069999694824219,15.180000305175781,15.180000305175781,109100
2015-11-06,15.09000015258789,15.5600004196167,15.020000457763672,15.5600004196167,15.5600004196167,162400
2015-11-09,15.640000343322754,15.649999618530273,15.15999984741211,15.15999984741211,15.15999984741211,83100
2015-11-10,16.540000915527344,16.540000915527344,15.170000076293945,15.25,15.25,369100
2015-11-11,15.25,15.539999961853027,14.390000343322754,14.640000343322754,14.640000343322754,142800
2015-11-12,14.489999771118164,14.649999618530273,13.819999694824219,13.989999771118164,13.989999771118164,227100
2015-11-13,13.9399995803833,14.09000015258789,13.029999732971191,13.460000038146973,13.460000038146973,343300
2015-11-16,13.489999771118164,13.550000190734863,12.960000038146973,13.210000038146973,13.210000038146973,156700
2015-11-17,13.199999809265137,13.260000228881836,12.6899995803833,12.869999885559082,12.869999885559082,130200
2015-11-18,12.960000038146973,13.039999961853027,12.270000457763672,13.020000457763672,13.020000457763672,132200
2015-11-19,13.020000457763672,13.0600004196167,12.670000076293945,12.789999961853027,12.789999961853027,102500
2015-11-20,12.869999885559082,12.890000343322754,12.5,12.630000114440918,12.630000114440918,192400
2015-11-23,12.569999694824219,13.039999961853027,12.479999542236328,12.869999885559082,12.869999885559082,184600
2015-11-24,12.819999694824219,12.949999809265137,12.579999923706055,12.90999984741211,12.90999984741211,120400
2015-11-25,12.869999885559082,13.140000343322754,12.850000381469727,13.069999694824219,13.069999694824219,180500
2015-11-27,13.039999961853027,13.350000381469727,12.9399995803833,13.319999694824219,13.319999694824219,99000
2015-11-30,13.3100004196167,13.4399995803833,13.100000381469727,13.180000305175781,13.180000305175781,206900
2015-12-01,13.180000305175781,13.899999618530273,13.010000228881836,13.819999694824219,13.819999694824219,265300
2015-12-02,13.829999923706055,13.880000114440918,12.989999771118164,13.100000381469727,13.100000381469727,143700
2015-12-03,13.109999656677246,13.1899995803833,12.65999984741211,12.6899995803833,12.6899995803833,80500
2015-12-04,12.680000305175781,12.75,12.420000076293945,12.65999984741211,12.65999984741211,152200
2015-12-07,12.670000076293945,12.84000015258789,12.449999809265137,12.489999771118164,12.489999771118164,79300
2015-12-08,12.5,12.829999923706055,12.329999923706055,12.5600004196167,12.5600004196167,106300
2015-12-09,12.569999694824219,13.510000228881836,12.069999694824219,12.100000381469727,12.100000381469727,93000
2015-12-10,12.15999984741211,12.289999961853027,11.630000114440918,12.1899995803833,12.1899995803833,127900
2015-12-11,12.029999732971191,12.140000343322754,11.869999885559082,11.960000038146973,11.960000038146973,99200
2015-12-14,11.970000267028809,11.970000267028809,11.319999694824219,11.449999809265137,11.449999809265137,122300
2015-12-15,11.520000457763672,11.75,11.380000114440918,11.510000228881836,11.510000228881836,260200
2015-12-16,11.569999694824219,11.600000381469727,11.399999618530273,11.569999694824219,11.569999694824219,135500
2015-12-17,11.579999923706055,12.600000381469727,11.550000190734863,12.279999732971191,12.279999732971191,438000
2015-12-18,12.210000038146973,12.829999923706055,12.210000038146973,12.3100004196167,12.3100004196167,279500
2015-12-21,12.399999618530273,12.4399995803833,12.100000381469727,12.279999732971191,12.279999732971191,209700
2015-12-22,12.260000228881836,12.420000076293945,11.890000343322754,12.0,12.0,326600
2015-12-23,12.100000381469727,12.789999961853027,12.0,12.710000038146973,12.710000038146973,284100
2015-12-24,12.619999885559082,12.819999694824219,12.3100004196167,12.670000076293945,12.670000076293945,225000
2015-12-28,12.59000015258789,12.890000343322754,12.460000038146973,12.65999984741211,12.65999984741211,133200
2015-12-29,12.729999542236328,13.100000381469727,12.380000114440918,13.039999961853027,13.039999961853027,156000
2015-12-30,13.0600004196167,13.069999694824219,12.8100004196167,12.9399995803833,12.9399995803833,127200
2015-12-31,12.920000076293945,13.050000190734863,12.720000267028809,12.869999885559082,12.869999885559082,345200
2016-01-04,12.630000114440918,12.930000305175781,12.229999542236328,12.420000076293945,12.420000076293945,198800
2016-01-05,12.489999771118164,12.670000076293945,12.010000228881836,12.369999885559082,12.369999885559082,198100
2016-01-06,12.199999809265137,12.699999809265137,12.199999809265137,12.539999961853027,12.539999961853027,216000
2016-01-07,12.399999618530273,12.510000228881836,11.880000114440918,11.970000267028809,11.970000267028809,238400
2016-01-08,11.970000267028809,12.109999656677246,11.789999961853027,11.960000038146973,11.960000038146973,145800
2016-01-11,12.039999961853027,12.229999542236328,11.84000015258789,11.970000267028809,11.970000267028809,115300
2016-01-12,12.079999923706055,12.220000267028809,11.760000228881836,12.010000228881836,12.010000228881836,101200
2016-01-13,12.239999771118164,12.390000343322754,11.579999923706055,11.59000015258789,11.59000015258789,316800
2016-01-14,11.630000114440918,11.779999732971191,11.4399995803833,11.5600004196167,11.5600004196167,124200
2016-01-15,11.279999732971191,11.399999618530273,10.359999656677246,10.579999923706055,10.579999923706055,180300
2016-01-19,10.6899995803833,10.949999809265137,10.4399995803833,10.5600004196167,10.5600004196167,529200
2016-01-20,10.430000305175781,10.550000190734863,9.949999809265137,10.369999885559082,10.369999885559082,343100
2016-01-21,10.680000305175781,13.279999732971191,10.449999809265137,12.829999923706055,12.829999923706055,1127800
2016-01-22,13.029999732971191,13.670000076293945,12.859999656677246,13.489999771118164,13.489999771118164,481400
2016-01-25,13.479999542236328,13.630000114440918,12.720000267028809,12.9399995803833,12.9399995803833,204200
2016-01-26,12.8100004196167,13.020000457763672,12.729999542236328,12.899999618530273,12.899999618530273,134000
2016-01-27,12.890000343322754,12.890000343322754,12.489999771118164,12.59000015258789,12.59000015258789,128800
2016-01-28,11.789999961853027,12.640000343322754,11.789999961853027,12.449999809265137,12.449999809265137,194400
2016-01-29,12.430000305175781,12.670000076293945,12.25,12.380000114440918,12.380000114440918,103900
2016-02-01,12.260000228881836,12.319999694824219,12.079999923706055,12.239999771118164,12.239999771118164,136700
2016-02-02,12.09000015258789,12.229999542236328,11.720000267028809,12.119999885559082,12.119999885559082,133800
2016-02-03,12.170000076293945,12.270000457763672,11.960000038146973,12.149999618530273,12.149999618530273,136900
2016-02-04,12.100000381469727,12.300000190734863,12.020000457763672,12.199999809265137,12.199999809265137,209500
2016-02-05,12.130000114440918,12.510000228881836,11.520000457763672,11.800000190734863,11.800000190734863,202000
2016-02-08,11.5,11.739999771118164,11.220000267028809,11.489999771118164,11.489999771118164,145100
2016-02-09,11.34000015258789,11.8100004196167,11.15999984741211,11.399999618530273,11.399999618530273,191700
2016-02-10,11.510000228881836,11.789999961853027,11.130000114440918,11.380000114440918,11.380000114440918,218300
2016-02-11,11.1899995803833,11.329999923706055,10.680000305175781,10.880000114440918,10.880000114440918,416800
2016-02-12,10.960000038146973,11.34000015258789,10.430000305175781,11.319999694824219,11.319999694824219,203500
2016-02-16,11.460000038146973,12.0600004196167,11.319999694824219,11.949999809265137,11.949999809265137,292700
2016-02-17,12.039999961853027,12.170000076293945,11.569999694824219,11.899999618530273,11.899999618530273,493100
2016-02-18,11.880000114440918,11.989999771118164,11.420000076293945,11.59000015258789,11.59000015258789,295000
2016-02-19,11.539999961853027,11.789999961853027,11.460000038146973,11.760000228881836,11.760000228881836,225700
2016-02-22,11.84000015258789,12.380000114440918,11.699999809265137,12.34000015258789,12.34000015258789,276600
2016-02-23,12.300000190734863,12.390000343322754,11.989999771118164,12.25,12.25,182700
2016-02-24,12.3100004196167,12.399999618530273,11.819999694824219,12.3100004196167,12.3100004196167,86800
2016-02-25,12.289999961853027,12.539999961853027,12.210000038146973,12.359999656677246,12.359999656677246,73500
2016-02-26,12.380000114440918,12.789999961853027,12.25,12.779999732971191,12.779999732971191,189200
2016-02-29,12.729999542236328,13.0,12.529999732971191,12.920000076293945,12.920000076293945,194500
2016-03-01,13.0,13.699999809265137,12.819999694824219,13.520000457763672,13.520000457763672,463200
2016-03-02,13.470000267028809,13.720000267028809,13.25,13.6899995803833,13.6899995803833,208500
2016-03-03,13.5,13.989999771118164,13.359999656677246,13.720000267028809,13.720000267028809,605900
2016-03-04,13.720000267028809,13.8100004196167,13.520000457763672,13.609999656677246,13.609999656677246,661500
2016-03-07,13.609999656677246,13.989999771118164,13.510000228881836,13.800000190734863,13.800000190734863,494300
2016-03-08,13.779999732971191,13.84000015258789,13.1899995803833,13.260000228881836,13.260000228881836,364600
2016-03-09,13.34000015258789,13.34000015258789,13.069999694824219,13.260000228881836,13.260000228881836,102600
2016-03-10,13.279999732971191,13.369999885559082,12.859999656677246,12.920000076293945,12.920000076293945,158300
2016-03-11,13.079999923706055,13.399999618530273,12.880000114440918,13.34000015258789,13.34000015258789,463900
2016-03-14,13.34000015258789,13.579999923706055,13.100000381469727,13.350000381469727,13.350000381469727,216400
2016-03-15,13.520000457763672,13.75,13.210000038146973,13.329999923706055,13.329999923706055,981500
2016-03-16,13.430000305175781,13.489999771118164,11.920000076293945,12.039999961853027,12.039999961853027,847500
2016-03-17,12.119999885559082,13.0,12.119999885559082,12.779999732971191,12.779999732971191,519100
2016-03-18,12.869999885559082,13.029999732971191,12.600000381469727,12.729999542236328,12.729999542236328,479300
2016-03-21,12.630000114440918,12.75,12.539999961853027,12.680000305175781,12.680000305175781,215100
2016-03-22,12.569999694824219,12.649999618530273,12.489999771118164,12.619999885559082,12.619999885559082,264700
2016-03-23,12.600000381469727,12.609999656677246,12.09000015258789,12.119999885559082,12.119999885559082,408400
2016-03-24,12.020000457763672,12.300000190734863,11.90999984741211,12.25,12.25,295300
2016-03-28,12.329999923706055,12.449999809265137,12.15999984741211,12.449999809265137,12.449999809265137,443200
2016-03-29,12.449999809265137,13.34000015258789,12.34000015258789,13.300000190734863,13.300000190734863,470800
2016-03-30,13.300000190734863,13.449999809265137,13.020000457763672,13.199999809265137,13.199999809265137,310300
2016-03-31,13.170000076293945,13.25,13.0,13.119999885559082,13.119999885559082,542900
2016-04-01,12.970000267028809,13.119999885559082,12.880000114440918,12.899999618530273,12.899999618530273,156400
2016-04-04,12.930000305175781,12.979999542236328,12.829999923706055,12.859999656677246,12.859999656677246,139700
2016-04-05,12.75,12.890000343322754,12.670000076293945,12.710000038146973,12.710000038146973,234400
2016-04-06,12.680000305175781,13.010000228881836,12.5,12.930000305175781,12.930000305175781,592500
2016-04-07,12.880000114440918,12.960000038146973,12.449999809265137,12.729999542236328,12.729999542236328,583900
2016-04-08,12.819999694824219,13.449999809265137,12.710000038146973,13.4399995803833,13.4399995803833,630700
2016-04-11,13.449999809265137,13.710000038146973,13.399999618530273,13.59000015258789,13.59000015258789,272300
2016-04-12,13.579999923706055,14.1899995803833,13.350000381469727,14.039999961853027,14.039999961853027,647900
2016-04-13,14.079999923706055,14.710000038146973,14.0,14.649999618530273,14.649999618530273,778400
2016-04-14,14.609999656677246,14.75,14.5,14.65999984741211,14.65999984741211,266100
2016-04-15,14.65999984741211,15.279999732971191,14.609999656677246,15.25,15.25,777500
2016-04-18,15.15999984741211,15.760000228881836,15.079999923706055,15.579999923706055,15.579999923706055,787600
2016-04-19,15.680000305175781,15.869999885559082,15.069999694824219,15.140000343322754,15.140000343322754,341000
2016-04-20,15.119999885559082,15.229999542236328,14.9399995803833,15.0,15.0,538500
2016-04-21,15.1899995803833,15.260000228881836,14.920000076293945,14.989999771118164,14.989999771118164,417700
2016-04-22,15.050000190734863,15.140000343322754,14.470000267028809,14.539999961853027,14.539999961853027,522000
2016-04-25,14.449999809265137,15.3100004196167,14.420000076293945,15.079999923706055,15.079999923706055,512600
2016-04-26,15.100000381469727,15.100000381469727,14.649999618530273,14.6899995803833,14.6899995803833,384700
2016-04-27,14.699999809265137,14.710000038146973,14.420000076293945,14.4399995803833,14.4399995803833,356300
2016-04-28,14.40999984741211,14.59000015258789,14.210000038146973,14.260000228881836,14.260000228881836,209500
2016-04-29,14.220000267028809,14.25,13.920000076293945,14.100000381469727,14.100000381469727,133000
2016-05-02,14.119999885559082,14.210000038146973,14.0,14.109999656677246,14.109999656677246,292400
2016-05-03,13.949999809265137,14.0600004196167,13.699999809265137,13.899999618530273,13.899999618530273,110000
2016-05-04,13.779999732971191,14.09000015258789,13.710000038146973,13.710000038146973,13.710000038146973,116600
2016-05-05,13.710000038146973,13.739999771118164,13.359999656677246,13.449999809265137,13.449999809265137,180000
2016-05-06,13.34000015258789,13.899999618530273,13.34000015258789,13.720000267028809,13.720000267028809,142700
2016-05-09,13.670000076293945,13.930000305175781,13.510000228881836,13.710000038146973,13.710000038146973,218200
2016-05-10,13.789999961853027,14.0600004196167,13.600000381469727,13.899999618530273,13.899999618530273,153300
2016-05-11,13.920000076293945,14.010000228881836,13.5,13.529999732971191,13.529999732971191,131900
2016-05-12,13.609999656677246,13.640000343322754,13.279999732971191,13.529999732971191,13.529999732971191,144000
2016-05-13,13.460000038146973,13.539999961853027,13.109999656677246,13.3100004196167,13.3100004196167,352900
2016-05-16,13.390000343322754,13.550000190734863,13.279999732971191,13.359999656677246,13.359999656677246,310800
2016-05-17,13.25,13.369999885559082,12.600000381469727,12.6899995803833,12.6899995803833,412200
2016-05-18,12.670000076293945,12.760000228881836,12.449999809265137,12.5,12.5,295700
2016-05-19,12.5,12.5,12.140000343322754,12.15999984741211,12.15999984741211,185000
2016-05-20,12.260000228881836,12.630000114440918,12.0600004196167,12.609999656677246,12.609999656677246,499700
2016-05-23,12.600000381469727,13.329999923706055,12.460000038146973,13.149999618530273,13.149999618530273,249300
2016-05-24,13.199999809265137,13.210000038146973,12.970000267028809,13.020000457763672,13.020000457763672,167800
2016-05-25,13.100000381469727,13.289999961853027,12.989999771118164,13.1899995803833,13.1899995803833,149000
2016-05-26,13.180000305175781,13.25,12.989999771118164,13.109999656677246,13.109999656677246,79100
2016-05-27,13.119999885559082,13.119999885559082,12.960000038146973,13.010000228881836,13.010000228881836,130000
2016-05-31,13.09000015258789,13.09000015258789,12.420000076293945,12.479999542236328,12.479999542236328,317700
2016-06-01,12.5,12.609999656677246,12.350000381469727,12.539999961853027,12.539999961853027,125600
2016-06-02,12.550000190734863,12.779999732971191,12.329999923706055,12.720000267028809,12.720000267028809,149500
2016-06-03,12.640000343322754,12.699999809265137,12.210000038146973,12.270000457763672,12.270000457763672,283900
2016-06-06,12.329999923706055,12.550000190734863,12.220000267028809,12.430000305175781,12.430000305175781,193800
2016-06-07,12.420000076293945,12.479999542236328,12.289999961853027,12.399999618530273,12.399999618530273,157500
2016-06-08,12.449999809265137,12.59000015258789,12.25,12.369999885559082,12.369999885559082,81400
2016-06-09,12.270000457763672,12.449999809265137,12.010000228881836,12.020000457763672,12.020000457763672,54900
2016-06-10,11.869999885559082,12.029999732971191,11.739999771118164,11.899999618530273,11.899999618530273,131300
2016-06-13,11.869999885559082,12.09000015258789,11.729999542236328,11.8100004196167,11.8100004196167,130700
2016-06-14,11.75,11.920000076293945,11.550000190734863,11.619999885559082,11.619999885559082,90500
2016-06-15,11.640000343322754,11.970000267028809,11.5,11.539999961853027,11.539999961853027,117800
2016-06-16,11.40999984741211,11.569999694824219,11.130000114440918,11.170000076293945,11.170000076293945,76700
2016-06-17,11.149999618530273,11.420000076293945,10.59000015258789,10.65999984741211,10.65999984741211,340800
2016-06-20,10.890000343322754,11.579999923706055,10.880000114440918,10.9399995803833,10.9399995803833,120300
2016-06-21,10.920000076293945,11.020000457763672,10.59000015258789,10.729999542236328,10.729999542236328,96800
2016-06-22,10.779999732971191,11.020000457763672,10.5600004196167,10.65999984741211,10.65999984741211,136500
2016-06-23,10.8100004196167,10.850000381469727,10.529999732971191,10.539999961853027,10.539999961853027,104400
2016-06-24,10.079999923706055,10.199999809265137,9.050000190734863,9.930000305175781,9.930000305175781,417300
2016-06-27,9.8100004196167,9.880000114440918,9.199999809265137,9.25,9.25,125100
2016-06-28,9.3100004196167,9.710000038146973,9.3100004196167,9.680000305175781,9.680000305175781,117700
2016-06-29,9.770000457763672,9.800000190734863,9.25,9.770000457763672,9.770000457763672,119600
2016-06-30,9.800000190734863,9.800000190734863,9.420000076293945,9.5,9.5,197900
2016-07-01,9.470000267028809,9.6899995803833,9.380000114440918,9.489999771118164,9.489999771118164,140000
2016-07-05,9.399999618530273,9.5,9.220000267028809,9.319999694824219,9.319999694824219,81900
2016-07-06,9.25,9.979999542236328,9.029999732971191,9.40999984741211,9.40999984741211,112000
2016-07-07,9.449999809265137,9.449999809265137,9.25,9.260000228881836,9.260000228881836,65800
2016-07-08,9.319999694824219,9.550000190734863,9.300000190734863,9.40999984741211,9.40999984741211,112300
2016-07-11,9.470000267028809,9.779999732971191,9.399999618530273,9.760000228881836,9.760000228881836,106500
2016-07-12,9.800000190734863,10.130000114440918,9.699999809265137,10.0,10.0,125400
2016-07-13,10.0,10.100000381469727,9.819999694824219,9.9399995803833,9.9399995803833,99300
2016-07-14,10.039999961853027,10.100000381469727,9.899999618530273,10.020000457763672,10.020000457763672,115100
2016-07-15,10.09000015258789,10.25,9.970000267028809,10.239999771118164,10.239999771118164,148200
2016-07-18,10.210000038146973,10.3100004196167,10.100000381469727,10.109999656677246,10.109999656677246,116600
2016-07-19,10.130000114440918,10.25,9.90999984741211,10.119999885559082,10.119999885559082,106500
2016-07-20,10.180000305175781,10.229999542236328,9.829999923706055,10.0600004196167,10.0600004196167,91700
2016-07-21,10.069999694824219,10.109999656677246,9.880000114440918,9.890000343322754,9.890000343322754,112400
2016-07-22,9.90999984741211,10.069999694824219,9.670000076293945,10.010000228881836,10.010000228881836,84800
2016-07-25,9.989999771118164,10.069999694824219,9.680000305175781,9.9399995803833,9.9399995803833,72300
2016-07-26,9.949999809265137,10.029999732971191,9.800000190734863,9.970000267028809,9.970000267028809,72800
2016-07-27,9.979999542236328,10.15999984741211,9.890000343322754,10.069999694824219,10.069999694824219,75600
2016-07-28,10.079999923706055,10.210000038146973,9.9399995803833,10.09000015258789,10.09000015258789,72300
2016-07-29,10.079999923706055,10.079999923706055,9.800000190734863,9.90999984741211,9.90999984741211,58500
2016-08-01,9.899999618530273,9.899999618530273,9.710000038146973,9.8100004196167,9.8100004196167,60300
2016-08-02,9.84000015258789,9.84000015258789,9.59000015258789,9.649999618530273,9.649999618530273,74700
2016-08-03,9.640000343322754,9.8100004196167,9.5,9.800000190734863,9.800000190734863,92500
2016-08-04,9.779999732971191,9.789999961853027,9.449999809265137,9.75,9.75,67900
2016-08-05,9.819999694824219,10.039999961853027,9.369999885559082,9.960000038146973,9.960000038146973,72100
2016-08-08,9.989999771118164,9.989999771118164,9.039999961853027,9.75,9.75,139300
2016-08-09,10.529999732971191,11.210000038146973,10.40999984741211,10.8100004196167,10.8100004196167,208500
2016-08-10,10.8100004196167,10.8100004196167,10.220000267028809,10.34000015258789,10.34000015258789,147200
2016-08-11,10.40999984741211,10.40999984741211,9.880000114440918,10.039999961853027,10.039999961853027,91700
2016-08-12,10.029999732971191,10.220000267028809,10.020000457763672,10.180000305175781,10.180000305175781,128300
2016-08-15,10.1899995803833,10.670000076293945,9.930000305175781,10.470000267028809,10.470000267028809,89400
2016-08-16,10.449999809265137,10.449999809265137,9.899999618530273,9.930000305175781,9.930000305175781,200200
2016-08-17,9.899999618530273,9.949999809265137,9.569999694824219,9.739999771118164,9.739999771118164,157300
2016-08-18,9.710000038146973,9.800000190734863,9.520000457763672,9.600000381469727,9.600000381469727,109600
2016-08-19,9.5,9.670000076293945,9.3100004196167,9.380000114440918,9.380000114440918,126900
2016-08-22,9.380000114440918,9.609999656677246,9.130000114440918,9.5600004196167,9.5600004196167,76000
2016-08-23,9.630000114440918,9.930000305175781,9.600000381469727,9.869999885559082,9.869999885559082,91700
2016-08-24,9.899999618530273,9.90999984741211,9.279999732971191,9.350000381469727,9.350000381469727,84900
2016-08-25,9.300000190734863,9.600000381469727,9.239999771118164,9.5600004196167,9.5600004196167,82300
2016-08-26,9.529999732971191,9.989999771118164,9.510000228881836,9.869999885559082,9.869999885559082,147600
2016-08-29,9.739999771118164,9.979999542236328,9.6899995803833,9.90999984741211,9.90999984741211,96100
2016-08-30,9.949999809265137,10.149999618530273,9.850000381469727,9.920000076293945,9.920000076293945,82600
2016-08-31,9.9399995803833,9.9399995803833,9.600000381469727,9.649999618530273,9.649999618530273,71700
2016-09-01,9.649999618530273,9.8100004196167,9.5,9.8100004196167,9.8100004196167,93100
2016-09-02,9.90999984741211,9.949999809265137,9.770000457763672,9.9399995803833,9.9399995803833,44300
2016-09-06,9.989999771118164,9.989999771118164,9.800000190734863,9.84000015258789,9.84000015258789,44900
2016-09-07,9.880000114440918,9.920000076293945,9.680000305175781,9.760000228881836,9.760000228881836,61100
2016-09-08,9.600000381469727,9.859999656677246,9.579999923706055,9.699999809265137,9.699999809265137,68400
2016-09-09,9.609999656677246,9.899999618530273,9.600000381469727,9.819999694824219,9.819999694824219,143400
2016-09-12,9.710000038146973,10.0,9.609999656677246,9.8100004196167,9.8100004196167,133400
2016-09-13,9.680000305175781,9.789999961853027,9.529999732971191,9.649999618530273,9.649999618530273,72800
2016-09-14,9.649999618530273,9.699999809265137,9.5,9.5600004196167,9.5600004196167,89400
2016-09-15,9.5600004196167,9.579999923706055,9.5,9.550000190734863,9.550000190734863,45000
2016-09-16,9.550000190734863,9.5600004196167,9.079999923706055,9.100000381469727,9.100000381469727,162500
2016-09-19,9.449999809265137,9.510000228881836,9.050000190734863,9.260000228881836,9.260000228881836,158900
2016-09-20,9.350000381469727,9.729999542236328,9.010000228881836,9.029999732971191,9.029999732971191,76700
2016-09-21,9.029999732971191,9.229999542236328,8.970000267028809,9.09000015258789,9.09000015258789,133700
2016-09-22,9.140000343322754,9.420000076293945,8.979999542236328,9.34000015258789,9.34000015258789,134400
2016-09-23,9.359999656677246,9.59000015258789,9.069999694824219,9.199999809265137,9.199999809265137,124700
2016-09-26,9.109999656677246,9.279999732971191,9.100000381469727,9.109999656677246,9.109999656677246,129100
2016-09-27,9.069999694824219,9.1899995803833,9.069999694824219,9.109999656677246,9.109999656677246,117300
2016-09-28,9.119999885559082,9.210000038146973,8.949999809265137,9.039999961853027,9.039999961853027,100300
2016-09-29,9.0600004196167,9.0600004196167,8.9399995803833,8.960000038146973,8.960000038146973,89200
2016-09-30,8.989999771118164,8.989999771118164,8.899999618530273,8.930000305175781,8.930000305175781,108500
2016-10-03,8.960000038146973,9.050000190734863,8.670000076293945,9.039999961853027,9.039999961853027,129600
2016-10-04,9.039999961853027,9.25,9.010000228881836,9.09000015258789,9.09000015258789,55600
2016-10-05,9.149999618530273,9.34000015258789,9.0600004196167,9.25,9.25,49200
2016-10-06,9.180000305175781,9.25,9.0600004196167,9.149999618530273,9.149999618530273,67800
2016-10-07,9.130000114440918,9.15999984741211,8.829999923706055,8.84000015258789,8.84000015258789,72500
2016-10-10,8.880000114440918,9.100000381469727,8.6899995803833,9.039999961853027,9.039999961853027,44500
2016-10-11,9.020000457763672,9.020000457763672,8.720000267028809,8.800000190734863,8.800000190734863,83100
2016-10-12,8.770000457763672,8.859999656677246,8.710000038146973,8.779999732971191,8.779999732971191,95900
2016-10-13,8.739999771118164,8.800000190734863,8.460000038146973,8.5,8.5,93300
2016-10-14,8.579999923706055,8.670000076293945,8.369999885559082,8.489999771118164,8.489999771118164,75100
2016-10-17,8.479999542236328,8.619999885559082,8.460000038146973,8.550000190734863,8.550000190734863,64100
2016-10-18,8.640000343322754,8.640000343322754,8.4399995803833,8.470000267028809,8.470000267028809,41800
2016-10-19,8.510000228881836,8.510000228881836,7.690000057220459,7.760000228881836,7.760000228881836,191400
2016-10-20,7.800000190734863,8.039999961853027,7.599999904632568,8.020000457763672,8.020000457763672,99600
2016-10-21,7.900000095367432,8.050000190734863,7.739999771118164,8.020000457763672,8.020000457763672,44600
2016-10-24,8.109999656677246,8.109999656677246,7.929999828338623,7.940000057220459,7.940000057220459,49800
2016-10-25,7.900000095367432,7.920000076293945,7.650000095367432,7.760000228881836,7.760000228881836,118500
2016-10-26,7.71999979019165,7.789999961853027,7.489999771118164,7.5,7.5,86600
2016-10-27,7.570000171661377,7.570000171661377,7.369999885559082,7.480000019073486,7.480000019073486,55000
2016-10-28,7.159999847412109,7.349999904632568,6.920000076293945,7.21999979019165,7.21999979019165,236300
2016-10-31,7.159999847412109,7.320000171661377,7.059999942779541,7.21999979019165,7.21999979019165,88500
2016-11-01,7.260000228881836,7.289999961853027,6.949999809265137,7.079999923706055,7.079999923706055,67500
2016-11-02,7.059999942779541,7.380000114440918,6.869999885559082,6.96999979019165,6.96999979019165,61200
2016-11-03,7.0,7.119999885559082,6.860000133514404,7.059999942779541,7.059999942779541,73700
2016-11-04,7.119999885559082,7.199999809265137,6.960000038146973,6.980000019073486,6.980000019073486,48000
2016-11-07,7.099999904632568,7.230000019073486,7.03000020980835,7.059999942779541,7.059999942779541,70500
2016-11-08,7.059999942779541,7.269999980926514,6.900000095367432,7.130000114440918,7.130000114440918,67700
2016-11-09,6.940000057220459,7.320000171661377,6.940000057220459,7.130000114440918,7.130000114440918,120000
2016-11-10,6.710000038146973,7.349999904632568,6.710000038146973,7.110000133514404,7.110000133514404,203100
2016-11-11,7.110000133514404,8.130000114440918,7.110000133514404,7.809999942779541,7.809999942779541,147000
2016-11-14,8.010000228881836,8.100000381469727,7.699999809265137,7.75,7.75,70100
2016-11-15,7.760000228881836,7.820000171661377,7.590000152587891,7.630000114440918,7.630000114440918,43800
2016-11-16,7.599999904632568,7.800000190734863,7.579999923706055,7.670000076293945,7.670000076293945,45900
2016-11-17,7.699999809265137,7.909999847412109,7.699999809265137,7.869999885559082,7.869999885559082,42300
2016-11-18,7.869999885559082,8.100000381469727,7.849999904632568,7.980000019073486,7.980000019073486,53100
2016-11-21,8.0,8.170000076293945,7.96999979019165,8.149999618530273,8.149999618530273,53900
2016-11-22,8.199999809265137,8.489999771118164,8.1899995803833,8.359999656677246,8.359999656677246,66100
2016-11-23,8.300000190734863,8.5,8.199999809265137,8.420000076293945,8.420000076293945,33600
2016-11-25,8.369999885559082,8.619999885559082,8.369999885559082,8.5,8.5,26200
2016-11-28,8.430000305175781,8.4399995803833,8.0600004196167,8.109999656677246,8.109999656677246,75200
2016-11-29,8.170000076293945,8.25,8.100000381469727,8.170000076293945,8.170000076293945,39900
2016-11-30,8.1899995803833,8.1899995803833,7.610000133514404,7.949999809265137,7.949999809265137,74400
2016-12-01,7.920000076293945,8.119999885559082,7.599999904632568,7.710000038146973,7.710000038146973,85200
2016-12-02,7.650000095367432,7.860000133514404,7.650000095367432,7.699999809265137,7.699999809265137,40500
2016-12-05,7.809999942779541,8.140000343322754,7.809999942779541,8.050000190734863,8.050000190734863,103200
2016-12-06,8.0600004196167,8.819999694824219,8.0600004196167,8.600000381469727,8.600000381469727,116300
2016-12-07,8.550000190734863,8.84000015258789,8.5,8.779999732971191,8.779999732971191,62200
2016-12-08,8.8100004196167,9.199999809265137,8.710000038146973,9.079999923706055,9.079999923706055,132000
2016-12-09,9.15999984741211,9.600000381469727,8.8100004196167,9.279999732971191,9.279999732971191,123100
2016-12-12,9.270000457763672,9.329999923706055,9.050000190734863,9.069999694824219,9.069999694824219,47700
2016-12-13,9.15999984741211,9.180000305175781,8.859999656677246,8.899999618530273,8.899999618530273,58500
2016-12-14,8.829999923706055,9.0600004196167,8.640000343322754,8.8100004196167,8.8100004196167,48400
2016-12-15,8.8100004196167,9.029999732971191,8.75,8.8100004196167,8.8100004196167,43000
2016-12-16,8.850000381469727,9.15999984741211,8.850000381469727,9.09000015258789,9.09000015258789,92300
2016-12-19,9.020000457763672,9.489999771118164,8.819999694824219,9.4399995803833,9.4399995803833,68400
2016-12-20,9.479999542236328,9.5,8.90999984741211,9.109999656677246,9.109999656677246,69800
2016-12-21,9.0600004196167,9.09000015258789,8.710000038146973,8.75,8.75,41300
2016-12-22,8.75,8.75,8.470000267028809,8.569999694824219,8.569999694824219,55000
2016-12-23,8.5600004196167,8.65999984741211,8.539999961853027,8.609999656677246,8.609999656677246,26900
2016-12-27,8.600000381469727,8.699999809265137,8.40999984741211,8.460000038146973,8.460000038146973,35400
2016-12-28,8.5,8.569999694824219,8.25,8.5,8.5,49100
2016-12-29,8.510000228881836,8.729999542236328,8.40999984741211,8.460000038146973,8.460000038146973,36900
2016-12-30,7.889999866485596,8.520000457763672,7.889999866485596,8.5,8.5,37600
2017-01-03,8.6899995803833,8.6899995803833,8.430000305175781,8.489999771118164,8.489999771118164,67600
2017-01-04,8.5600004196167,8.5600004196167,8.25,8.489999771118164,8.489999771118164,74600
2017-01-05,8.399999618530273,8.600000381469727,8.3100004196167,8.34000015258789,8.34000015258789,39800
2017-01-06,8.40999984741211,8.529999732971191,8.300000190734863,8.470000267028809,8.470000267028809,24300
2017-01-09,8.399999618530273,8.470000267028809,8.239999771118164,8.25,8.25,34800
2017-01-10,8.260000228881836,8.550000190734863,8.199999809265137,8.510000228881836,8.510000228881836,61500
2017-01-11,8.5,8.619999885559082,8.449999809265137,8.520000457763672,8.520000457763672,47400
2017-01-12,8.5,8.550000190734863,8.270000457763672,8.390000343322754,8.390000343322754,41600
2017-01-13,8.460000038146973,8.460000038146973,8.199999809265137,8.40999984741211,8.40999984741211,88300
2017-01-17,8.350000381469727,8.510000228881836,8.329999923706055,8.350000381469727,8.350000381469727,45000
2017-01-18,8.350000381469727,8.449999809265137,8.300000190734863,8.319999694824219,8.319999694824219,29600
2017-01-19,8.350000381469727,8.359999656677246,8.229999542236328,8.25,8.25,54200
2017-01-20,8.260000228881836,8.34000015258789,8.069999694824219,8.109999656677246,8.109999656677246,18700
2017-01-23,8.130000114440918,8.15999984741211,7.760000228881836,7.909999847412109,7.909999847412109,43700
2017-01-24,7.920000076293945,8.210000038146973,7.710000038146973,8.15999984741211,8.15999984741211,57800
2017-01-25,8.239999771118164,8.479999542236328,8.180000305175781,8.369999885559082,8.369999885559082,27100
2017-01-26,8.300000190734863,8.300000190734863,7.880000114440918,8.020000457763672,8.020000457763672,36200
2017-01-27,8.149999618530273,8.149999618530273,7.869999885559082,7.929999828338623,7.929999828338623,21000
2017-01-30,7.880000114440918,8.0,7.550000190734863,7.590000152587891,7.590000152587891,54900
2017-01-31,7.590000152587891,7.599999904632568,7.409999847412109,7.510000228881836,7.510000228881836,42100
2017-02-01,7.599999904632568,7.800000190734863,7.590000152587891,7.670000076293945,7.670000076293945,33300
2017-02-02,7.679999828338623,8.039999961853027,7.570000171661377,7.75,7.75,42300
2017-02-03,7.820000171661377,7.929999828338623,7.449999809265137,7.5,7.5,62000
2017-02-06,7.510000228881836,7.650000095367432,7.239999771118164,7.380000114440918,7.380000114440918,53200
2017-02-07,7.409999847412109,7.539999961853027,7.340000152587891,7.389999866485596,7.389999866485596,65400
2017-02-08,7.369999885559082,7.460000038146973,7.289999961853027,7.369999885559082,7.369999885559082,36700
2017-02-09,7.380000114440918,7.71999979019165,7.320000171661377,7.599999904632568,7.599999904632568,43300
2017-02-10,7.699999809265137,8.0,7.590000152587891,7.980000019073486,7.980000019073486,29100
2017-02-13,8.0,8.039999961853027,7.789999961853027,7.920000076293945,7.920000076293945,38500
2017-02-14,7.860000133514404,7.909999847412109,7.690000057220459,7.849999904632568,7.849999904632568,44000
2017-02-15,7.820000171661377,7.869999885559082,7.710000038146973,7.789999961853027,7.789999961853027,23700
2017-02-16,7.769999980926514,7.769999980926514,7.53000020980835,7.559999942779541,7.559999942779541,28300
2017-02-17,7.550000190734863,7.690000057220459,7.400000095367432,7.449999809265137,7.449999809265137,40500
2017-02-21,7.519999980926514,7.519999980926514,7.21999979019165,7.429999828338623,7.429999828338623,43400
2017-02-22,7.440000057220459,7.440000057220459,7.25,7.369999885559082,7.369999885559082,14700
2017-02-23,7.349999904632568,7.5,7.070000171661377,7.239999771118164,7.239999771118164,63600
2017-02-24,7.239999771118164,7.380000114440918,7.139999866485596,7.28000020980835,7.28000020980835,44400
2017-02-27,7.269999980926514,7.389999866485596,7.139999866485596,7.199999809265137,7.199999809265137,29500
2017-02-28,7.03000020980835,7.119999885559082,6.849999904632568,7.010000228881836,7.010000228881836,43100
2017-03-01,7.159999847412109,7.400000095367432,7.0,7.230000019073486,7.230000019073486,132400
2017-03-02,7.5,7.5,7.0,7.179999828338623,7.179999828338623,86100
2017-03-03,7.039999961853027,7.28000020980835,7.0,7.119999885559082,7.119999885559082,89600
2017-03-06,7.150000095367432,7.519999980926514,6.980000019073486,7.300000190734863,7.300000190734863,76100
2017-03-07,7.309999942779541,7.320000171661377,7.070000171661377,7.099999904632568,7.099999904632568,26700
2017-03-08,7.170000076293945,7.389999866485596,7.0,7.21999979019165,7.21999979019165,143400
2017-03-09,7.239999771118164,7.289999961853027,6.929999828338623,7.050000190734863,7.050000190734863,66500
2017-03-10,7.03000020980835,7.769999980926514,7.03000020980835,7.659999847412109,7.659999847412109,201700
2017-03-13,7.630000114440918,7.900000095367432,7.110000133514404,7.579999923706055,7.579999923706055,39600
2017-03-14,7.440000057220459,7.650000095367432,7.300000190734863,7.349999904632568,7.349999904632568,32000
2017-03-15,7.269999980926514,7.739999771118164,7.269999980926514,7.670000076293945,7.670000076293945,42800
2017-03-16,7.75,7.75,6.5,6.690000057220459,6.690000057220459,303000
2017-03-17,6.769999980926514,7.510000228881836,6.639999866485596,7.449999809265137,7.449999809265137,192100
2017-03-20,7.5,7.5,6.869999885559082,7.119999885559082,7.119999885559082,220400
2017-03-21,7.119999885559082,7.489999771118164,6.849999904632568,6.889999866485596,6.889999866485596,162800
2017-03-22,6.869999885559082,6.869999885559082,6.550000190734863,6.619999885559082,6.619999885559082,93900
2017-03-23,6.590000152587891,6.849999904632568,6.570000171661377,6.639999866485596,6.639999866485596,60900
2017-03-24,6.800000190734863,6.909999847412109,6.570000171661377,6.610000133514404,6.610000133514404,87600
2017-03-27,6.480000019073486,6.710000038146973,6.420000076293945,6.590000152587891,6.590000152587891,114000
2017-03-28,6.53000020980835,6.78000020980835,6.510000228881836,6.739999771118164,6.739999771118164,29900
2017-03-29,6.710000038146973,6.869999885559082,6.590000152587891,6.610000133514404,6.610000133514404,35100
2017-03-30,6.599999904632568,6.699999809265137,6.329999923706055,6.400000095367432,6.400000095367432,59300
2017-03-31,6.400000095367432,6.590000152587891,6.28000020980835,6.53000020980835,6.53000020980835,69800
2017-04-03,6.53000020980835,6.579999923706055,6.28000020980835,6.289999961853027,6.289999961853027,53600
2017-04-04,6.289999961853027,6.289999961853027,5.829999923706055,5.949999809265137,5.949999809265137,134000
2017-04-05,6.0,6.539999961853027,6.0,6.269999980926514,6.269999980926514,150900
2017-04-06,6.239999771118164,6.340000152587891,6.170000076293945,6.210000038146973,6.210000038146973,32800
2017-04-07,6.159999847412109,6.25,6.079999923706055,6.110000133514404,6.110000133514404,60900
2017-04-10,6.150000095367432,6.550000190734863,6.019999980926514,6.210000038146973,6.210000038146973,190000
2017-04-11,6.210000038146973,6.650000095367432,6.210000038146973,6.630000114440918,6.630000114440918,52200
2017-04-12,6.639999866485596,6.639999866485596,6.289999961853027,6.329999923706055,6.329999923706055,64000
2017-04-13,6.28000020980835,6.599999904632568,6.179999828338623,6.510000228881836,6.510000228881836,85800
2017-04-17,6.599999904632568,6.599999904632568,6.269999980926514,6.460000038146973,6.460000038146973,56400
2017-04-18,6.400000095367432,6.480000019073486,6.300000190734863,6.400000095367432,6.400000095367432,37700
2017-04-19,6.449999809265137,6.730000019073486,6.380000114440918,6.670000076293945,6.670000076293945,88900
2017-04-20,6.760000228881836,6.960000038146973,6.579999923706055,6.869999885559082,6.869999885559082,143800
2017-04-21,6.840000152587891,7.0,6.670000076293945,6.869999885559082,6.869999885559082,112900
2017-04-24,7.059999942779541,7.21999979019165,6.920000076293945,7.159999847412109,7.159999847412109,72400
2017-04-25,7.170000076293945,7.289999961853027,7.0,7.119999885559082,7.119999885559082,69400
2017-04-26,7.159999847412109,7.550000190734863,7.139999866485596,7.5,7.5,117700
2017-04-27,7.5,7.699999809265137,7.360000133514404,7.440000057220459,7.440000057220459,72600
2017-04-28,7.480000019073486,7.480000019073486,7.199999809265137,7.320000171661377,7.320000171661377,31200
2017-05-01,7.349999904632568,7.789999961853027,7.329999923706055,7.610000133514404,7.610000133514404,81400
2017-05-02,7.679999828338623,8.09000015258789,7.550000190734863,7.679999828338623,7.679999828338623,115600
2017-05-03,7.659999847412109,7.739999771118164,7.340000152587891,7.449999809265137,7.449999809265137,126200
2017-05-04,7.489999771118164,7.690000057220459,7.340000152587891,7.559999942779541,7.559999942779541,52800
2017-05-05,7.460000038146973,7.519999980926514,7.289999961853027,7.360000133514404,7.360000133514404,85200
2017-05-08,7.349999904632568,7.510000228881836,7.239999771118164,7.460000038146973,7.460000038146973,31300
2017-05-09,7.460000038146973,7.610000133514404,7.320000171661377,7.579999923706055,7.579999923706055,61600
2017-05-10,7.5,7.820000171661377,7.5,7.690000057220459,7.690000057220459,84200
2017-05-11,7.75,8.25,7.75,7.869999885559082,7.869999885559082,140100
2017-05-12,7.800000190734863,7.800000190734863,7.369999885559082,7.480000019073486,7.480000019073486,80800
2017-05-15,7.510000228881836,7.599999904632568,7.199999809265137,7.409999847412109,7.409999847412109,70600
2017-05-16,7.380000114440918,7.460000038146973,7.050000190734863,7.210000038146973,7.210000038146973,71700
2017-05-17,7.099999904632568,7.210000038146973,6.760000228881836,6.820000171661377,6.820000171661377,89100
2017-05-18,6.889999866485596,6.989999771118164,6.800000190734863,6.869999885559082,6.869999885559082,49500
2017-05-19,6.869999885559082,6.96999979019165,6.78000020980835,6.800000190734863,6.800000190734863,47200
2017-05-22,6.809999942779541,6.949999809265137,6.650000095367432,6.849999904632568,6.849999904632568,54400
2017-05-23,6.900000095367432,7.03000020980835,6.75,6.849999904632568,6.849999904632568,56800
2017-05-24,6.869999885559082,6.880000114440918,6.710000038146973,6.809999942779541,6.809999942779541,35300
2017-05-25,6.670000076293945,6.960000038146973,6.639999866485596,6.909999847412109,6.909999847412109,73600
2017-05-26,6.800000190734863,6.880000114440918,6.679999828338623,6.840000152587891,6.840000152587891,41100
2017-05-30,6.820000171661377,6.940000057220459,6.699999809265137,6.880000114440918,6.880000114440918,54800
2017-05-31,6.949999809265137,6.949999809265137,6.659999847412109,6.909999847412109,6.909999847412109,43300
2017-06-01,6.929999828338623,7.239999771118164,6.929999828338623,7.210000038146973,7.210000038146973,61400
2017-06-02,7.25,7.460000038146973,7.119999885559082,7.369999885559082,7.369999885559082,91900
2017-06-05,7.300000190734863,7.650000095367432,7.210000038146973,7.53000020980835,7.53000020980835,68300
2017-06-06,7.400000095367432,7.400000095367432,7.099999904632568,7.380000114440918,7.380000114440918,69400
2017-06-07,7.449999809265137,7.460000038146973,7.230000019073486,7.25,7.25,28400
2017-06-08,7.260000228881836,7.409999847412109,7.150000095367432,7.28000020980835,7.28000020980835,30800
2017-06-09,7.309999942779541,7.320000171661377,7.110000133514404,7.25,7.25,47200
2017-06-12,7.260000228881836,7.409999847412109,7.050000190734863,7.269999980926514,7.269999980926514,80600
2017-06-13,7.289999961853027,7.289999961853027,7.0,7.050000190734863,7.050000190734863,70900
2017-06-14,7.119999885559082,7.28000020980835,7.0,7.210000038146973,7.210000038146973,48100
2017-06-15,7.099999904632568,7.400000095367432,7.099999904632568,7.239999771118164,7.239999771118164,35300
2017-06-16,7.119999885559082,7.340000152587891,7.119999885559082,7.269999980926514,7.269999980926514,86600
2017-06-19,7.300000190734863,7.590000152587891,7.300000190734863,7.550000190734863,7.550000190734863,77700
2017-06-20,7.53000020980835,7.590000152587891,7.320000171661377,7.420000076293945,7.420000076293945,56800
2017-06-21,7.46999979019165,7.630000114440918,7.360000133514404,7.599999904632568,7.599999904632568,46600
2017-06-22,7.610000133514404,7.989999771118164,7.610000133514404,7.869999885559082,7.869999885559082,128400
2017-06-23,7.880000114440918,8.149999618530273,7.610000133514404,7.659999847412109,7.659999847412109,1608700
2017-06-26,7.769999980926514,7.829999923706055,7.579999923706055,7.690000057220459,7.690000057220459,127400
2017-06-27,7.909999847412109,8.0,7.550000190734863,7.949999809265137,7.949999809265137,173300
2017-06-28,7.96999979019165,8.199999809265137,7.880000114440918,8.100000381469727,8.100000381469727,74200
2017-06-29,8.100000381469727,8.270000457763672,8.039999961853027,8.0600004196167,8.0600004196167,52800
2017-06-30,8.079999923706055,8.279999732971191,8.0600004196167,8.260000228881836,8.260000228881836,70400
2017-07-03,8.260000228881836,8.399999618530273,8.25,8.350000381469727,8.350000381469727,22700
2017-07-05,8.3100004196167,8.3100004196167,8.020000457763672,8.0600004196167,8.0600004196167,58300
2017-07-06,8.010000228881836,8.109999656677246,7.630000114440918,7.880000114440918,7.880000114440918,117500
2017-07-07,7.860000133514404,8.0,7.739999771118164,8.0,8.0,42900
2017-07-10,8.0,8.25,7.800000190734863,8.010000228881836,8.010000228881836,120500
2017-07-11,8.0,8.140000343322754,7.980000019073486,8.020000457763672,8.020000457763672,20700
2017-07-12,8.100000381469727,8.15999984741211,7.960000038146973,8.149999618530273,8.149999618530273,63000
2017-07-13,8.220000267028809,8.270000457763672,8.100000381469727,8.239999771118164,8.239999771118164,36100
2017-07-14,8.229999542236328,8.260000228881836,8.15999984741211,8.170000076293945,8.170000076293945,14300
2017-07-17,8.15999984741211,8.279999732971191,8.15999984741211,8.270000457763672,8.270000457763672,31700
2017-07-18,8.210000038146973,8.239999771118164,8.109999656677246,8.220000267028809,8.220000267028809,13600
2017-07-19,8.270000457763672,8.319999694824219,8.180000305175781,8.239999771118164,8.239999771118164,13100
2017-07-20,8.229999542236328,8.25,8.050000190734863,8.220000267028809,8.220000267028809,32400
2017-07-21,8.220000267028809,8.270000457763672,8.0600004196167,8.079999923706055,8.079999923706055,27200
2017-07-24,8.15999984741211,8.15999984741211,8.0,8.069999694824219,8.069999694824219,31800
2017-07-25,8.050000190734863,8.0600004196167,7.949999809265137,7.949999809265137,7.949999809265137,59600
2017-07-26,7.949999809265137,8.100000381469727,7.949999809265137,8.010000228881836,8.010000228881836,12600
2017-07-27,7.949999809265137,8.029999732971191,7.840000152587891,7.869999885559082,7.869999885559082,24400
2017-07-28,7.670000076293945,7.96999979019165,7.670000076293945,7.900000095367432,7.900000095367432,20400
2017-07-31,7.889999866485596,8.050000190734863,7.730000019073486,7.820000171661377,7.820000171661377,53900
2017-08-01,7.699999809265137,7.920000076293945,7.650000095367432,7.670000076293945,7.670000076293945,46800
2017-08-02,7.679999828338623,7.690000057220459,7.519999980926514,7.650000095367432,7.650000095367432,24400
2017-08-03,7.659999847412109,7.789999961853027,7.590000152587891,7.650000095367432,7.650000095367432,22800
2017-08-04,7.699999809265137,7.730000019073486,7.539999961853027,7.579999923706055,7.579999923706055,33800
2017-08-07,7.559999942779541,7.570000171661377,7.289999961853027,7.360000133514404,7.360000133514404,71500
2017-08-08,7.449999809265137,7.949999809265137,7.449999809265137,7.75,7.75,68500
2017-08-09,7.690000057220459,7.710000038146973,7.5,7.710000038146973,7.710000038146973,120700
2017-08-10,7.610000133514404,7.639999866485596,7.389999866485596,7.539999961853027,7.539999961853027,79200
2017-08-11,7.550000190734863,7.829999923706055,7.449999809265137,7.789999961853027,7.789999961853027,25800
2017-08-14,7.929999828338623,8.0600004196167,7.820000171661377,7.880000114440918,7.880000114440918,40400
2017-08-15,7.860000133514404,8.0,7.690000057220459,7.880000114440918,7.880000114440918,48100
2017-08-16,7.900000095367432,7.940000057220459,7.75,7.800000190734863,7.800000190734863,10300
2017-08-17,7.78000020980835,7.940000057220459,7.539999961853027,7.550000190734863,7.550000190734863,55900
2017-08-18,7.579999923706055,7.909999847412109,7.579999923706055,7.679999828338623,7.679999828338623,21200
2017-08-21,7.75,7.849999904632568,7.559999942779541,7.78000020980835,7.78000020980835,18700
2017-08-22,7.849999904632568,7.869999885559082,7.739999771118164,7.800000190734863,7.800000190734863,9800
2017-08-23,7.710000038146973,7.78000020980835,7.699999809265137,7.71999979019165,7.71999979019165,15600
2017-08-24,7.659999847412109,7.760000228881836,7.5,7.519999980926514,7.519999980926514,17200
2017-08-25,7.630000114440918,7.78000020980835,7.5,7.599999904632568,7.599999904632568,28200
2017-08-28,7.670000076293945,7.800000190734863,7.53000020980835,7.760000228881836,7.760000228881836,32600
2017-08-29,7.699999809265137,7.769999980926514,7.579999923706055,7.579999923706055,7.579999923706055,19200
2017-08-30,7.599999904632568,7.800000190734863,7.53000020980835,7.71999979019165,7.71999979019165,50900
2017-08-31,7.789999961853027,7.940000057220459,7.730000019073486,7.880000114440918,7.880000114440918,23700
2017-09-01,7.940000057220459,7.980000019073486,7.769999980926514,7.909999847412109,7.909999847412109,28100
2017-09-05,7.860000133514404,7.920000076293945,7.699999809265137,7.730000019073486,7.730000019073486,26600
2017-09-06,7.789999961853027,7.869999885559082,7.75,7.809999942779541,7.809999942779541,17200
2017-09-07,7.849999904632568,8.0,7.800000190734863,7.820000171661377,7.820000171661377,36500
2017-09-08,7.849999904632568,7.900000095367432,7.460000038146973,7.489999771118164,7.489999771118164,37900
2017-09-11,7.53000020980835,7.800000190734863,7.53000020980835,7.739999771118164,7.739999771118164,41000
2017-09-12,7.789999961853027,8.020000457763672,7.739999771118164,7.889999866485596,7.889999866485596,44400
2017-09-13,7.900000095367432,8.050000190734863,7.880000114440918,7.940000057220459,7.940000057220459,92900
2017-09-14,7.949999809265137,8.119999885559082,7.929999828338623,8.109999656677246,8.109999656677246,42800
2017-09-15,8.100000381469727,8.100000381469727,8.039999961853027,8.100000381469727,8.100000381469727,59400
2017-09-18,8.09000015258789,8.100000381469727,8.0,8.100000381469727,8.100000381469727,60200
2017-09-19,8.100000381469727,8.100000381469727,8.0,8.039999961853027,8.039999961853027,37400
2017-09-20,8.0600004196167,8.100000381469727,8.020000457763672,8.0600004196167,8.0600004196167,19100
2017-09-21,8.069999694824219,8.140000343322754,8.010000228881836,8.079999923706055,8.079999923706055,76100
2017-09-22,8.140000343322754,8.350000381469727,8.079999923706055,8.319999694824219,8.319999694824219,88600
2017-09-25,8.229999542236328,8.319999694824219,8.069999694824219,8.09000015258789,8.09000015258789,56200
2017-09-26,8.100000381469727,8.279999732971191,8.100000381469727,8.180000305175781,8.180000305175781,12400
2017-09-27,8.25,8.369999885559082,8.119999885559082,8.289999961853027,8.289999961853027,31200
2017-09-28,7.610000133514404,8.34000015258789,7.210000038146973,8.260000228881836,8.260000228881836,34100
2017-09-29,8.229999542236328,8.380000114440918,8.149999618530273,8.350000381469727,8.350000381469727,47600
2017-10-02,8.399999618530273,8.800000190734863,8.369999885559082,8.680000305175781,8.680000305175781,87200
2017-10-03,8.770000457763672,8.880000114440918,8.640000343322754,8.699999809265137,8.699999809265137,53200
2017-10-04,8.720000267028809,8.800000190734863,8.609999656677246,8.720000267028809,8.720000267028809,24300
2017-10-05,8.720000267028809,8.760000228881836,8.1899995803833,8.1899995803833,8.1899995803833,178800
2017-10-06,8.270000457763672,8.760000228881836,8.039999961853027,8.15999984741211,8.15999984741211,93500
2017-10-09,8.25,8.489999771118164,8.140000343322754,8.180000305175781,8.180000305175781,52800
2017-10-10,8.289999961853027,8.5,8.15999984741211,8.319999694824219,8.319999694824219,54400
2017-10-11,8.329999923706055,8.5,8.229999542236328,8.260000228881836,8.260000228881836,42000
2017-10-12,8.229999542236328,8.539999961853027,8.229999542236328,8.470000267028809,8.470000267028809,36200
2017-10-13,8.5,8.550000190734863,8.399999618530273,8.4399995803833,8.4399995803833,41900
2017-10-16,8.5,8.529999732971191,8.180000305175781,8.210000038146973,8.210000038146973,35900
2017-10-17,8.220000267028809,8.25,8.100000381469727,8.210000038146973,8.210000038146973,22500
2017-10-18,8.25,8.430000305175781,8.239999771118164,8.380000114440918,8.380000114440918,19700
2017-10-19,8.359999656677246,8.600000381469727,8.25,8.399999618530273,8.399999618530273,39400
2017-10-20,8.4399995803833,8.59000015258789,8.199999809265137,8.399999618530273,8.399999618530273,47800
2017-10-23,8.34000015258789,8.34000015258789,8.0600004196167,8.15999984741211,8.15999984741211,36800
2017-10-24,8.149999618530273,8.279999732971191,8.020000457763672,8.220000267028809,8.220000267028809,23700
2017-10-25,8.25,8.25,8.100000381469727,8.199999809265137,8.199999809265137,37800
2017-10-26,8.140000343322754,8.140000343322754,7.920000076293945,8.100000381469727,8.100000381469727,43100
2017-10-27,8.100000381469727,8.350000381469727,8.100000381469727,8.350000381469727,8.350000381469727,47600
2017-10-30,8.34000015258789,8.430000305175781,8.229999542236328,8.3100004196167,8.3100004196167,38900
2017-10-31,8.300000190734863,8.470000267028809,8.270000457763672,8.300000190734863,8.300000190734863,42200
2017-11-01,8.329999923706055,8.390000343322754,8.039999961853027,8.130000114440918,8.130000114440918,45800
2017-11-02,8.119999885559082,8.25,8.09000015258789,8.25,8.25,17400
2017-11-03,8.180000305175781,8.260000228881836,8.130000114440918,8.170000076293945,8.170000076293945,35500
2017-11-06,8.199999809265137,8.199999809265137,8.140000343322754,8.170000076293945,8.170000076293945,7000
2017-11-07,8.15999984741211,8.180000305175781,7.96999979019165,8.130000114440918,8.130000114440918,13100
2017-11-08,8.119999885559082,8.119999885559082,7.53000020980835,7.900000095367432,7.900000095367432,112300
2017-11-09,6.050000190734863,7.190000057220459,5.900000095367432,7.059999942779541,7.059999942779541,516000
2017-11-10,6.989999771118164,7.019999980926514,6.71999979019165,6.949999809265137,6.949999809265137,167500
2017-11-13,7.059999942779541,7.059999942779541,6.659999847412109,6.96999979019165,6.96999979019165,276900
2017-11-14,7.0,7.090000152587891,6.840000152587891,6.900000095367432,6.900000095367432,68200
2017-11-15,6.840000152587891,6.889999866485596,6.539999961853027,6.590000152587891,6.590000152587891,106600
2017-11-16,6.630000114440918,7.150000095367432,6.630000114440918,6.800000190734863,6.800000190734863,205500
2017-11-17,6.739999771118164,7.349999904632568,6.739999771118164,7.099999904632568,7.099999904632568,234900
2017-11-20,7.0,7.019999980926514,6.760000228881836,6.880000114440918,6.880000114440918,29500
2017-11-21,6.889999866485596,7.099999904632568,6.889999866485596,7.019999980926514,7.019999980926514,26100
2017-11-22,7.019999980926514,7.059999942779541,6.900000095367432,6.909999847412109,6.909999847412109,23400
2017-11-24,6.800000190734863,6.909999847412109,6.800000190734863,6.909999847412109,6.909999847412109,10000
2017-11-27,6.900000095367432,7.050000190734863,6.860000133514404,7.010000228881836,7.010000228881836,22600
2017-11-28,7.019999980926514,7.099999904632568,6.820000171661377,6.889999866485596,6.889999866485596,29100
2017-11-29,6.880000114440918,6.980000019073486,6.800000190734863,6.889999866485596,6.889999866485596,17800
2017-11-30,6.900000095367432,7.119999885559082,6.829999923706055,7.110000133514404,7.110000133514404,63200
2017-12-01,7.190000057220459,7.809999942779541,6.940000057220459,7.519999980926514,7.519999980926514,127100
2017-12-04,7.550000190734863,7.550000190734863,7.269999980926514,7.309999942779541,7.309999942779541,31800
2017-12-05,7.5,7.579999923706055,7.369999885559082,7.510000228881836,7.510000228881836,41500
2017-12-06,7.590000152587891,7.590000152587891,7.360000133514404,7.449999809265137,7.449999809265137,38900
2017-12-07,7.420000076293945,7.579999923706055,7.170000076293945,7.449999809265137,7.449999809265137,27500
2017-12-08,7.380000114440918,7.5,7.050000190734863,7.139999866485596,7.139999866485596,30200
2017-12-11,7.139999866485596,7.199999809265137,7.03000020980835,7.150000095367432,7.150000095367432,19000
2017-12-12,7.090000152587891,7.210000038146973,7.079999923706055,7.130000114440918,7.130000114440918,22500
2017-12-13,7.139999866485596,7.25,7.010000228881836,7.199999809265137,7.199999809265137,15200
2017-12-14,7.440000057220459,7.449999809265137,7.230000019073486,7.28000020980835,7.28000020980835,15400
2017-12-15,7.28000020980835,7.309999942779541,7.199999809265137,7.300000190734863,7.300000190734863,14000
2017-12-18,7.309999942779541,7.380000114440918,7.309999942779541,7.380000114440918,7.380000114440918,14600
2017-12-19,7.389999866485596,7.519999980926514,7.340000152587891,7.460000038146973,7.460000038146973,22700
2017-12-20,7.53000020980835,7.789999961853027,7.449999809265137,7.739999771118164,7.739999771118164,53500
2017-12-21,7.789999961853027,7.789999961853027,7.460000038146973,7.610000133514404,7.610000133514404,19000
2017-12-22,7.559999942779541,7.590000152587891,7.309999942779541,7.480000019073486,7.480000019073486,49200
2017-12-26,7.400000095367432,7.539999961853027,7.269999980926514,7.440000057220459,7.440000057220459,16700
2017-12-27,7.409999847412109,7.539999961853027,7.329999923706055,7.440000057220459,7.440000057220459,16300
2017-12-28,7.489999771118164,7.630000114440918,7.489999771118164,7.599999904632568,7.599999904632568,16100
2017-12-29,7.699999809265137,7.699999809265137,7.400000095367432,7.429999828338623,7.429999828338623,93600
2018-01-02,7.510000228881836,7.699999809265137,7.429999828338623,7.639999866485596,7.639999866485596,14600
2018-01-03,7.53000020980835,7.679999828338623,7.5,7.5,7.5,18100
2018-01-04,7.550000190734863,7.550000190734863,7.380000114440918,7.389999866485596,7.389999866485596,14700
2018-01-05,7.449999809265137,7.460000038146973,7.25,7.400000095367432,7.400000095367432,13400
2018-01-08,7.380000114440918,7.46999979019165,7.369999885559082,7.420000076293945,7.420000076293945,4900
2018-01-09,7.420000076293945,7.420000076293945,7.300000190734863,7.420000076293945,7.420000076293945,13900
2018-01-10,7.400000095367432,7.46999979019165,7.300000190734863,7.440000057220459,7.440000057220459,8700
2018-01-11,7.440000057220459,7.650000095367432,7.380000114440918,7.550000190734863,7.550000190734863,9400
2018-01-12,7.639999866485596,7.769999980926514,7.590000152587891,7.769999980926514,7.769999980926514,17400
2018-01-16,7.769999980926514,7.769999980926514,7.309999942779541,7.429999828338623,7.429999828338623,17600
2018-01-17,7.489999771118164,7.630000114440918,7.300000190734863,7.489999771118164,7.489999771118164,6800
2018-01-18,7.489999771118164,7.510000228881836,7.380000114440918,7.489999771118164,7.489999771118164,9900
2018-01-19,7.510000228881836,7.710000038146973,7.460000038146973,7.570000171661377,7.570000171661377,15700
2018-01-22,7.610000133514404,7.679999828338623,7.539999961853027,7.650000095367432,7.650000095367432,6400
2018-01-23,7.619999885559082,7.690000057220459,7.570000171661377,7.659999847412109,7.659999847412109,9300
2018-01-24,7.650000095367432,7.75,7.610000133514404,7.619999885559082,7.619999885559082,14400
2018-01-25,7.369999885559082,7.559999942779541,7.349999904632568,7.389999866485596,7.389999866485596,11000
2018-01-26,7.449999809265137,7.53000020980835,7.389999866485596,7.389999866485596,7.389999866485596,19000
2018-01-29,7.300000190734863,7.349999904632568,7.289999961853027,7.309999942779541,7.309999942779541,21800
2018-01-30,7.230000019073486,7.360000133514404,7.090000152587891,7.300000190734863,7.300000190734863,9600
2018-01-31,7.340000152587891,7.400000095367432,7.28000020980835,7.380000114440918,7.380000114440918,8300
2018-02-01,7.340000152587891,7.480000019073486,7.340000152587891,7.46999979019165,7.46999979019165,44700
2018-02-02,7.400000095367432,7.480000019073486,7.340000152587891,7.480000019073486,7.480000019073486,23200
2018-02-05,7.449999809265137,7.460000038146973,7.269999980926514,7.429999828338623,7.429999828338623,16300
2018-02-06,7.260000228881836,7.380000114440918,6.929999828338623,7.099999904632568,7.099999904632568,242300
2018-02-07,7.050000190734863,7.179999828338623,7.0,7.070000171661377,7.070000171661377,112700
2018-02-08,7.050000190734863,7.110000133514404,7.010000228881836,7.070000171661377,7.070000171661377,14100
2018-02-09,7.090000152587891,7.179999828338623,7.039999961853027,7.139999866485596,7.139999866485596,12500
2018-02-12,7.170000076293945,7.25,7.090000152587891,7.230000019073486,7.230000019073486,13500
2018-02-13,7.25,7.340000152587891,7.21999979019165,7.269999980926514,7.269999980926514,24800
2018-02-14,7.190000057220459,7.5,7.190000057220459,7.480000019073486,7.480000019073486,14800
2018-02-15,7.480000019073486,7.53000020980835,7.409999847412109,7.489999771118164,7.489999771118164,5500
2018-02-16,7.420000076293945,7.510000228881836,7.380000114440918,7.460000038146973,7.460000038146973,9300
2018-02-20,7.409999847412109,7.449999809265137,7.409999847412109,7.440000057220459,7.440000057220459,8000
2018-02-21,7.239999771118164,7.519999980926514,7.239999771118164,7.46999979019165,7.46999979019165,16700
2018-02-22,7.460000038146973,7.460000038146973,7.179999828338623,7.289999961853027,7.289999961853027,88300
2018-02-23,7.260000228881836,7.550000190734863,7.239999771118164,7.5,7.5,12600
2018-02-26,7.53000020980835,7.53000020980835,7.389999866485596,7.429999828338623,7.429999828338623,18100
2018-02-27,7.389999866485596,7.389999866485596,7.159999847412109,7.309999942779541,7.309999942779541,104200
2018-02-28,7.320000171661377,7.389999866485596,7.03000020980835,7.159999847412109,7.159999847412109,18600
2018-03-01,7.25,7.400000095367432,7.21999979019165,7.289999961853027,7.289999961853027,28000
2018-03-02,7.230000019073486,7.329999923706055,7.150000095367432,7.300000190734863,7.300000190734863,12100
2018-03-05,7.150000095367432,7.400000095367432,7.150000095367432,7.380000114440918,7.380000114440918,7000
2018-03-06,7.400000095367432,7.440000057220459,7.329999923706055,7.360000133514404,7.360000133514404,8200
2018-03-07,7.329999923706055,7.650000095367432,7.199999809265137,7.590000152587891,7.590000152587891,38400
2018-03-08,7.650000095367432,7.699999809265137,7.559999942779541,7.619999885559082,7.619999885559082,13600
2018-03-09,7.630000114440918,7.71999979019165,7.519999980926514,7.679999828338623,7.679999828338623,17300
2018-03-12,7.679999828338623,7.800000190734863,7.659999847412109,7.75,7.75,25300
2018-03-13,7.829999923706055,7.909999847412109,7.78000020980835,7.809999942779541,7.809999942779541,22700
2018-03-14,7.789999961853027,7.940000057220459,7.739999771118164,7.900000095367432,7.900000095367432,74500
2018-03-15,7.849999904632568,8.010000228881836,7.849999904632568,7.909999847412109,7.909999847412109,15700
2018-03-16,8.25,8.510000228881836,8.0600004196167,8.460000038146973,8.460000038146973,251000
2018-03-19,8.470000267028809,8.65999984741211,8.300000190734863,8.470000267028809,8.470000267028809,81800
2018-03-20,8.529999732971191,8.539999961853027,8.40999984741211,8.510000228881836,8.510000228881836,22100
2018-03-21,8.5,8.800000190734863,8.5,8.789999961853027,8.789999961853027,33600
2018-03-22,8.760000228881836,8.960000038146973,8.720000267028809,8.949999809265137,8.949999809265137,15600
2018-03-23,8.930000305175781,8.930000305175781,8.630000114440918,8.829999923706055,8.829999923706055,11400
2018-03-26,8.890000343322754,9.029999732971191,8.779999732971191,9.020000457763672,9.020000457763672,55300
2018-03-27,9.020000457763672,9.020000457763672,8.510000228881836,8.739999771118164,8.739999771118164,36700
2018-03-28,8.649999618530273,8.850000381469727,8.489999771118164,8.59000015258789,8.59000015258789,36400
2018-03-29,8.630000114440918,9.0600004196167,8.350000381469727,8.739999771118164,8.739999771118164,40100
2018-04-02,8.760000228881836,8.899999618530273,8.680000305175781,8.770000457763672,8.770000457763672,23000
2018-04-03,8.420000076293945,8.770000457763672,8.369999885559082,8.609999656677246,8.609999656677246,26500
2018-04-04,8.600000381469727,8.600000381469727,8.470000267028809,8.5,8.5,6400
2018-04-05,8.550000190734863,8.729999542236328,8.550000190734863,8.630000114440918,8.630000114440918,48100
2018-04-06,8.600000381469727,8.880000114440918,8.449999809265137,8.850000381469727,8.850000381469727,48200
2018-04-09,8.84000015258789,8.899999618530273,8.779999732971191,8.850000381469727,8.850000381469727,6000
2018-04-10,8.880000114440918,9.510000228881836,8.850000381469727,9.4399995803833,9.4399995803833,27600
2018-04-11,9.390000343322754,9.479999542236328,8.65999984741211,9.329999923706055,9.329999923706055,25200
2018-04-12,9.199999809265137,9.479999542236328,9.199999809265137,9.40999984741211,9.40999984741211,28900
2018-04-13,9.430000305175781,9.4399995803833,9.319999694824219,9.430000305175781,9.430000305175781,15800
2018-04-16,9.380000114440918,9.550000190734863,9.279999732971191,9.4399995803833,9.4399995803833,22800
2018-04-17,9.460000038146973,9.460000038146973,9.3100004196167,9.420000076293945,9.420000076293945,27900
2018-04-18,9.369999885559082,9.479999542236328,9.369999885559082,9.4399995803833,9.4399995803833,17400
2018-04-19,9.479999542236328,9.6899995803833,9.430000305175781,9.6899995803833,9.6899995803833,22500
2018-04-20,9.640000343322754,9.899999618530273,9.539999961853027,9.819999694824219,9.819999694824219,35900
2018-04-23,9.8100004196167,9.920000076293945,9.5,9.920000076293945,9.920000076293945,18100
2018-04-24,9.890000343322754,9.90999984741211,9.359999656677246,9.5600004196167,9.5600004196167,46200
2018-04-25,9.529999732971191,9.640000343322754,9.380000114440918,9.420000076293945,9.420000076293945,9000
2018-04-26,9.75,9.75,9.229999542236328,9.229999542236328,9.229999542236328,5700
2018-04-27,9.109999656677246,9.399999618530273,9.0,9.359999656677246,9.359999656677246,4700
2018-04-30,9.350000381469727,9.449999809265137,9.279999732971191,9.289999961853027,9.289999961853027,8300
2018-05-01,9.25,9.350000381469727,8.5600004196167,8.720000267028809,8.720000267028809,43200
2018-05-02,8.770000457763672,8.960000038146973,8.380000114440918,8.75,8.75,62700
2018-05-03,8.75,8.75,8.420000076293945,8.550000190734863,8.550000190734863,7300
2018-05-04,8.569999694824219,8.960000038146973,8.5600004196167,8.819999694824219,8.819999694824219,16600
2018-05-07,8.890000343322754,9.130000114440918,8.779999732971191,8.989999771118164,8.989999771118164,30600
2018-05-08,9.109999656677246,9.25,9.109999656677246,9.25,9.25,17200
2018-05-09,9.25,9.479999542236328,9.050000190734863,9.1899995803833,9.1899995803833,67300
2018-05-10,9.220000267028809,9.649999618530273,9.220000267028809,9.539999961853027,9.539999961853027,45300
2018-05-11,9.5,10.449999809265137,9.270000457763672,10.34000015258789,10.34000015258789,159300
2018-05-14,10.199999809265137,10.390000343322754,9.880000114440918,10.050000190734863,10.050000190734863,80200
2018-05-15,10.0600004196167,10.34000015258789,9.899999618530273,10.069999694824219,10.069999694824219,25100
2018-05-16,10.1899995803833,10.270000457763672,9.859999656677246,9.920000076293945,9.920000076293945,47300
2018-05-17,10.0600004196167,10.15999984741211,9.399999618530273,10.020000457763672,10.020000457763672,48600
2018-05-18,10.079999923706055,10.390000343322754,10.079999923706055,10.300000190734863,10.300000190734863,61400
2018-05-21,10.350000381469727,10.520000457763672,9.989999771118164,10.15999984741211,10.15999984741211,92500
2018-05-22,10.199999809265137,10.300000190734863,10.0600004196167,10.289999961853027,10.289999961853027,44500
2018-05-23,10.220000267028809,10.300000190734863,10.220000267028809,10.279999732971191,10.279999732971191,39000
2018-05-24,10.279999732971191,10.800000190734863,10.220000267028809,10.619999885559082,10.619999885559082,44900
2018-05-25,10.630000114440918,10.720000267028809,10.359999656677246,10.65999984741211,10.65999984741211,24700
2018-05-29,10.520000457763672,10.5600004196167,10.239999771118164,10.449999809265137,10.449999809265137,36100
2018-05-30,10.5600004196167,10.680000305175781,10.430000305175781,10.4399995803833,10.4399995803833,22600
2018-05-31,10.489999771118164,10.779999732971191,10.489999771118164,10.699999809265137,10.699999809265137,127200
2018-06-01,10.890000343322754,11.109999656677246,10.800000190734863,10.899999618530273,10.899999618530273,84100
2018-06-04,11.220000267028809,11.859999656677246,11.140000343322754,11.1899995803833,11.1899995803833,171800
2018-06-05,11.1899995803833,11.609999656677246,10.979999542236328,11.09000015258789,11.09000015258789,63600
2018-06-06,11.100000381469727,11.229999542236328,11.069999694824219,11.069999694824219,11.069999694824219,100700
2018-06-07,11.0600004196167,11.069999694824219,10.800000190734863,11.0,11.0,113000
2018-06-08,10.9399995803833,11.010000228881836,10.800000190734863,10.979999542236328,10.979999542236328,65200
2018-06-11,10.359999656677246,10.699999809265137,10.180000305175781,10.680000305175781,10.680000305175781,179000
2018-06-12,10.670000076293945,10.979999542236328,10.550000190734863,10.640000343322754,10.640000343322754,65700
2018-06-13,10.630000114440918,11.0,10.630000114440918,10.770000457763672,10.770000457763672,62700
2018-06-14,10.760000228881836,10.84000015258789,10.460000038146973,10.699999809265137,10.699999809265137,63000
2018-06-15,10.6899995803833,10.890000343322754,10.449999809265137,10.619999885559082,10.619999885559082,46400
2018-06-18,10.630000114440918,10.670000076293945,10.489999771118164,10.569999694824219,10.569999694824219,65600
2018-06-19,10.569999694824219,10.789999961853027,10.390000343322754,10.529999732971191,10.529999732971191,48300
2018-06-20,10.65999984741211,10.789999961853027,10.460000038146973,10.510000228881836,10.510000228881836,58500
2018-06-21,10.5,10.5,9.819999694824219,9.920000076293945,9.920000076293945,80400
2018-06-22,10.0,10.529999732971191,9.800000190734863,10.25,10.25,1874500
2018-06-25,10.3100004196167,10.729999542236328,10.039999961853027,10.220000267028809,10.220000267028809,237900
2018-06-26,10.239999771118164,10.40999984741211,10.020000457763672,10.279999732971191,10.279999732971191,163100
2018-06-27,10.3100004196167,10.3100004196167,9.8100004196167,9.890000343322754,9.890000343322754,102300
2018-06-28,9.710000038146973,9.789999961853027,9.1899995803833,9.449999809265137,9.449999809265137,128400
2018-06-29,9.449999809265137,9.760000228881836,9.449999809265137,9.720000267028809,9.720000267028809,76800
2018-07-02,9.619999885559082,9.930000305175781,9.600000381469727,9.850000381469727,9.850000381469727,111000
2018-07-03,9.84000015258789,10.119999885559082,9.789999961853027,9.890000343322754,9.890000343322754,27600
2018-07-05,9.850000381469727,10.180000305175781,9.850000381469727,9.979999542236328,9.979999542236328,61100
2018-07-06,9.989999771118164,10.0,9.779999732971191,9.8100004196167,9.8100004196167,61700
2018-07-09,9.869999885559082,10.130000114440918,9.829999923706055,9.899999618530273,9.899999618530273,122900
2018-07-10,9.920000076293945,10.010000228881836,9.739999771118164,9.850000381469727,9.850000381469727,84400
2018-07-11,9.789999961853027,9.899999618530273,9.600000381469727,9.619999885559082,9.619999885559082,78400
2018-07-12,9.649999618530273,9.949999809265137,9.619999885559082,9.920000076293945,9.920000076293945,96600
2018-07-13,9.90999984741211,10.069999694824219,9.789999961853027,10.039999961853027,10.039999961853027,87000
2018-07-16,10.0,10.020000457763672,9.84000015258789,9.960000038146973,9.960000038146973,93600
2018-07-17,9.960000038146973,10.140000343322754,9.920000076293945,9.960000038146973,9.960000038146973,52100
2018-07-18,9.9399995803833,10.199999809265137,9.9399995803833,10.069999694824219,10.069999694824219,49100
2018-07-19,10.180000305175781,10.569999694824219,10.180000305175781,10.479999542236328,10.479999542236328,115400
2018-07-20,10.489999771118164,10.529999732971191,10.119999885559082,10.199999809265137,10.199999809265137,61700
2018-07-23,10.220000267028809,10.350000381469727,10.119999885559082,10.1899995803833,10.1899995803833,70900
2018-07-24,10.25,10.40999984741211,9.979999542236328,10.25,10.25,37100
2018-07-25,10.239999771118164,10.350000381469727,10.09000015258789,10.149999618530273,10.149999618530273,17100
2018-07-26,10.140000343322754,10.239999771118164,9.899999618530273,10.119999885559082,10.119999885559082,29800
2018-07-27,10.119999885559082,10.119999885559082,9.710000038146973,9.90999984741211,9.90999984741211,58800
2018-07-30,9.850000381469727,9.960000038146973,9.460000038146973,9.479999542236328,9.479999542236328,45300
2018-07-31,9.510000228881836,9.84000015258789,9.430000305175781,9.619999885559082,9.619999885559082,47700
2018-08-01,9.630000114440918,9.760000228881836,9.539999961853027,9.720000267028809,9.720000267028809,28200
2018-08-02,9.640000343322754,9.800000190734863,9.619999885559082,9.640000343322754,9.640000343322754,17200
2018-08-03,9.630000114440918,9.75,9.09000015258789,9.119999885559082,9.119999885559082,27400
2018-08-06,9.050000190734863,9.390000343322754,9.050000190734863,9.180000305175781,9.180000305175781,27700
2018-08-07,9.229999542236328,9.390000343322754,9.079999923706055,9.180000305175781,9.180000305175781,35000
2018-08-08,9.180000305175781,9.25,8.880000114440918,9.149999618530273,9.149999618530273,60200
2018-08-09,9.119999885559082,9.59000015258789,9.119999885559082,9.510000228881836,9.510000228881836,53100
2018-08-10,9.569999694824219,10.109999656677246,9.300000190734863,9.899999618530273,9.899999618530273,125000
2018-08-13,9.880000114440918,9.890000343322754,9.229999542236328,9.5,9.5,38000
2018-08-14,9.569999694824219,9.569999694824219,9.430000305175781,9.539999961853027,9.539999961853027,28600
2018-08-15,9.510000228881836,9.510000228881836,8.960000038146973,9.010000228881836,9.010000228881836,37400
2018-08-16,9.029999732971191,9.180000305175781,8.8100004196167,8.989999771118164,8.989999771118164,22400
2018-08-17,8.949999809265137,8.989999771118164,8.649999618530273,8.699999809265137,8.699999809265137,50000
2018-08-20,8.699999809265137,8.800000190734863,8.270000457763672,8.34000015258789,8.34000015258789,113600
2018-08-21,8.369999885559082,8.739999771118164,8.300000190734863,8.670000076293945,8.670000076293945,59100
2018-08-22,8.5,8.75,8.420000076293945,8.489999771118164,8.489999771118164,49900
2018-08-23,8.489999771118164,8.720000267028809,8.4399995803833,8.59000015258789,8.59000015258789,16200
2018-08-24,8.649999618530273,8.649999618530273,8.100000381469727,8.369999885559082,8.369999885559082,61100
2018-08-27,8.369999885559082,8.75,8.329999923706055,8.449999809265137,8.449999809265137,125700
2018-08-28,8.529999732971191,8.65999984741211,8.460000038146973,8.579999923706055,8.579999923706055,24000
2018-08-29,8.59000015258789,8.65999984741211,8.489999771118164,8.550000190734863,8.550000190734863,15800
2018-08-30,8.569999694824219,8.729999542236328,8.510000228881836,8.550000190734863,8.550000190734863,25700
2018-08-31,8.520000457763672,8.670000076293945,8.520000457763672,8.609999656677246,8.609999656677246,12300
2018-09-04,8.59000015258789,8.59000015258789,8.319999694824219,8.369999885559082,8.369999885559082,33800
2018-09-05,8.369999885559082,8.369999885559082,8.0,8.25,8.25,42300
2018-09-06,8.289999961853027,8.449999809265137,7.860000133514404,8.289999961853027,8.289999961853027,67700
2018-09-07,8.25,8.380000114440918,8.020000457763672,8.229999542236328,8.229999542236328,16000
2018-09-10,8.239999771118164,8.880000114440918,8.100000381469727,8.819999694824219,8.819999694824219,75200
2018-09-11,8.770000457763672,8.770000457763672,8.1899995803833,8.25,8.25,25600
2018-09-12,8.239999771118164,8.25,7.849999904632568,7.989999771118164,7.989999771118164,62600
2018-09-13,8.020000457763672,8.420000076293945,7.869999885559082,7.989999771118164,7.989999771118164,31700
2018-09-14,7.989999771118164,8.279999732971191,7.980000019073486,8.140000343322754,8.140000343322754,37600
2018-09-17,8.15999984741211,8.300000190734863,8.0,8.039999961853027,8.039999961853027,21400
2018-09-18,8.039999961853027,8.25,7.829999923706055,7.909999847412109,7.909999847412109,35300
2018-09-19,7.889999866485596,8.430000305175781,7.710000038146973,7.829999923706055,7.829999923706055,408900
2018-09-20,7.820000171661377,8.199999809265137,7.699999809265137,8.140000343322754,8.140000343322754,35000
2018-09-21,8.130000114440918,8.1899995803833,7.840000152587891,7.880000114440918,7.880000114440918,74000
2018-09-24,7.849999904632568,7.849999904632568,7.460000038146973,7.599999904632568,7.599999904632568,37500
2018-09-25,7.610000133514404,7.920000076293945,7.53000020980835,7.599999904632568,7.599999904632568,42300
2018-09-26,7.599999904632568,7.670000076293945,7.489999771118164,7.519999980926514,7.519999980926514,36800
2018-09-27,7.519999980926514,7.519999980926514,7.260000228881836,7.380000114440918,7.380000114440918,24600
2018-09-28,7.349999904632568,7.449999809265137,6.840000152587891,7.400000095367432,7.400000095367432,36900
2018-10-01,7.349999904632568,7.409999847412109,7.21999979019165,7.320000171661377,7.320000171661377,43100
2018-10-02,7.300000190734863,7.510000228881836,7.090000152587891,7.119999885559082,7.119999885559082,41000
2018-10-03,7.130000114440918,7.210000038146973,7.050000190734863,7.119999885559082,7.119999885559082,15700
2018-10-04,7.099999904632568,7.239999771118164,7.0,7.050000190734863,7.050000190734863,22700
2018-10-05,7.050000190734863,7.070000171661377,6.929999828338623,7.039999961853027,7.039999961853027,37400
2018-10-08,7.039999961853027,7.440000057220459,6.980000019073486,6.980000019073486,6.980000019073486,17400
2018-10-09,6.980000019073486,7.300000190734863,6.929999828338623,7.110000133514404,7.110000133514404,26400
2018-10-10,7.099999904632568,7.099999904632568,6.550000190734863,6.849999904632568,6.849999904632568,40100
2018-10-11,6.820000171661377,7.650000095367432,6.5,7.199999809265137,7.199999809265137,31800
2018-10-12,7.300000190734863,7.329999923706055,7.050000190734863,7.079999923706055,7.079999923706055,51500
2018-10-15,7.090000152587891,7.179999828338623,7.010000228881836,7.079999923706055,7.079999923706055,21900
2018-10-16,7.010000228881836,7.25,7.010000228881836,7.25,7.25,21600
2018-10-17,7.239999771118164,7.239999771118164,7.0,7.079999923706055,7.079999923706055,9300
2018-10-18,7.050000190734863,7.150000095367432,7.0,7.070000171661377,7.070000171661377,24700
2018-10-19,7.03000020980835,7.239999771118164,7.03000020980835,7.059999942779541,7.059999942779541,22700
2018-10-22,7.050000190734863,7.170000076293945,7.010000228881836,7.079999923706055,7.079999923706055,12800
2018-10-23,6.989999771118164,7.21999979019165,6.989999771118164,7.019999980926514,7.019999980926514,17400
2018-10-24,7.010000228881836,7.099999904632568,6.880000114440918,7.0,7.0,19900
2018-10-25,7.03000020980835,7.119999885559082,6.920000076293945,7.110000133514404,7.110000133514404,57900
2018-10-26,7.03000020980835,7.300000190734863,7.03000020980835,7.130000114440918,7.130000114440918,39200
2018-10-29,7.210000038146973,7.480000019073486,7.0,7.059999942779541,7.059999942779541,20800
2018-10-30,6.889999866485596,7.239999771118164,6.889999866485596,7.059999942779541,7.059999942779541,18100
2018-10-31,7.130000114440918,7.190000057220459,7.0,7.090000152587891,7.090000152587891,16300
2018-11-01,7.099999904632568,7.489999771118164,7.099999904632568,7.420000076293945,7.420000076293945,42300
2018-11-02,7.429999828338623,7.440000057220459,7.21999979019165,7.21999979019165,7.21999979019165,12700
2018-11-05,7.230000019073486,7.260000228881836,6.889999866485596,7.139999866485596,7.139999866485596,20500
2018-11-06,7.150000095367432,7.670000076293945,7.139999866485596,7.179999828338623,7.179999828338623,13600
2018-11-07,7.059999942779541,7.289999961853027,7.050000190734863,7.25,7.25,16300
2018-11-08,7.210000038146973,7.559999942779541,7.150000095367432,7.409999847412109,7.409999847412109,98300
2018-11-09,7.769999980926514,7.769999980926514,6.650000095367432,6.75,6.75,44600
2018-11-12,6.699999809265137,6.940000057220459,6.559999942779541,6.679999828338623,6.679999828338623,31500
2018-11-13,6.670000076293945,6.960000038146973,6.579999923706055,6.699999809265137,6.699999809265137,14000
2018-11-14,6.739999771118164,7.0,6.5,6.53000020980835,6.53000020980835,19800
2018-11-15,6.489999771118164,6.739999771118164,6.400000095367432,6.5,6.5,14900
2018-11-16,6.440000057220459,6.619999885559082,6.199999809265137,6.309999942779541,6.309999942779541,100100
2018-11-19,6.300000190734863,6.570000171661377,6.199999809265137,6.420000076293945,6.420000076293945,69000
2018-11-20,6.420000076293945,6.829999923706055,6.139999866485596,6.329999923706055,6.329999923706055,48800
2018-11-21,6.340000152587891,6.53000020980835,6.340000152587891,6.53000020980835,6.53000020980835,3800
2018-11-23,6.420000076293945,6.920000076293945,6.170000076293945,6.230000019073486,6.230000019073486,4800
2018-11-26,6.28000020980835,6.5,6.25,6.25,6.25,25100
2018-11-27,6.25,6.409999847412109,6.110000133514404,6.25,6.25,107100
2018-11-28,6.239999771118164,6.409999847412109,6.170000076293945,6.170000076293945,6.170000076293945,19600
2018-11-29,6.179999828338623,6.369999885559082,6.179999828338623,6.300000190734863,6.300000190734863,18500
2018-11-30,6.25,6.340000152587891,6.150000095367432,6.150000095367432,6.150000095367432,24800
2018-12-03,6.190000057220459,6.369999885559082,6.150000095367432,6.190000057220459,6.190000057220459,26400
2018-12-04,6.199999809265137,6.21999979019165,6.0,6.0,6.0,39300
2018-12-06,5.980000019073486,6.019999980926514,5.679999828338623,5.869999885559082,5.869999885559082,92700
2018-12-07,5.820000171661377,6.010000228881836,5.760000228881836,5.849999904632568,5.849999904632568,290300
2018-12-10,5.849999904632568,5.980000019073486,5.570000171661377,5.75,5.75,32700
2018-12-11,5.849999904632568,6.019999980926514,5.559999942779541,5.599999904632568,5.599999904632568,30600
2018-12-12,5.630000114440918,5.860000133514404,5.340000152587891,5.380000114440918,5.380000114440918,44600
2018-12-13,5.360000133514404,5.590000152587891,5.25,5.300000190734863,5.300000190734863,101600
2018-12-14,5.239999771118164,5.480000019073486,5.110000133514404,5.289999961853027,5.289999961853027,38300
2018-12-17,5.300000190734863,5.78000020980835,5.289999961853027,5.300000190734863,5.300000190734863,21500
2018-12-18,5.360000133514404,5.610000133514404,5.119999885559082,5.139999866485596,5.139999866485596,32200
2018-12-19,5.150000095367432,5.239999771118164,4.909999847412109,5.019999980926514,5.019999980926514,49100
2018-12-20,5.03000020980835,5.28000020980835,4.849999904632568,4.960000038146973,4.960000038146973,253900
2018-12-21,4.960000038146973,5.070000171661377,4.840000152587891,4.889999866485596,4.889999866485596,75500
2018-12-24,4.900000095367432,5.320000171661377,4.900000095367432,5.199999809265137,5.199999809265137,33700
2018-12-26,5.199999809265137,5.25,5.050000190734863,5.159999847412109,5.159999847412109,168100
2018-12-27,5.159999847412109,5.53000020980835,5.0,5.239999771118164,5.239999771118164,150600
2018-12-28,5.300000190734863,5.539999961853027,5.190000057220459,5.190000057220459,5.190000057220459,292000
2018-12-31,5.190000057220459,5.28000020980835,5.0,5.130000114440918,5.130000114440918,240100
2019-01-02,5.110000133514404,5.610000133514404,5.110000133514404,5.599999904632568,5.599999904632568,49900
2019-01-03,5.260000228881836,5.980000019073486,5.0,5.820000171661377,5.820000171661377,52100
2019-01-04,5.869999885559082,6.190000057220459,5.800000190734863,6.159999847412109,6.159999847412109,74800
2019-01-07,6.150000095367432,6.159999847412109,5.900000095367432,6.079999923706055,6.079999923706055,42400
2019-01-08,6.079999923706055,6.25,5.949999809265137,6.070000171661377,6.070000171661377,41700
2019-01-09,6.079999923706055,6.369999885559082,6.070000171661377,6.260000228881836,6.260000228881836,28200
2019-01-10,6.25,6.369999885559082,6.25,6.360000133514404,6.360000133514404,58300
2019-01-11,6.369999885559082,6.409999847412109,6.25,6.349999904632568,6.349999904632568,39300
2019-01-14,6.360000133514404,6.590000152587891,6.199999809265137,6.5,6.5,67400
2019-01-15,6.510000228881836,6.730000019073486,6.46999979019165,6.53000020980835,6.53000020980835,43700
2019-01-16,6.519999980926514,6.739999771118164,6.369999885559082,6.409999847412109,6.409999847412109,46100
2019-01-17,6.409999847412109,6.599999904632568,6.199999809265137,6.309999942779541,6.309999942779541,23700
2019-01-18,6.329999923706055,6.699999809265137,6.320000171661377,6.440000057220459,6.440000057220459,69300
2019-01-22,6.460000038146973,6.489999771118164,5.989999771118164,6.03000020980835,6.03000020980835,43900
2019-01-23,6.03000020980835,6.079999923706055,5.820000171661377,5.989999771118164,5.989999771118164,84000
2019-01-24,5.989999771118164,6.300000190734863,5.989999771118164,6.239999771118164,6.239999771118164,94900
2019-01-25,6.269999980926514,6.269999980926514,5.96999979019165,6.050000190734863,6.050000190734863,58400
2019-01-28,5.989999771118164,6.489999771118164,5.269999980926514,5.960000038146973,5.960000038146973,56500
2019-01-29,5.949999809265137,6.260000228881836,5.360000133514404,5.980000019073486,5.980000019073486,42800
2019-01-30,6.050000190734863,6.28000020980835,5.940000057220459,6.099999904632568,6.099999904632568,43300
2019-01-31,5.860000133514404,6.28000020980835,5.860000133514404,6.090000152587891,6.090000152587891,75400
2019-02-01,6.110000133514404,6.190000057220459,5.960000038146973,5.989999771118164,5.989999771118164,19100
2019-02-04,5.980000019073486,6.300000190734863,5.849999904632568,5.920000076293945,5.920000076293945,24300
2019-02-05,6.329999923706055,6.449999809265137,5.880000114440918,5.900000095367432,5.900000095367432,27300
2019-02-06,5.900000095367432,6.199999809265137,5.460000038146973,5.75,5.75,54200
2019-02-07,5.75,6.010000228881836,5.539999961853027,5.800000190734863,5.800000190734863,33900
2019-02-08,5.78000020980835,5.960000038146973,5.78000020980835,5.929999828338623,5.929999828338623,30700
2019-02-11,5.889999866485596,5.900000095367432,5.409999847412109,5.840000152587891,5.840000152587891,34400
2019-02-12,5.630000114440918,6.099999904632568,5.630000114440918,6.099999904632568,6.099999904632568,30400
2019-02-13,6.070000171661377,6.210000038146973,6.03000020980835,6.119999885559082,6.119999885559082,26800
2019-02-14,6.079999923706055,6.199999809265137,5.949999809265137,6.119999885559082,6.119999885559082,29500
2019-02-15,6.159999847412109,6.320000171661377,6.119999885559082,6.199999809265137,6.199999809265137,83300
2019-02-19,6.099999904632568,6.269999980926514,6.099999904632568,6.179999828338623,6.179999828338623,49700
2019-02-20,6.170000076293945,6.190000057220459,6.0,6.0,6.0,16500
2019-02-21,6.289999961853027,6.300000190734863,5.960000038146973,6.019999980926514,6.019999980926514,20100
2019-02-22,6.699999809265137,6.699999809265137,5.929999828338623,6.039999961853027,6.039999961853027,29100
2019-02-25,6.019999980926514,6.460000038146973,6.010000228881836,6.21999979019165,6.21999979019165,53800
2019-02-26,6.190000057220459,6.489999771118164,6.079999923706055,6.199999809265137,6.199999809265137,125300
2019-02-27,6.230000019073486,6.519999980926514,6.070000171661377,6.449999809265137,6.449999809265137,69500
2019-02-28,6.380000114440918,6.659999847412109,6.25,6.260000228881836,6.260000228881836,72300
2019-03-01,6.260000228881836,6.369999885559082,6.260000228881836,6.260000228881836,6.260000228881836,28400
2019-03-04,6.329999923706055,6.460000038146973,6.199999809265137,6.199999809265137,6.199999809265137,43700
2019-03-05,6.199999809265137,6.289999961853027,6.099999904632568,6.130000114440918,6.130000114440918,44300
2019-03-06,6.139999866485596,6.28000020980835,6.0,6.079999923706055,6.079999923706055,49100
2019-03-07,5.480000019073486,6.039999961853027,5.480000019073486,5.820000171661377,5.820000171661377,34400
2019-03-08,5.829999923706055,5.96999979019165,5.739999771118164,5.809999942779541,5.809999942779541,32900
2019-03-11,5.809999942779541,5.929999828338623,5.650000095367432,5.929999828338623,5.929999828338623,76200
2019-03-12,5.920000076293945,6.079999923706055,5.71999979019165,5.75,5.75,37100
2019-03-13,5.730000019073486,5.940000057220459,5.630000114440918,5.929999828338623,5.929999828338623,99200
2019-03-14,5.920000076293945,6.03000020980835,5.639999866485596,6.03000020980835,6.03000020980835,71800
2019-03-15,6.010000228881836,6.170000076293945,5.809999942779541,6.119999885559082,6.119999885559082,154000
2019-03-18,6.099999904632568,6.440000057220459,6.039999961853027,6.360000133514404,6.360000133514404,79100
2019-03-19,5.630000114440918,6.28000020980835,5.269999980926514,5.75,5.75,223900
2019-03-20,5.659999847412109,5.78000020980835,5.619999885559082,5.630000114440918,5.630000114440918,87900
2019-03-21,5.570000171661377,5.570000171661377,5.260000228881836,5.360000133514404,5.360000133514404,64500
2019-03-22,5.28000020980835,5.309999942779541,4.78000020980835,5.090000152587891,5.090000152587891,114000
2019-03-25,5.079999923706055,5.190000057220459,4.739999771118164,5.039999961853027,5.039999961853027,88700
2019-03-26,4.900000095367432,5.239999771118164,4.889999866485596,5.170000076293945,5.170000076293945,78200
2019-03-27,5.199999809265137,5.360000133514404,4.989999771118164,5.289999961853027,5.289999961853027,51300
2019-03-28,5.300000190734863,5.570000171661377,5.199999809265137,5.300000190734863,5.300000190734863,122500
2019-03-29,5.320000171661377,5.369999885559082,5.170000076293945,5.210000038146973,5.210000038146973,138000
2019-04-01,5.28000020980835,5.599999904632568,5.28000020980835,5.409999847412109,5.409999847412109,108100
2019-04-02,5.510000228881836,5.510000228881836,5.070000171661377,5.170000076293945,5.170000076293945,53100
2019-04-03,5.210000038146973,5.21999979019165,5.050000190734863,5.119999885559082,5.119999885559082,31200
2019-04-04,5.090000152587891,5.099999904632568,4.880000114440918,5.010000228881836,5.010000228881836,64500
2019-04-05,5.059999942779541,5.150000095367432,4.949999809265137,5.079999923706055,5.079999923706055,64500
2019-04-08,5.079999923706055,5.360000133514404,4.920000076293945,5.190000057220459,5.190000057220459,96400
2019-04-09,5.170000076293945,5.28000020980835,5.010000228881836,5.039999961853027,5.039999961853027,59500
2019-04-10,5.210000038146973,5.210000038146973,5.019999980926514,5.090000152587891,5.090000152587891,31100
2019-04-11,5.079999923706055,5.150000095367432,4.849999904632568,4.909999847412109,4.909999847412109,53500
2019-04-12,4.920000076293945,5.039999961853027,4.730000019073486,4.869999885559082,4.869999885559082,55100
2019-04-15,4.869999885559082,5.03000020980835,4.800000190734863,4.900000095367432,4.900000095367432,58500
2019-04-16,4.96999979019165,4.96999979019165,4.760000228881836,4.760000228881836,4.760000228881836,52200
2019-04-17,4.809999942779541,4.949999809265137,4.800000190734863,4.880000114440918,4.880000114440918,56300
2019-04-18,4.849999904632568,4.940000057220459,4.5,4.659999847412109,4.659999847412109,130100
2019-04-22,4.619999885559082,4.699999809265137,4.400000095367432,4.650000095367432,4.650000095367432,69200
2019-04-23,4.690000057220459,4.929999828338623,4.579999923706055,4.809999942779541,4.809999942779541,214500
2019-04-24,4.849999904632568,5.03000020980835,4.809999942779541,4.880000114440918,4.880000114440918,158700
2019-04-25,4.889999866485596,4.889999866485596,4.659999847412109,4.75,4.75,62000
2019-04-26,4.789999961853027,4.929999828338623,4.559999942779541,4.610000133514404,4.610000133514404,67500
2019-04-29,4.590000152587891,4.769999980926514,4.579999923706055,4.710000038146973,4.710000038146973,32300
2019-04-30,4.730000019073486,4.809999942779541,4.579999923706055,4.619999885559082,4.619999885559082,47500
2019-05-01,4.619999885559082,4.800000190734863,4.570000171661377,4.739999771118164,4.739999771118164,125100
2019-05-02,4.78000020980835,4.78000020980835,4.550000190734863,4.579999923706055,4.579999923706055,27700
2019-05-03,4.590000152587891,4.690000057220459,4.519999980926514,4.679999828338623,4.679999828338623,25600
2019-05-06,4.650000095367432,4.690000057220459,4.559999942779541,4.639999866485596,4.639999866485596,26100
2019-05-07,4.599999904632568,4.619999885559082,4.449999809265137,4.510000228881836,4.510000228881836,48700
2019-05-08,4.5,4.539999961853027,4.460000038146973,4.480000019073486,4.480000019073486,20200
2019-05-09,4.420000076293945,4.53000020980835,4.25,4.46999979019165,4.46999979019165,72000
2019-05-10,4.539999961853027,4.539999961853027,4.139999866485596,4.159999847412109,4.159999847412109,87000
2019-05-13,4.099999904632568,4.099999904632568,3.869999885559082,3.9700000286102295,3.9700000286102295,87000
2019-05-14,4.0,4.340000152587891,3.9200000762939453,4.139999866485596,4.139999866485596,131200
2019-05-15,4.090000152587891,4.260000228881836,3.890000104904175,4.119999885559082,4.119999885559082,76300
2019-05-16,4.179999828338623,4.400000095367432,4.050000190734863,4.099999904632568,4.099999904632568,78800
2019-05-17,4.070000171661377,4.269999980926514,3.9600000381469727,3.9800000190734863,3.9800000190734863,73400
2019-05-20,3.9600000381469727,4.019999980926514,3.859999895095825,3.940000057220459,3.940000057220459,50600
2019-05-21,3.859999895095825,4.230000019073486,3.859999895095825,4.119999885559082,4.119999885559082,84400
2019-05-22,4.079999923706055,4.159999847412109,3.930000066757202,4.03000020980835,4.03000020980835,114200
2019-05-23,4.0,4.210000038146973,3.869999885559082,3.890000104904175,3.890000104904175,63500
2019-05-24,3.940000057220459,4.03000020980835,3.809999942779541,3.9100000858306885,3.9100000858306885,45500
2019-05-28,3.9000000953674316,4.159999847412109,3.9000000953674316,4.019999980926514,4.019999980926514,52300
2019-05-29,3.9700000286102295,3.9700000286102295,3.690000057220459,3.7100000381469727,3.7100000381469727,31700
2019-05-30,3.700000047683716,4.03000020980835,3.5,3.7699999809265137,3.7699999809265137,65900
2019-05-31,3.700000047683716,3.9100000858306885,3.690000057220459,3.75,3.75,39300
2019-06-03,3.759999990463257,3.809999942779541,3.7300000190734863,3.7899999618530273,3.7899999618530273,56200
2019-06-04,3.809999942779541,3.869999885559082,3.609999895095825,3.7699999809265137,3.7699999809265137,62600
2019-06-05,3.75,3.890000104904175,3.640000104904175,3.680000066757202,3.680000066757202,94700
2019-06-06,3.6600000858306885,3.8499999046325684,3.5999999046325684,3.6500000953674316,3.6500000953674316,107100
2019-06-07,3.569999933242798,3.690000057220459,3.549999952316284,3.6500000953674316,3.6500000953674316,34000
2019-06-10,3.690000057220459,3.859999895095825,3.640000104904175,3.7100000381469727,3.7100000381469727,53300
2019-06-11,3.680000066757202,3.759999990463257,3.640000104904175,3.7100000381469727,3.7100000381469727,51700
2019-06-12,3.6700000762939453,3.7100000381469727,3.609999895095825,3.6500000953674316,3.6500000953674316,52700
2019-06-13,3.7799999713897705,4.010000228881836,3.630000114440918,3.930000066757202,3.930000066757202,96900
2019-06-14,3.9000000953674316,4.010000228881836,3.740000009536743,3.7699999809265137,3.7699999809265137,50000
2019-06-17,3.700000047683716,3.7899999618530273,3.6600000858306885,3.700000047683716,3.700000047683716,55600
2019-06-18,3.809999942779541,4.059999942779541,3.7100000381469727,4.019999980926514,4.019999980926514,159400
2019-06-19,4.059999942779541,4.059999942779541,3.930000066757202,3.950000047683716,3.950000047683716,52100
2019-06-20,3.9000000953674316,3.990000009536743,3.759999990463257,3.950000047683716,3.950000047683716,66200
2019-06-21,3.9000000953674316,4.099999904632568,3.8399999141693115,3.869999885559082,3.869999885559082,69300
2019-06-24,3.630000114440918,4.050000190734863,3.630000114440918,3.7799999713897705,3.7799999713897705,78300
2019-06-25,4.010000228881836,4.010000228881836,3.75,3.7899999618530273,3.7899999618530273,37400
2019-06-26,3.700000047683716,3.8399999141693115,3.690000057220459,3.690000057220459,3.690000057220459,81700
2019-06-27,3.690000057220459,3.9800000190734863,3.630000114440918,3.7100000381469727,3.7100000381469727,81400
2019-06-28,3.8299999237060547,4.559999942779541,3.6600000858306885,4.050000190734863,4.050000190734863,1604300
2019-07-01,4.119999885559082,4.489999771118164,4.0,4.110000133514404,4.110000133514404,65100
2019-07-02,4.070000171661377,4.239999771118164,3.859999895095825,3.9000000953674316,3.9000000953674316,49700
2019-07-03,3.880000114440918,4.110000133514404,3.880000114440918,4.039999961853027,4.039999961853027,10500
2019-07-05,4.050000190734863,4.230000019073486,3.890000104904175,4.210000038146973,4.210000038146973,20700
2019-07-08,4.199999809265137,4.199999809265137,3.9800000190734863,4.010000228881836,4.010000228881836,10600
2019-07-09,3.940000057220459,4.079999923706055,3.940000057220459,4.019999980926514,4.019999980926514,13400
2019-07-10,4.03000020980835,4.190000057220459,3.9000000953674316,4.150000095367432,4.150000095367432,46200
2019-07-11,4.159999847412109,4.400000095367432,4.159999847412109,4.380000114440918,4.380000114440918,62900
2019-07-12,4.409999847412109,4.46999979019165,4.320000171661377,4.320000171661377,4.320000171661377,30900
2019-07-15,4.400000095367432,4.510000228881836,4.199999809265137,4.340000152587891,4.340000152587891,54400
2019-07-16,4.349999904632568,4.349999904632568,4.099999904632568,4.099999904632568,4.099999904632568,36900
2019-07-17,4.059999942779541,4.119999885559082,3.799999952316284,3.799999952316284,3.799999952316284,36300
2019-07-18,3.8499999046325684,4.179999828338623,3.7200000286102295,3.7699999809265137,3.7699999809265137,83200
2019-07-19,4.0,4.210000038146973,3.7799999713897705,3.7799999713897705,3.7799999713897705,130400
2019-07-22,3.7799999713897705,3.950000047683716,3.6500000953674316,3.7300000190734863,3.7300000190734863,82400
2019-07-23,3.799999952316284,4.03000020980835,3.619999885559082,3.6500000953674316,3.6500000953674316,105500
2019-07-24,3.7200000286102295,3.8399999141693115,3.559999942779541,3.5999999046325684,3.5999999046325684,80400
2019-07-25,3.6600000858306885,3.7100000381469727,3.4000000953674316,3.4000000953674316,3.4000000953674316,63000
2019-07-26,3.450000047683716,3.5799999237060547,3.319999933242798,3.319999933242798,3.319999933242798,81100
2019-07-29,3.4100000858306885,3.5799999237060547,3.2899999618530273,3.4100000858306885,3.4100000858306885,33100
2019-07-30,3.4100000858306885,3.7200000286102295,3.4000000953674316,3.569999933242798,3.569999933242798,85900
2019-07-31,3.9200000762939453,3.9800000190734863,3.559999942779541,3.680000066757202,3.680000066757202,62400
2019-08-01,3.6500000953674316,3.859999895095825,3.6500000953674316,3.8299999237060547,3.8299999237060547,76600
2019-08-02,4.0,4.0,3.700000047683716,3.7899999618530273,3.7899999618530273,29400
2019-08-05,3.7100000381469727,3.799999952316284,3.509999990463257,3.740000009536743,3.740000009536743,14000
2019-08-06,3.859999895095825,3.859999895095825,3.6700000762939453,3.75,3.75,30200
2019-08-07,3.680000066757202,4.050000190734863,3.5399999618530273,3.7799999713897705,3.7799999713897705,24000
2019-08-08,3.5799999237060547,3.819999933242798,3.5199999809265137,3.7200000286102295,3.7200000286102295,40100
2019-08-09,3.3399999141693115,3.4000000953674316,3.0799999237060547,3.0899999141693115,3.0899999141693115,98600
2019-08-12,3.0299999713897705,3.190000057220459,2.859999895095825,2.9800000190734863,2.9800000190734863,89300
2019-08-13,2.9100000858306885,3.0899999141693115,2.740000009536743,2.8499999046325684,2.8499999046325684,105000
2019-08-14,2.8399999141693115,3.0999999046325684,2.5999999046325684,2.640000104904175,2.640000104904175,43600
2019-08-15,2.6700000762939453,2.690000057220459,2.5,2.549999952316284,2.549999952316284,43100
2019-08-16,2.5999999046325684,2.75,2.549999952316284,2.6600000858306885,2.6600000858306885,38800
2019-08-19,2.6500000953674316,2.859999895095825,2.450000047683716,2.450000047683716,2.450000047683716,87600
2019-08-20,2.369999885559082,2.4100000858306885,2.2300000190734863,2.369999885559082,2.369999885559082,36200
2019-08-21,2.4800000190734863,2.7100000381469727,2.2699999809265137,2.319999933242798,2.319999933242798,37500
2019-08-22,2.380000114440918,2.4200000762939453,2.309999942779541,2.309999942779541,2.309999942779541,22300
2019-08-23,2.380000114440918,2.4000000953674316,2.1500000953674316,2.1500000953674316,2.1500000953674316,57900
2019-08-26,2.200000047683716,2.4800000190734863,2.0399999618530273,2.1700000762939453,2.1700000762939453,49600
2019-08-27,2.2300000190734863,2.2799999713897705,2.0299999713897705,2.0799999237060547,2.0799999237060547,73700
2019-08-28,2.059999942779541,2.2200000286102295,2.0399999618530273,2.069999933242798,2.069999933242798,76500
2019-08-29,2.130000114440918,2.2300000190734863,2.109999895095825,2.119999885559082,2.119999885559082,43700
2019-08-30,2.130000114440918,2.1700000762939453,2.109999895095825,2.130000114440918,2.130000114440918,111700
2019-09-03,2.130000114440918,2.2100000381469727,2.0899999141693115,2.140000104904175,2.140000104904175,144700
2019-09-04,2.1600000858306885,2.1600000858306885,2.049999952316284,2.119999885559082,2.119999885559082,41100
2019-09-05,2.25,2.25,2.140000104904175,2.200000047683716,2.200000047683716,51400
2019-09-06,2.190000057220459,2.3299999237060547,2.130000114440918,2.3299999237060547,2.3299999237060547,33500
2019-09-09,2.369999885559082,2.640000104904175,2.3499999046325684,2.4000000953674316,2.4000000953674316,128500
2019-09-10,2.5899999141693115,2.6700000762939453,2.3499999046325684,2.6700000762939453,2.6700000762939453,39400
2019-09-11,2.6500000953674316,2.6500000953674316,2.390000104904175,2.390000104904175,2.390000104904175,34900
2019-09-12,2.4200000762939453,2.619999885559082,2.4200000762939453,2.4200000762939453,2.4200000762939453,16500
2019-09-13,2.4600000381469727,2.5999999046325684,2.390000104904175,2.5999999046325684,2.5999999046325684,28500
2019-09-16,2.5999999046325684,2.930000066757202,2.4600000381469727,2.930000066757202,2.930000066757202,59600
2019-09-17,2.9000000953674316,2.9000000953674316,2.5,2.5,2.5,62800
2019-09-18,2.569999933242798,2.9800000190734863,2.5,2.509999990463257,2.509999990463257,72500
2019-09-19,2.5399999618530273,2.559999942779541,2.5,2.5,2.5,44100
2019-09-20,2.5199999809265137,2.569999933242798,2.5,2.569999933242798,2.569999933242798,60100
2019-09-23,2.5299999713897705,2.5799999237060547,2.509999990463257,2.5399999618530273,2.5399999618530273,6800
2019-09-24,2.5299999713897705,2.549999952316284,2.4100000858306885,2.4100000858306885,2.4100000858306885,17400
2019-09-25,2.450000047683716,2.559999942779541,2.4200000762939453,2.5,2.5,5100
2019-09-26,2.5,2.569999933242798,2.4100000858306885,2.559999942779541,2.559999942779541,16500
2019-09-27,2.440000057220459,2.7100000381469727,2.440000057220459,2.6600000858306885,2.6600000858306885,18600
2019-09-30,2.450000047683716,2.6600000858306885,2.450000047683716,2.490000009536743,2.490000009536743,10600
2019-10-01,2.4700000286102295,2.6500000953674316,2.4700000286102295,2.549999952316284,2.549999952316284,20200
2019-10-02,2.509999990463257,2.5799999237060547,2.440000057220459,2.569999933242798,2.569999933242798,21200
2019-10-03,2.569999933242798,2.6500000953674316,2.5399999618530273,2.609999895095825,2.609999895095825,12900
2019-10-04,2.6700000762939453,2.680000066757202,2.5899999141693115,2.5999999046325684,2.5999999046325684,6400
2019-10-07,2.5999999046325684,2.700000047683716,2.4600000381469727,2.609999895095825,2.609999895095825,24600
2019-10-08,2.509999990463257,2.640000104904175,2.509999990463257,2.549999952316284,2.549999952316284,38400
2019-10-09,2.5999999046325684,2.5999999046325684,2.4600000381469727,2.4600000381469727,2.4600000381469727,2400
2019-10-10,2.490000009536743,2.5999999046325684,2.4700000286102295,2.549999952316284,2.549999952316284,52100
2019-10-11,2.549999952316284,2.640000104904175,2.5399999618530273,2.619999885559082,2.619999885559082,28600
2019-10-14,2.609999895095825,2.640000104904175,2.559999942779541,2.630000114440918,2.630000114440918,10000
2019-10-15,2.609999895095825,2.680000066757202,2.5799999237060547,2.680000066757202,2.680000066757202,21200
2019-10-16,2.6500000953674316,2.8299999237060547,2.6500000953674316,2.799999952316284,2.799999952316284,79600
2019-10-17,2.8499999046325684,2.869999885559082,2.819999933242798,2.8499999046325684,2.8499999046325684,4800
2019-10-18,2.9200000762939453,3.0,2.9200000762939453,2.9800000190734863,2.9800000190734863,16200
2019-10-21,2.9700000286102295,3.240000009536743,2.9700000286102295,3.009999990463257,3.009999990463257,13500
2019-10-22,2.9700000286102295,3.0199999809265137,2.8399999141693115,2.8399999141693115,2.8399999141693115,8900
2019-10-23,2.8299999237060547,3.0799999237060547,2.8299999237060547,3.0,3.0,20800
2019-10-24,3.0399999618530273,3.380000114440918,2.9700000286102295,3.2200000286102295,3.2200000286102295,64900
2019-10-25,3.109999895095825,3.25,3.109999895095825,3.2300000190734863,3.2300000190734863,19000
2019-10-28,3.299999952316284,3.319999933242798,3.25,3.2799999713897705,3.2799999713897705,4800
2019-10-29,3.2300000190734863,3.359999895095825,3.2200000286102295,3.309999942779541,3.309999942779541,6400
2019-10-30,3.3399999141693115,3.3399999141693115,3.2200000286102295,3.25,3.25,13100
2019-10-31,3.2200000286102295,3.2699999809265137,3.0899999141693115,3.119999885559082,3.119999885559082,191900
2019-11-01,3.140000104904175,3.259999990463257,3.119999885559082,3.259999990463257,3.259999990463257,4900
2019-11-04,3.259999990463257,3.299999952316284,3.25,3.25,3.25,9600
2019-11-05,3.130000114440918,3.2799999713897705,3.130000114440918,3.2799999713897705,3.2799999713897705,9300
2019-11-06,3.1500000953674316,3.4000000953674316,3.119999885559082,3.359999895095825,3.359999895095825,16200
2019-11-07,3.3499999046325684,3.4700000286102295,3.200000047683716,3.25,3.25,7600
2019-11-08,3.2699999809265137,3.309999942779541,3.2100000381469727,3.25,3.25,24800
2019-11-11,3.390000104904175,3.7899999618530273,3.25,3.4000000953674316,3.4000000953674316,143400
2019-11-12,4.079999923706055,4.079999923706055,3.6600000858306885,3.690000057220459,3.690000057220459,44300
2019-11-13,3.7699999809265137,3.7799999713897705,3.4700000286102295,3.5299999713897705,3.5299999713897705,16900
2019-11-14,3.4200000762939453,3.9100000858306885,3.4100000858306885,3.700000047683716,3.700000047683716,16900
2019-11-15,3.8499999046325684,3.859999895095825,3.609999895095825,3.700000047683716,3.700000047683716,18800
2019-11-18,3.799999952316284,3.799999952316284,3.4800000190734863,3.5899999141693115,3.5899999141693115,17500
2019-11-19,3.7200000286102295,3.799999952316284,3.6500000953674316,3.700000047683716,3.700000047683716,128600
2019-11-20,3.799999952316284,3.799999952316284,3.700000047683716,3.7300000190734863,3.7300000190734863,103400
2019-11-21,3.7899999618530273,3.7899999618530273,3.4800000190734863,3.5299999713897705,3.5299999713897705,19000
2019-11-22,3.509999990463257,3.75,3.509999990463257,3.5999999046325684,3.5999999046325684,19100
2019-11-25,3.6500000953674316,3.7200000286102295,3.5999999046325684,3.7100000381469727,3.7100000381469727,27500
2019-11-26,3.740000009536743,3.740000009536743,3.5,3.559999942779541,3.559999942779541,26800
2019-11-27,3.5199999809265137,3.690000057220459,3.4700000286102295,3.6500000953674316,3.6500000953674316,35100
2019-11-29,3.6500000953674316,3.700000047683716,3.6500000953674316,3.680000066757202,3.680000066757202,3200
2019-12-02,3.700000047683716,3.799999952316284,3.700000047683716,3.799999952316284,3.799999952316284,15500
2019-12-03,3.7699999809265137,3.7899999618530273,3.630000114440918,3.690000057220459,3.690000057220459,22600
2019-12-04,3.6700000762939453,4.03000020980835,3.6700000762939453,3.759999990463257,3.759999990463257,111900
2019-12-05,3.759999990463257,3.9000000953674316,3.700000047683716,3.7100000381469727,3.7100000381469727,27800
2019-12-06,3.6500000953674316,3.8299999237060547,3.6500000953674316,3.75,3.75,68800
2019-12-09,3.7799999713897705,4.139999866485596,3.7799999713897705,3.9200000762939453,3.9200000762939453,86100
2019-12-10,3.940000057220459,4.099999904632568,3.940000057220459,3.9700000286102295,3.9700000286102295,60500
2019-12-11,4.039999961853027,4.53000020980835,3.9800000190734863,4.269999980926514,4.269999980926514,98600
2019-12-12,4.329999923706055,4.5,4.090000152587891,4.119999885559082,4.119999885559082,87500
2019-12-13,4.119999885559082,4.199999809265137,3.8499999046325684,3.859999895095825,3.859999895095825,92600
2019-12-16,3.869999885559082,4.170000076293945,3.8499999046325684,3.859999895095825,3.859999895095825,39200
2019-12-17,3.8499999046325684,3.9000000953674316,3.799999952316284,3.8299999237060547,3.8299999237060547,13900
2019-12-18,3.809999942779541,3.9000000953674316,3.809999942779541,3.859999895095825,3.859999895095825,8900
2019-12-19,3.8499999046325684,4.039999961853027,3.7799999713897705,3.950000047683716,3.950000047683716,27100
2019-12-20,3.940000057220459,3.950000047683716,3.7899999618530273,3.809999942779541,3.809999942779541,18700
2019-12-23,3.819999933242798,3.990000009536743,3.799999952316284,3.9000000953674316,3.9000000953674316,21300
2019-12-24,3.9600000381469727,3.9800000190734863,3.809999942779541,3.809999942779541,3.809999942779541,11300
2019-12-26,3.859999895095825,3.990000009536743,3.819999933242798,3.940000057220459,3.940000057220459,11500
2019-12-27,3.9800000190734863,4.099999904632568,3.9000000953674316,3.9100000858306885,3.9100000858306885,39900
2019-12-30,3.9600000381469727,4.050000190734863,3.8399999141693115,3.8399999141693115,3.8399999141693115,156500
2019-12-31,3.859999895095825,4.070000171661377,3.819999933242798,3.819999933242798,3.819999933242798,40700
2020-01-02,3.8499999046325684,3.9600000381469727,3.799999952316284,3.799999952316284,3.799999952316284,43500
2020-01-03,3.799999952316284,3.859999895095825,3.509999990463257,3.5299999713897705,3.5299999713897705,126400
2020-01-06,3.740000009536743,3.9800000190734863,3.6600000858306885,3.819999933242798,3.819999933242798,102600
2020-01-07,3.9000000953674316,4.369999885559082,3.9000000953674316,4.300000190734863,4.300000190734863,145500
2020-01-08,4.429999828338623,4.699999809265137,4.420000076293945,4.559999942779541,4.559999942779541,199500
2020-01-09,4.639999866485596,4.739999771118164,4.53000020980835,4.659999847412109,4.659999847412109,102800
2020-01-10,4.670000076293945,4.940000057220459,4.599999904632568,4.909999847412109,4.909999847412109,71800
2020-01-13,5.010000228881836,5.010000228881836,4.539999961853027,4.679999828338623,4.679999828338623,104000
2020-01-14,4.650000095367432,4.650000095367432,4.349999904632568,4.420000076293945,4.420000076293945,69400
2020-01-15,4.400000095367432,4.650000095367432,4.349999904632568,4.449999809265137,4.449999809265137,40400
2020-01-16,4.5,4.860000133514404,4.5,4.730000019073486,4.730000019073486,58300
2020-01-17,4.829999923706055,4.920000076293945,4.659999847412109,4.710000038146973,4.710000038146973,25100
2020-01-21,4.690000057220459,4.690000057220459,4.269999980926514,4.420000076293945,4.420000076293945,58400
2020-01-22,4.360000133514404,4.510000228881836,4.110000133514404,4.480000019073486,4.480000019073486,35600
2020-01-23,4.460000038146973,4.550000190734863,4.289999961853027,4.289999961853027,4.289999961853027,18600
2020-01-24,4.28000020980835,4.519999980926514,4.28000020980835,4.329999923706055,4.329999923706055,41100
2020-01-27,4.289999961853027,4.380000114440918,4.150000095367432,4.25,4.25,17300
2020-01-28,4.25,4.289999961853027,4.190000057220459,4.239999771118164,4.239999771118164,10600
2020-01-29,4.230000019073486,4.349999904632568,4.170000076293945,4.210000038146973,4.210000038146973,20800
2020-01-30,4.289999961853027,4.320000171661377,4.199999809265137,4.309999942779541,4.309999942779541,16900
2020-01-31,4.25,4.420000076293945,4.25,4.309999942779541,4.309999942779541,29600
2020-02-03,4.420000076293945,4.570000171661377,4.150000095367432,4.159999847412109,4.159999847412109,57000
2020-02-04,4.190000057220459,4.449999809265137,4.190000057220459,4.449999809265137,4.449999809265137,10100
2020-02-05,4.429999828338623,4.670000076293945,4.409999847412109,4.429999828338623,4.429999828338623,35700
2020-02-06,4.46999979019165,4.670000076293945,4.460000038146973,4.550000190734863,4.550000190734863,25600
2020-02-07,4.590000152587891,4.670000076293945,4.489999771118164,4.489999771118164,4.489999771118164,28600
2020-02-10,4.429999828338623,4.610000133514404,4.289999961853027,4.559999942779541,4.559999942779541,17300
2020-02-11,4.679999828338623,4.679999828338623,4.449999809265137,4.510000228881836,4.510000228881836,34500
2020-02-12,4.579999923706055,4.699999809265137,4.510000228881836,4.570000171661377,4.570000171661377,22700
2020-02-13,4.510000228881836,4.510000228881836,4.230000019073486,4.380000114440918,4.380000114440918,27500
2020-02-14,4.320000171661377,4.5,4.320000171661377,4.409999847412109,4.409999847412109,12600
2020-02-18,4.400000095367432,4.489999771118164,4.369999885559082,4.429999828338623,4.429999828338623,18200
2020-02-19,4.380000114440918,4.480000019073486,4.369999885559082,4.440000057220459,4.440000057220459,6100
2020-02-20,4.460000038146973,4.559999942779541,4.380000114440918,4.539999961853027,4.539999961853027,27600
2020-02-21,4.449999809265137,4.599999904632568,4.349999904632568,4.599999904632568,4.599999904632568,21100
2020-02-24,4.579999923706055,4.590000152587891,4.349999904632568,4.420000076293945,4.420000076293945,35200
2020-02-25,4.380000114440918,4.389999866485596,4.03000020980835,4.349999904632568,4.349999904632568,52700
2020-02-26,4.260000228881836,4.269999980926514,3.890000104904175,4.070000171661377,4.070000171661377,9000
2020-02-27,3.8399999141693115,4.0,3.7699999809265137,3.9700000286102295,3.9700000286102295,25200
2020-02-28,3.7100000381469727,3.950000047683716,3.700000047683716,3.759999990463257,3.759999990463257,29400
2020-03-02,3.75,3.799999952316284,3.5899999141693115,3.7899999618530273,3.7899999618530273,14200
2020-03-03,3.7799999713897705,3.9800000190734863,3.5799999237060547,3.930000066757202,3.930000066757202,14100
2020-03-04,3.880000114440918,4.159999847412109,3.8399999141693115,3.890000104904175,3.890000104904175,15100
2020-03-05,3.950000047683716,4.570000171661377,3.640000104904175,3.740000009536743,3.740000009536743,18900
2020-03-06,3.509999990463257,3.640000104904175,3.299999952316284,3.359999895095825,3.359999895095825,23100
2020-03-09,3.2200000286102295,3.299999952316284,2.5399999618530273,2.5399999618530273,2.5399999618530273,42300
2020-03-10,2.559999942779541,2.9800000190734863,2.200000047683716,2.2200000286102295,2.2200000286102295,74100
2020-03-11,2.25,2.450000047683716,2.1600000858306885,2.259999990463257,2.259999990463257,27100
2020-03-12,2.059999942779541,2.2100000381469727,1.8600000143051147,1.9900000095367432,1.9900000095367432,48300
2020-03-13,2.390000104904175,2.8399999141693115,2.390000104904175,2.5399999618530273,2.5399999618530273,100200
2020-03-16,2.359999895095825,2.390000104904175,1.7000000476837158,2.109999895095825,2.109999895095825,37500
2020-03-17,2.200000047683716,2.309999942779541,2.0,2.0999999046325684,2.0999999046325684,27000
2020-03-18,2.059999942779541,2.059999942779541,1.5,1.659999966621399,1.659999966621399,43200
2020-03-19,1.7200000286102295,2.0,1.7000000476837158,2.0,2.0,24700
2020-03-20,2.259999990463257,2.299999952316284,2.049999952316284,2.1500000953674316,2.1500000953674316,33900
2020-03-23,2.069999933242798,2.069999933242798,1.6100000143051147,1.9199999570846558,1.9199999570846558,19000
2020-03-24,1.899999976158142,2.130000114440918,1.899999976158142,2.069999933242798,2.069999933242798,19300
2020-03-25,2.109999895095825,2.25,2.0399999618530273,2.1600000858306885,2.1600000858306885,34800
2020-03-26,2.190000057220459,2.5,2.1600000858306885,2.5,2.5,25200
2020-03-27,2.4100000858306885,2.819999933242798,2.299999952316284,2.440000057220459,2.440000057220459,6500
2020-03-30,2.4700000286102295,2.9600000381469727,2.430000066757202,2.4800000190734863,2.4800000190734863,13200
2020-03-31,2.509999990463257,3.299999952316284,2.509999990463257,3.0,3.0,39300
2020-04-01,2.990000009536743,2.990000009536743,2.630000114440918,2.7899999618530273,2.7899999618530273,13900
2020-04-02,2.8499999046325684,3.0199999809265137,2.8499999046325684,2.9700000286102295,2.9700000286102295,11000
2020-04-03,3.0,3.049999952316284,2.880000114440918,3.049999952316284,3.049999952316284,57900
2020-04-06,3.190000057220459,3.200000047683716,3.049999952316284,3.0899999141693115,3.0899999141693115,12600
2020-04-07,3.25,3.25,3.049999952316284,3.069999933242798,3.069999933242798,35700
2020-04-08,3.0999999046325684,3.1700000762939453,3.0999999046325684,3.130000114440918,3.130000114440918,5300
2020-04-09,3.2300000190734863,3.25,3.119999885559082,3.190000057220459,3.190000057220459,17600
2020-04-13,3.2300000190734863,3.299999952316284,3.2100000381469727,3.299999952316284,3.299999952316284,23400
2020-04-14,3.319999933242798,3.690000057220459,3.2799999713897705,3.369999885559082,3.369999885559082,141500
2020-04-15,3.25,3.319999933242798,3.2100000381469727,3.2300000190734863,3.2300000190734863,18100
2020-04-16,3.299999952316284,3.640000104904175,3.259999990463257,3.3499999046325684,3.3499999046325684,46300
2020-04-17,3.4000000953674316,3.680000066757202,3.4000000953674316,3.4600000381469727,3.4600000381469727,28600
2020-04-20,3.430000066757202,3.5999999046325684,3.430000066757202,3.430000066757202,3.430000066757202,25800
2020-04-21,3.4700000286102295,3.4800000190734863,3.299999952316284,3.369999885559082,3.369999885559082,7000
2020-04-22,3.430000066757202,3.690000057220459,3.430000066757202,3.5199999809265137,3.5199999809265137,956600
2020-04-23,3.619999885559082,3.890000104904175,3.549999952316284,3.869999885559082,3.869999885559082,37000
2020-04-24,3.819999933242798,3.819999933242798,3.5999999046325684,3.7200000286102295,3.7200000286102295,12000
2020-04-27,3.700000047683716,3.859999895095825,3.5899999141693115,3.7200000286102295,3.7200000286102295,20300
2020-04-28,3.890000104904175,4.059999942779541,3.8499999046325684,3.950000047683716,3.950000047683716,25900
2020-04-29,4.050000190734863,4.389999866485596,4.050000190734863,4.21999979019165,4.21999979019165,112800
2020-04-30,4.300000190734863,4.489999771118164,4.110000133514404,4.179999828338623,4.179999828338623,38500
2020-05-01,4.139999866485596,4.340000152587891,4.110000133514404,4.190000057220459,4.190000057220459,53600
2020-05-04,4.190000057220459,4.420000076293945,3.9200000762939453,4.039999961853027,4.039999961853027,35800
2020-05-05,4.099999904632568,4.110000133514404,3.9100000858306885,3.990000009536743,3.990000009536743,17000
2020-05-06,4.070000171661377,4.170000076293945,3.680000066757202,4.090000152587891,4.090000152587891,121400
2020-05-07,4.199999809265137,4.269999980926514,4.099999904632568,4.190000057220459,4.190000057220459,52100
2020-05-08,4.5,5.159999847412109,4.449999809265137,5.159999847412109,5.159999847412109,245400
2020-05-11,5.300000190734863,6.059999942779541,5.239999771118164,5.869999885559082,5.869999885559082,403500
2020-05-12,6.039999961853027,6.179999828338623,5.869999885559082,5.949999809265137,5.949999809265137,576600
2020-05-13,5.849999904632568,6.0,5.550000190734863,5.75,5.75,80100
2020-05-14,5.489999771118164,5.900000095367432,5.210000038146973,5.760000228881836,5.760000228881836,96100
2020-05-15,5.650000095367432,6.400000095367432,5.650000095367432,6.329999923706055,6.329999923706055,275700
2020-05-18,6.440000057220459,6.78000020980835,6.099999904632568,6.289999961853027,6.289999961853027,236600
2020-05-19,6.21999979019165,6.409999847412109,6.130000114440918,6.25,6.25,87300
2020-05-20,6.25,6.440000057220459,6.150000095367432,6.150000095367432,6.150000095367432,115000
2020-05-21,6.070000171661377,6.190000057220459,5.260000228881836,5.409999847412109,5.409999847412109,120700
2020-05-22,5.489999771118164,6.039999961853027,5.489999771118164,5.949999809265137,5.949999809265137,185200
2020-05-26,6.070000171661377,6.349999904632568,5.739999771118164,6.0,6.0,244500
2020-05-27,6.059999942779541,6.079999923706055,5.179999828338623,5.940000057220459,5.940000057220459,214100
2020-05-28,5.949999809265137,5.96999979019165,5.550000190734863,5.78000020980835,5.78000020980835,91800
2020-05-29,5.820000171661377,6.380000114440918,5.699999809265137,5.929999828338623,5.929999828338623,184600
2020-06-01,5.940000057220459,6.099999904632568,5.769999980926514,6.059999942779541,6.059999942779541,168700
2020-06-02,6.179999828338623,6.5,6.130000114440918,6.449999809265137,6.449999809265137,184600
2020-06-03,6.539999961853027,6.659999847412109,6.449999809265137,6.46999979019165,6.46999979019165,200700
2020-06-04,6.5,6.860000133514404,6.309999942779541,6.690000057220459,6.690000057220459,244900
2020-06-05,6.840000152587891,6.849999904632568,6.650000095367432,6.75,6.75,218000
2020-06-08,6.650000095367432,7.170000076293945,6.539999961853027,6.920000076293945,6.920000076293945,308900
2020-06-09,6.880000114440918,7.159999847412109,6.630000114440918,6.96999979019165,6.96999979019165,201100
2020-06-10,7.010000228881836,7.21999979019165,6.75,6.809999942779541,6.809999942779541,149000
2020-06-11,6.519999980926514,6.679999828338623,5.670000076293945,6.019999980926514,6.019999980926514,221500
2020-06-12,6.179999828338623,6.690000057220459,6.179999828338623,6.360000133514404,6.360000133514404,188400
2020-06-15,6.179999828338623,7.090000152587891,5.900000095367432,7.019999980926514,7.019999980926514,725000
2020-06-16,7.21999979019165,7.570000171661377,7.099999904632568,7.5,7.5,592400
2020-06-17,7.489999771118164,8.0,7.449999809265137,7.739999771118164,7.739999771118164,312700
2020-06-18,7.619999885559082,7.849999904632568,7.610000133514404,7.71999979019165,7.71999979019165,235300
2020-06-19,7.860000133514404,8.420000076293945,7.789999961853027,7.829999923706055,7.829999923706055,276000
2020-06-22,7.809999942779541,8.100000381469727,6.659999847412109,7.25,7.25,465500
2020-06-23,7.309999942779541,7.599999904632568,7.289999961853027,7.46999979019165,7.46999979019165,228500
2020-06-24,7.400000095367432,7.670000076293945,7.150000095367432,7.340000152587891,7.340000152587891,209900
2020-06-25,7.329999923706055,7.800000190734863,7.159999847412109,7.230000019073486,7.230000019073486,187400
2020-06-26,7.139999866485596,7.199999809265137,6.659999847412109,6.730000019073486,6.730000019073486,1833800
2020-06-29,6.650000095367432,7.079999923706055,6.460000038146973,7.019999980926514,7.019999980926514,193400
2020-06-30,7.010000228881836,7.010000228881836,6.630000114440918,6.679999828338623,6.679999828338623,233700
2020-07-01,6.659999847412109,6.75,6.369999885559082,6.559999942779541,6.559999942779541,103100
2020-07-02,6.610000133514404,6.75,6.510000228881836,6.75,6.75,97200
2020-07-06,6.860000133514404,6.860000133514404,6.300000190734863,6.610000133514404,6.610000133514404,161300
2020-07-07,6.630000114440918,6.630000114440918,5.940000057220459,6.079999923706055,6.079999923706055,135300
2020-07-08,6.179999828338623,6.239999771118164,5.960000038146973,6.239999771118164,6.239999771118164,70600
2020-07-09,6.230000019073486,6.230000019073486,5.260000228881836,5.760000228881836,5.760000228881836,261000
2020-07-10,5.710000038146973,6.340000152587891,5.510000228881836,6.199999809265137,6.199999809265137,94500
2020-07-13,6.25,6.380000114440918,5.800000190734863,5.800000190734863,5.800000190734863,100100
2020-07-14,5.78000020980835,5.929999828338623,5.590000152587891,5.800000190734863,5.800000190734863,109200
2020-07-15,5.949999809265137,6.230000019073486,5.900000095367432,6.010000228881836,6.010000228881836,102200
2020-07-16,5.960000038146973,6.309999942779541,5.949999809265137,6.28000020980835,6.28000020980835,90100
2020-07-17,6.199999809265137,6.480000019073486,6.190000057220459,6.289999961853027,6.289999961853027,68900
2020-07-20,6.179999828338623,6.630000114440918,6.159999847412109,6.619999885559082,6.619999885559082,114800
2020-07-21,6.630000114440918,7.159999847412109,6.630000114440918,6.699999809265137,6.699999809265137,79300
2020-07-22,6.659999847412109,6.989999771118164,6.610000133514404,6.71999979019165,6.71999979019165,197400
2020-07-23,6.690000057220459,6.989999771118164,6.599999904632568,6.71999979019165,6.71999979019165,52200
2020-07-24,6.849999904632568,6.980000019073486,6.429999828338623,6.800000190734863,6.800000190734863,68200
2020-07-27,6.78000020980835,7.800000190734863,6.78000020980835,7.710000038146973,7.710000038146973,208200
2020-07-28,7.920000076293945,8.050000190734863,7.650000095367432,7.71999979019165,7.71999979019165,151600
2020-07-29,7.71999979019165,8.149999618530273,7.71999979019165,8.0600004196167,8.0600004196167,128900
2020-07-30,7.940000057220459,8.319999694824219,7.849999904632568,8.09000015258789,8.09000015258789,105000
2020-07-31,8.09000015258789,8.25,7.610000133514404,7.929999828338623,7.929999828338623,112800
2020-08-03,8.199999809265137,8.989999771118164,7.809999942779541,8.600000381469727,8.600000381469727,196700
2020-08-04,8.579999923706055,9.3100004196167,8.40999984741211,9.09000015258789,9.09000015258789,274800
2020-08-05,9.350000381469727,9.880000114440918,9.069999694824219,9.640000343322754,9.640000343322754,181400
2020-08-06,9.699999809265137,9.890000343322754,9.0,9.699999809265137,9.699999809265137,250400
2020-08-07,9.5,9.600000381469727,7.599999904632568,8.449999809265137,8.449999809265137,398100
2020-08-10,8.770000457763672,8.850000381469727,8.319999694824219,8.5,8.5,145000
2020-08-11,8.5,8.649999618530273,8.170000076293945,8.329999923706055,8.329999923706055,171900
2020-08-12,8.350000381469727,8.59000015258789,8.109999656677246,8.539999961853027,8.539999961853027,128100
2020-08-13,8.40999984741211,8.609999656677246,8.170000076293945,8.420000076293945,8.420000076293945,169600
2020-08-14,8.3100004196167,8.479999542236328,7.900000095367432,8.279999732971191,8.279999732971191,90000
2020-08-17,8.270000457763672,8.630000114440918,7.710000038146973,7.849999904632568,7.849999904632568,102700
2020-08-18,7.769999980926514,8.1899995803833,7.639999866485596,7.769999980926514,7.769999980926514,138100
2020-08-19,7.730000019073486,7.840000152587891,7.519999980926514,7.71999979019165,7.71999979019165,68600
2020-08-20,7.590000152587891,7.960000038146973,7.53000020980835,7.840000152587891,7.840000152587891,89600
2020-08-21,7.75,8.229999542236328,7.75,8.1899995803833,8.1899995803833,89600
2020-08-24,8.170000076293945,8.59000015258789,8.100000381469727,8.5,8.5,172300
2020-08-25,8.640000343322754,9.539999961853027,8.640000343322754,9.319999694824219,9.319999694824219,290700
2020-08-26,9.399999618530273,9.479999542236328,8.640000343322754,8.699999809265137,8.699999809265137,86100
2020-08-27,8.890000343322754,8.890000343322754,8.199999809265137,8.289999961853027,8.289999961853027,61000
2020-08-28,8.399999618530273,8.649999618530273,8.3100004196167,8.5600004196167,8.5600004196167,53400
2020-08-31,8.600000381469727,8.890000343322754,8.399999618530273,8.449999809265137,8.449999809265137,155900
2020-09-01,8.699999809265137,8.859999656677246,8.569999694824219,8.859999656677246,8.859999656677246,71500
2020-09-02,8.850000381469727,8.880000114440918,8.65999984741211,8.859999656677246,8.859999656677246,76800
2020-09-03,8.779999732971191,8.850000381469727,8.3100004196167,8.369999885559082,8.369999885559082,79500
2020-09-04,8.25,8.539999961853027,7.199999809265137,7.360000133514404,7.360000133514404,204800
2020-09-08,6.980000019073486,7.179999828338623,6.309999942779541,6.769999980926514,6.769999980926514,121800
2020-09-09,6.880000114440918,7.75,6.880000114440918,7.730000019073486,7.730000019073486,89600
2020-09-10,7.820000171661377,8.119999885559082,7.760000228881836,7.880000114440918,7.880000114440918,142900
2020-09-11,7.96999979019165,7.96999979019165,6.940000057220459,7.130000114440918,7.130000114440918,95500
2020-09-14,7.28000020980835,7.380000114440918,6.670000076293945,6.800000190734863,6.800000190734863,102100
2020-09-15,6.940000057220459,6.96999979019165,6.639999866485596,6.699999809265137,6.699999809265137,35100
2020-09-16,6.789999961853027,7.369999885559082,6.730000019073486,7.039999961853027,7.039999961853027,87000
2020-09-17,6.880000114440918,7.28000020980835,6.610000133514404,6.75,6.75,68600
2020-09-18,6.840000152587891,7.070000171661377,6.429999828338623,6.449999809265137,6.449999809265137,237900
2020-09-21,6.340000152587891,6.96999979019165,6.340000152587891,6.840000152587891,6.840000152587891,65900
2020-09-22,6.880000114440918,7.070000171661377,6.53000020980835,6.989999771118164,6.989999771118164,38200
2020-09-23,7.0,7.0,6.099999904632568,6.119999885559082,6.119999885559082,68100
2020-09-24,6.110000133514404,6.289999961853027,5.829999923706055,5.949999809265137,5.949999809265137,89900
2020-09-25,5.929999828338623,6.420000076293945,5.800000190734863,6.349999904632568,6.349999904632568,88200
2020-09-28,6.429999828338623,6.789999961853027,6.269999980926514,6.619999885559082,6.619999885559082,38300
2020-09-29,6.630000114440918,6.639999866485596,6.269999980926514,6.389999866485596,6.389999866485596,232900
2020-09-30,6.53000020980835,6.989999771118164,6.369999885559082,6.690000057220459,6.690000057220459,83700
2020-10-01,6.739999771118164,6.78000020980835,6.409999847412109,6.420000076293945,6.420000076293945,146400
2020-10-02,6.25,6.590000152587891,6.090000152587891,6.349999904632568,6.349999904632568,70800
2020-10-05,6.489999771118164,6.579999923706055,6.289999961853027,6.550000190734863,6.550000190734863,181300
2020-10-06,6.590000152587891,7.190000057220459,6.53000020980835,7.099999904632568,7.099999904632568,91600
2020-10-07,7.170000076293945,7.599999904632568,7.0,7.5,7.5,74700
2020-10-08,7.639999866485596,7.650000095367432,7.150000095367432,7.510000228881836,7.510000228881836,61100
2020-10-09,7.599999904632568,8.229999542236328,7.389999866485596,8.15999984741211,8.15999984741211,95300
2020-10-12,8.270000457763672,8.3100004196167,7.630000114440918,7.860000133514404,7.860000133514404,103500
2020-10-13,7.840000152587891,7.840000152587891,7.690000057220459,7.78000020980835,7.78000020980835,25800
2020-10-14,7.860000133514404,7.860000133514404,7.5,7.590000152587891,7.590000152587891,22200
2020-10-15,7.409999847412109,7.53000020980835,7.400000095367432,7.489999771118164,7.489999771118164,25900
2020-10-16,7.429999828338623,7.489999771118164,7.190000057220459,7.369999885559082,7.369999885559082,114700
2020-10-19,7.460000038146973,7.460000038146973,7.190000057220459,7.210000038146973,7.210000038146973,70400
2020-10-20,7.199999809265137,7.199999809265137,6.590000152587891,6.670000076293945,6.670000076293945,150700
2020-10-21,6.789999961853027,6.889999866485596,6.679999828338623,6.730000019073486,6.730000019073486,44500
2020-10-22,6.690000057220459,6.869999885559082,6.670000076293945,6.800000190734863,6.800000190734863,49000
2020-10-23,6.889999866485596,7.119999885559082,6.659999847412109,7.03000020980835,7.03000020980835,42900
2020-10-26,6.849999904632568,6.940000057220459,6.619999885559082,6.650000095367432,6.650000095367432,67800
2020-10-27,6.699999809265137,7.079999923706055,6.699999809265137,6.949999809265137,6.949999809265137,35400
2020-10-28,6.849999904632568,6.929999828338623,6.320000171661377,6.380000114440918,6.380000114440918,111900
2020-10-29,6.420000076293945,6.639999866485596,6.059999942779541,6.230000019073486,6.230000019073486,77200
2020-10-30,6.150000095367432,6.320000171661377,6.099999904632568,6.199999809265137,6.199999809265137,47600
2020-11-02,6.360000133514404,6.360000133514404,6.079999923706055,6.150000095367432,6.150000095367432,38000
2020-11-03,6.199999809265137,6.480000019073486,6.050000190734863,6.46999979019165,6.46999979019165,49600
2020-11-04,6.309999942779541,6.570000171661377,6.170000076293945,6.349999904632568,6.349999904632568,35200
2020-11-05,6.440000057220459,7.369999885559082,6.360000133514404,7.320000171661377,7.320000171661377,116300
2020-11-06,7.21999979019165,7.21999979019165,6.21999979019165,6.539999961853027,6.539999961853027,86700
2020-11-09,6.519999980926514,7.039999961853027,6.519999980926514,6.639999866485596,6.639999866485596,104100
2020-11-10,6.739999771118164,7.380000114440918,6.690000057220459,6.980000019073486,6.980000019073486,82500
2020-11-11,7.130000114440918,7.130000114440918,6.679999828338623,6.920000076293945,6.920000076293945,47900
2020-11-12,6.909999847412109,6.909999847412109,6.349999904632568,6.449999809265137,6.449999809265137,57700
2020-11-13,6.489999771118164,6.679999828338623,6.460000038146973,6.5,6.5,36600
2020-11-16,6.5,6.860000133514404,6.5,6.860000133514404,6.860000133514404,56800
2020-11-17,6.78000020980835,6.880000114440918,6.489999771118164,6.75,6.75,97000
2020-11-18,6.769999980926514,6.869999885559082,6.400000095367432,6.78000020980835,6.78000020980835,66300
2020-11-19,6.800000190734863,6.800000190734863,6.460000038146973,6.71999979019165,6.71999979019165,60700
2020-11-20,6.599999904632568,6.769999980926514,6.570000171661377,6.71999979019165,6.71999979019165,65500
2020-11-23,6.739999771118164,7.079999923706055,6.699999809265137,6.909999847412109,6.909999847412109,86600
2020-11-24,6.949999809265137,7.300000190734863,6.78000020980835,7.0,7.0,150200
2020-11-25,7.010000228881836,7.150000095367432,6.909999847412109,6.920000076293945,6.920000076293945,51000
2020-11-27,6.989999771118164,7.010000228881836,6.900000095367432,6.960000038146973,6.960000038146973,57400
2020-11-30,6.96999979019165,6.989999771118164,6.710000038146973,6.789999961853027,6.789999961853027,90000
2020-12-01,6.909999847412109,6.929999828338623,6.699999809265137,6.75,6.75,40600
2020-12-02,6.699999809265137,6.75,6.5,6.590000152587891,6.590000152587891,84100
2020-12-03,6.570000171661377,6.619999885559082,6.380000114440918,6.400000095367432,6.400000095367432,70200
2020-12-04,6.380000114440918,6.880000114440918,6.380000114440918,6.570000171661377,6.570000171661377,100100
2020-12-07,6.789999961853027,6.789999961853027,6.380000114440918,6.400000095367432,6.400000095367432,55800
2020-12-08,6.380000114440918,6.429999828338623,6.130000114440918,6.199999809265137,6.199999809265137,179200
2020-12-09,6.21999979019165,6.25,5.860000133514404,5.949999809265137,5.949999809265137,89900
2020-12-10,5.929999828338623,6.090000152587891,5.75,6.0,6.0,77200
2020-12-11,5.940000057220459,6.199999809265137,5.889999866485596,6.03000020980835,6.03000020980835,106800
2020-12-14,6.110000133514404,6.159999847412109,5.96999979019165,6.110000133514404,6.110000133514404,62700
2020-12-15,6.239999771118164,7.28000020980835,6.239999771118164,7.230000019073486,7.230000019073486,219500
2020-12-16,7.099999904632568,7.559999942779541,6.769999980926514,7.25,7.25,160000
2020-12-17,7.25,7.53000020980835,7.090000152587891,7.400000095367432,7.400000095367432,65500
2020-12-18,7.429999828338623,7.869999885559082,7.380000114440918,7.690000057220459,7.690000057220459,214500
2020-12-21,7.420000076293945,7.619999885559082,7.230000019073486,7.389999866485596,7.389999866485596,73100
2020-12-22,7.579999923706055,7.599999904632568,6.889999866485596,6.960000038146973,6.960000038146973,64400
2020-12-23,7.099999904632568,7.179999828338623,6.559999942779541,6.619999885559082,6.619999885559082,73500
2020-12-24,6.75,6.75,6.519999980926514,6.570000171661377,6.570000171661377,29300
2020-12-28,6.769999980926514,6.96999979019165,6.639999866485596,6.78000020980835,6.78000020980835,58900
2020-12-29,6.869999885559082,6.869999885559082,6.5,6.710000038146973,6.710000038146973,35700
2020-12-30,6.639999866485596,6.849999904632568,6.400000095367432,6.579999923706055,6.579999923706055,57900
2020-12-31,6.699999809265137,6.900000095367432,6.570000171661377,6.730000019073486,6.730000019073486,51000
2021-01-04,6.710000038146973,6.760000228881836,6.239999771118164,6.489999771118164,6.489999771118164,50400
2021-01-05,6.489999771118164,6.820000171661377,6.409999847412109,6.610000133514404,6.610000133514404,130400
2021-01-06,6.650000095367432,6.650000095367432,6.309999942779541,6.480000019073486,6.480000019073486,114600
2021-01-07,6.440000057220459,6.840000152587891,6.289999961853027,6.820000171661377,6.820000171661377,95900
2021-01-08,6.78000020980835,7.0,6.619999885559082,6.920000076293945,6.920000076293945,52300
2021-01-11,6.739999771118164,7.110000133514404,6.630000114440918,6.78000020980835,6.78000020980835,47900
2021-01-12,6.849999904632568,7.119999885559082,6.809999942779541,7.079999923706055,7.079999923706055,44500
2021-01-13,7.090000152587891,7.349999904632568,7.010000228881836,7.159999847412109,7.159999847412109,194600
2021-01-14,9.149999618530273,9.600000381469727,8.140000343322754,8.3100004196167,8.3100004196167,456900
2021-01-15,8.40999984741211,8.680000305175781,7.75,8.199999809265137,8.199999809265137,179200
2021-01-19,8.050000190734863,8.239999771118164,7.460000038146973,7.519999980926514,7.519999980926514,198100
2021-01-20,7.860000133514404,8.130000114440918,7.579999923706055,7.699999809265137,7.699999809265137,182100
2021-01-21,7.679999828338623,7.739999771118164,7.440000057220459,7.480000019073486,7.480000019073486,55900
2021-01-22,7.400000095367432,7.840000152587891,7.309999942779541,7.400000095367432,7.400000095367432,104000
2021-01-25,7.329999923706055,7.570000171661377,6.909999847412109,6.960000038146973,6.960000038146973,126900
2021-01-26,7.010000228881836,7.320000171661377,6.699999809265137,6.900000095367432,6.900000095367432,144100
2021-01-27,6.71999979019165,6.889999866485596,6.510000228881836,6.849999904632568,6.849999904632568,92400
2021-01-28,6.849999904632568,6.949999809265137,6.800000190734863,6.940000057220459,6.940000057220459,95500
2021-01-29,6.920000076293945,6.940000057220459,6.760000228881836,6.869999885559082,6.869999885559082,104400
2021-02-01,6.900000095367432,7.380000114440918,6.730000019073486,7.309999942779541,7.309999942779541,118200
2021-02-02,7.409999847412109,7.489999771118164,7.179999828338623,7.389999866485596,7.389999866485596,75100
2021-02-03,7.400000095367432,7.510000228881836,7.269999980926514,7.369999885559082,7.369999885559082,43800
2021-02-04,7.360000133514404,7.5,7.25,7.340000152587891,7.340000152587891,37500
2021-02-05,7.389999866485596,7.440000057220459,7.25,7.409999847412109,7.409999847412109,50700
2021-02-08,7.460000038146973,7.889999866485596,7.460000038146973,7.889999866485596,7.889999866485596,94200
2021-02-09,7.880000114440918,7.989999771118164,7.590000152587891,7.840000152587891,7.840000152587891,43700
2021-02-10,7.869999885559082,7.869999885559082,7.5,7.610000133514404,7.610000133514404,131400
2021-02-11,7.610000133514404,7.820000171661377,7.449999809265137,7.550000190734863,7.550000190734863,56600
2021-02-12,7.460000038146973,7.619999885559082,7.309999942779541,7.510000228881836,7.510000228881836,115200
2021-02-16,7.550000190734863,7.710000038146973,7.389999866485596,7.619999885559082,7.619999885559082,70200
2021-02-17,7.53000020980835,7.659999847412109,7.289999961853027,7.400000095367432,7.400000095367432,92900
2021-02-18,7.309999942779541,7.550000190734863,7.179999828338623,7.360000133514404,7.360000133514404,80900
2021-02-19,7.329999923706055,7.590000152587891,7.329999923706055,7.519999980926514,7.519999980926514,61500
2021-02-22,7.400000095367432,7.869999885559082,7.400000095367432,7.619999885559082,7.619999885559082,43400
2021-02-23,7.599999904632568,7.599999904632568,7.099999904632568,7.449999809265137,7.449999809265137,65700
2021-02-24,7.489999771118164,7.880000114440918,7.449999809265137,7.829999923706055,7.829999923706055,50300
2021-02-25,7.730000019073486,7.800000190734863,7.070000171661377,7.110000133514404,7.110000133514404,148600
2021-02-26,7.210000038146973,7.360000133514404,6.659999847412109,7.019999980926514,7.019999980926514,142500
2021-03-01,7.210000038146973,7.380000114440918,7.210000038146973,7.360000133514404,7.360000133514404,37500
2021-03-02,7.440000057220459,7.550000190734863,7.329999923706055,7.400000095367432,7.400000095367432,61900
2021-03-03,7.349999904632568,7.659999847412109,7.210000038146973,7.449999809265137,7.449999809265137,52100
2021-03-04,7.409999847412109,7.559999942779541,6.730000019073486,6.869999885559082,6.869999885559082,155900
2021-03-05,7.050000190734863,7.400000095367432,6.789999961853027,7.289999961853027,7.289999961853027,107500
2021-03-08,7.320000171661377,7.46999979019165,6.789999961853027,7.329999923706055,7.329999923706055,45400
2021-03-09,7.409999847412109,7.570000171661377,6.989999771118164,7.380000114440918,7.380000114440918,44400
2021-03-10,7.340000152587891,7.659999847412109,7.210000038146973,7.300000190734863,7.300000190734863,59800
2021-03-11,7.460000038146973,7.53000020980835,7.269999980926514,7.519999980926514,7.519999980926514,42900
2021-03-12,7.420000076293945,7.630000114440918,7.28000020980835,7.440000057220459,7.440000057220459,41000
2021-03-15,7.349999904632568,7.409999847412109,7.110000133514404,7.21999979019165,7.21999979019165,78200
2021-03-16,7.28000020980835,7.28000020980835,6.800000190734863,6.840000152587891,6.840000152587891,57400
2021-03-17,6.860000133514404,7.079999923706055,6.119999885559082,6.5,6.5,298600
2021-03-18,6.5,6.539999961853027,6.380000114440918,6.420000076293945,6.420000076293945,122000
2021-03-19,6.360000133514404,6.480000019073486,6.25,6.429999828338623,6.429999828338623,248000
2021-03-22,6.420000076293945,6.940000057220459,6.25,6.710000038146973,6.710000038146973,158700
2021-03-23,6.610000133514404,6.949999809265137,6.570000171661377,6.75,6.75,81500
2021-03-24,6.820000171661377,6.869999885559082,6.710000038146973,6.75,6.75,66700
2021-03-25,6.25,6.460000038146973,6.0,6.409999847412109,6.409999847412109,147300
2021-03-26,6.460000038146973,6.590000152587891,6.130000114440918,6.519999980926514,6.519999980926514,97900
2021-03-29,6.429999828338623,6.849999904632568,6.150000095367432,6.380000114440918,6.380000114440918,237200
2021-03-30,6.329999923706055,6.739999771118164,6.199999809265137,6.610000133514404,6.610000133514404,145200
2021-03-31,6.610000133514404,6.849999904632568,6.599999904632568,6.75,6.75,74300
2021-04-01,6.820000171661377,7.079999923706055,6.670000076293945,7.019999980926514,7.019999980926514,75200
2021-04-05,7.090000152587891,7.090000152587891,6.610000133514404,6.980000019073486,6.980000019073486,93600
2021-04-06,6.920000076293945,7.050000190734863,6.800000190734863,6.980000019073486,6.980000019073486,49100
2021-04-07,6.96999979019165,7.039999961853027,6.789999961853027,6.96999979019165,6.96999979019165,68700
2021-04-08,6.960000038146973,7.03000020980835,6.849999904632568,6.980000019073486,6.980000019073486,156000
2021-04-09,7.0,7.110000133514404,6.929999828338623,7.070000171661377,7.070000171661377,64200
2021-04-12,7.070000171661377,7.079999923706055,6.949999809265137,7.0,7.0,79300
2021-04-13,6.989999771118164,7.179999828338623,6.96999979019165,7.050000190734863,7.050000190734863,38900
2021-04-14,7.099999904632568,7.449999809265137,7.099999904632568,7.25,7.25,129000
2021-04-15,7.25,7.349999904632568,7.0,7.110000133514404,7.110000133514404,88100
2021-04-16,7.230000019073486,7.289999961853027,7.079999923706055,7.25,7.25,58100
2021-04-19,7.300000190734863,7.309999942779541,7.0,7.239999771118164,7.239999771118164,70300
2021-04-20,7.199999809265137,7.269999980926514,6.929999828338623,7.25,7.25,106100
2021-04-21,7.25,7.480000019073486,7.150000095367432,7.28000020980835,7.28000020980835,52700
2021-04-22,7.289999961853027,7.309999942779541,7.170000076293945,7.25,7.25,63400
2021-04-23,7.25,7.300000190734863,7.090000152587891,7.179999828338623,7.179999828338623,71200
2021-04-26,7.210000038146973,7.340000152587891,7.130000114440918,7.25,7.25,49600
2021-04-27,7.28000020980835,7.53000020980835,7.21999979019165,7.429999828338623,7.429999828338623,81600
2021-04-28,7.409999847412109,7.5,7.210000038146973,7.429999828338623,7.429999828338623,71300
2021-04-29,7.519999980926514,7.519999980926514,7.269999980926514,7.380000114440918,7.380000114440918,55200
2021-04-30,7.269999980926514,7.480000019073486,7.130000114440918,7.300000190734863,7.300000190734863,202600
2021-05-03,7.420000076293945,7.5,7.210000038146973,7.239999771118164,7.239999771118164,125700
2021-05-04,7.239999771118164,7.349999904632568,7.199999809265137,7.269999980926514,7.269999980926514,210100
2021-05-05,7.269999980926514,7.400000095367432,6.909999847412109,6.920000076293945,6.920000076293945,91200
2021-05-06,6.829999923706055,6.900000095367432,6.550000190734863,6.840000152587891,6.840000152587891,77200
2021-05-07,6.760000228881836,6.829999923706055,6.159999847412109,6.46999979019165,6.46999979019165,205000
2021-05-10,6.449999809265137,6.75,6.300000190734863,6.679999828338623,6.679999828338623,272800
2021-05-11,6.53000020980835,7.03000020980835,6.460000038146973,6.960000038146973,6.960000038146973,78000
2021-05-12,6.980000019073486,7.050000190734863,6.840000152587891,6.889999866485596,6.889999866485596,99700
2021-05-13,6.889999866485596,7.03000020980835,6.880000114440918,6.929999828338623,6.929999828338623,109700
2021-05-14,7.0,8.0,7.0,7.960000038146973,7.960000038146973,82700
2021-05-17,7.989999771118164,8.270000457763672,7.829999923706055,8.140000343322754,8.140000343322754,113200
2021-05-18,8.199999809265137,8.260000228881836,7.900000095367432,7.909999847412109,7.909999847412109,48800
2021-05-19,7.769999980926514,7.909999847412109,7.570000171661377,7.829999923706055,7.829999923706055,46200
2021-05-20,7.820000171661377,7.920000076293945,7.480000019073486,7.570000171661377,7.570000171661377,52700
2021-05-21,7.659999847412109,7.949999809265137,7.650000095367432,7.829999923706055,7.829999923706055,44800
2021-05-24,7.869999885559082,7.900000095367432,7.690000057220459,7.739999771118164,7.739999771118164,27800
2021-05-25,7.78000020980835,7.849999904632568,7.409999847412109,7.440000057220459,7.440000057220459,67200
2021-05-26,7.420000076293945,7.539999961853027,7.260000228881836,7.360000133514404,7.360000133514404,57500
2021-05-27,7.349999904632568,7.670000076293945,7.349999904632568,7.539999961853027,7.539999961853027,26700
2021-05-28,7.630000114440918,7.679999828338623,7.5,7.53000020980835,7.53000020980835,30200
2021-06-01,7.559999942779541,7.840000152587891,7.559999942779541,7.739999771118164,7.739999771118164,75100
2021-06-02,7.699999809265137,8.079999923706055,7.599999904632568,8.039999961853027,8.039999961853027,58400
2021-06-03,8.0,8.100000381469727,7.650000095367432,8.069999694824219,8.069999694824219,117600
2021-06-04,8.09000015258789,8.350000381469727,8.010000228881836,8.270000457763672,8.270000457763672,59800
2021-06-07,8.109999656677246,8.350000381469727,8.109999656677246,8.3100004196167,8.3100004196167,88800
2021-06-08,8.15999984741211,8.460000038146973,8.15999984741211,8.369999885559082,8.369999885559082,41000
2021-06-09,8.380000114440918,8.470000267028809,7.820000171661377,7.869999885559082,7.869999885559082,72900
2021-06-10,7.980000019073486,8.350000381469727,7.789999961853027,7.920000076293945,7.920000076293945,46800
2021-06-11,7.940000057220459,7.949999809265137,7.829999923706055,7.920000076293945,7.920000076293945,67200
2021-06-14,7.840000152587891,7.849999904632568,7.5,7.539999961853027,7.539999961853027,64500
2021-06-15,7.610000133514404,7.699999809265137,7.46999979019165,7.690000057220459,7.690000057220459,162600
2021-06-16,7.710000038146973,7.849999904632568,7.420000076293945,7.429999828338623,7.429999828338623,105800
2021-06-17,7.369999885559082,7.570000171661377,7.03000020980835,7.289999961853027,7.289999961853027,173900
2021-06-18,7.139999866485596,7.369999885559082,7.070000171661377,7.099999904632568,7.099999904632568,163600
2021-06-21,7.139999866485596,7.340000152587891,7.099999904632568,7.230000019073486,7.230000019073486,204200
2021-06-22,7.199999809265137,7.369999885559082,7.110000133514404,7.230000019073486,7.230000019073486,86900
2021-06-23,7.269999980926514,7.349999904632568,7.21999979019165,7.269999980926514,7.269999980926514,91800
2021-06-24,7.300000190734863,7.769999980926514,7.210000038146973,7.679999828338623,7.679999828338623,117100
2021-06-25,7.710000038146973,7.769999980926514,7.380000114440918,7.630000114440918,7.630000114440918,1912200
2021-06-28,7.659999847412109,7.670000076293945,7.449999809265137,7.489999771118164,7.489999771118164,97300
2021-06-29,7.510000228881836,7.590000152587891,7.349999904632568,7.559999942779541,7.559999942779541,44900
2021-06-30,7.570000171661377,7.630000114440918,7.369999885559082,7.380000114440918,7.380000114440918,677900
